event_id,category_id,event_category,title,start_date,end_date,gndr,age,pv,lv,event_ent_user_cnt,event_user_ratio,event_ent_new_prod_user_cnt,event_ent_new_prod_user_ratio
36277,100067,공연이벤트,노엘 갤러거 하이 플라잉 버즈 내한공연 초대 이벤트,2024-07-15 12:00,2024-07-19 23:59,남,10대이하,441,256,27,10.55,1,3.7
36277,100067,공연이벤트,노엘 갤러거 하이 플라잉 버즈 내한공연 초대 이벤트,2024-07-15 12:00,2024-07-19 23:59,남,20대,1007,694,69,9.94,2,2.9
36277,100067,공연이벤트,노엘 갤러거 하이 플라잉 버즈 내한공연 초대 이벤트,2024-07-15 12:00,2024-07-19 23:59,남,30대,1229,814,65,7.99,1,1.54
36277,100067,공연이벤트,노엘 갤러거 하이 플라잉 버즈 내한공연 초대 이벤트,2024-07-15 12:00,2024-07-19 23:59,남,40대,730,573,32,5.58,0,0.0
36277,100067,공연이벤트,노엘 갤러거 하이 플라잉 버즈 내한공연 초대 이벤트,2024-07-15 12:00,2024-07-19 23:59,남,50대,579,395,32,8.1,1,3.13
36277,100067,공연이벤트,노엘 갤러거 하이 플라잉 버즈 내한공연 초대 이벤트,2024-07-15 12:00,2024-07-19 23:59,남,60대이상,163,110,7,6.36,0,0.0
36277,100067,공연이벤트,노엘 갤러거 하이 플라잉 버즈 내한공연 초대 이벤트,2024-07-15 12:00,2024-07-19 23:59,여,10대이하,783,370,34,9.19,5,14.71
36277,100067,공연이벤트,노엘 갤러거 하이 플라잉 버즈 내한공연 초대 이벤트,2024-07-15 12:00,2024-07-19 23:59,여,20대,2569,1238,165,13.33,12,7.27
36277,100067,공연이벤트,노엘 갤러거 하이 플라잉 버즈 내한공연 초대 이벤트,2024-07-15 12:00,2024-07-19 23:59,여,30대,1997,1242,125,10.06,9,7.2
36277,100067,공연이벤트,노엘 갤러거 하이 플라잉 버즈 내한공연 초대 이벤트,2024-07-15 12:00,2024-07-19 23:59,여,40대,1729,1176,85,7.23,2,2.35
36277,100067,공연이벤트,노엘 갤러거 하이 플라잉 버즈 내한공연 초대 이벤트,2024-07-15 12:00,2024-07-19 23:59,여,50대,923,637,49,7.69,1,2.04
36277,100067,공연이벤트,노엘 갤러거 하이 플라잉 버즈 내한공연 초대 이벤트,2024-07-15 12:00,2024-07-19 23:59,여,60대이상,237,192,4,2.08,0,0.0
36284,100067,공연이벤트,LANY 내한공연 초대 이벤트,2024-07-19 12:00,2024-08-02 23:59,남,10대이하,441,310,26,8.39,0,0.0
36284,100067,공연이벤트,LANY 내한공연 초대 이벤트,2024-07-19 12:00,2024-08-02 23:59,남,20대,1947,1374,128,9.32,1,0.78
36284,100067,공연이벤트,LANY 내한공연 초대 이벤트,2024-07-19 12:00,2024-08-02 23:59,남,30대,2253,1532,152,9.92,2,1.32
36284,100067,공연이벤트,LANY 내한공연 초대 이벤트,2024-07-19 12:00,2024-08-02 23:59,남,40대,1491,1104,60,5.43,1,1.67
36284,100067,공연이벤트,LANY 내한공연 초대 이벤트,2024-07-19 12:00,2024-08-02 23:59,남,50대,1141,747,74,9.91,0,0.0
36284,100067,공연이벤트,LANY 내한공연 초대 이벤트,2024-07-19 12:00,2024-08-02 23:59,남,60대이상,365,258,16,6.2,0,0.0
36284,100067,공연이벤트,LANY 내한공연 초대 이벤트,2024-07-19 12:00,2024-08-02 23:59,여,10대이하,1079,735,80,10.88,0,0.0
36284,100067,공연이벤트,LANY 내한공연 초대 이벤트,2024-07-19 12:00,2024-08-02 23:59,여,20대,4817,2804,444,15.83,6,1.35
36284,100067,공연이벤트,LANY 내한공연 초대 이벤트,2024-07-19 12:00,2024-08-02 23:59,여,30대,4271,2628,399,15.18,2,0.5
36284,100067,공연이벤트,LANY 내한공연 초대 이벤트,2024-07-19 12:00,2024-08-02 23:59,여,40대,3140,2131,197,9.24,5,2.54
36284,100067,공연이벤트,LANY 내한공연 초대 이벤트,2024-07-19 12:00,2024-08-02 23:59,여,50대,1786,1145,91,7.95,0,0.0
36284,100067,공연이벤트,LANY 내한공연 초대 이벤트,2024-07-19 12:00,2024-08-02 23:59,여,60대이상,463,342,14,4.09,0,0.0
36288,100067,공연이벤트,IVE THE 1ST WORLD TOUR 초대 이벤트,2024-07-23 12:00,2024-07-31 23:59,남,10대이하,2534,901,295,32.74,9,3.05
36288,100067,공연이벤트,IVE THE 1ST WORLD TOUR 초대 이벤트,2024-07-23 12:00,2024-07-31 23:59,남,20대,3244,1889,397,21.02,8,2.02
36288,100067,공연이벤트,IVE THE 1ST WORLD TOUR 초대 이벤트,2024-07-23 12:00,2024-07-31 23:59,남,30대,2869,1784,334,18.72,6,1.8
36288,100067,공연이벤트,IVE THE 1ST WORLD TOUR 초대 이벤트,2024-07-23 12:00,2024-07-31 23:59,남,40대,4559,2175,497,22.85,4,0.8
36288,100067,공연이벤트,IVE THE 1ST WORLD TOUR 초대 이벤트,2024-07-23 12:00,2024-07-31 23:59,남,50대,1612,913,168,18.4,1,0.6
36288,100067,공연이벤트,IVE THE 1ST WORLD TOUR 초대 이벤트,2024-07-23 12:00,2024-07-31 23:59,남,60대이상,311,217,29,13.36,0,0.0
36288,100067,공연이벤트,IVE THE 1ST WORLD TOUR 초대 이벤트,2024-07-23 12:00,2024-07-31 23:59,여,10대이하,3624,1625,388,23.88,7,1.8
36288,100067,공연이벤트,IVE THE 1ST WORLD TOUR 초대 이벤트,2024-07-23 12:00,2024-07-31 23:59,여,20대,4817,2946,531,18.02,7,1.32
36288,100067,공연이벤트,IVE THE 1ST WORLD TOUR 초대 이벤트,2024-07-23 12:00,2024-07-31 23:59,여,30대,3809,2370,432,18.23,8,1.85
36288,100067,공연이벤트,IVE THE 1ST WORLD TOUR 초대 이벤트,2024-07-23 12:00,2024-07-31 23:59,여,40대,8402,3720,878,23.6,2,0.23
36288,100067,공연이벤트,IVE THE 1ST WORLD TOUR 초대 이벤트,2024-07-23 12:00,2024-07-31 23:59,여,50대,2009,1123,181,16.12,0,0.0
36288,100067,공연이벤트,IVE THE 1ST WORLD TOUR 초대 이벤트,2024-07-23 12:00,2024-07-31 23:59,여,60대이상,453,312,26,8.33,0,0.0
36293,100067,공연이벤트,라이엇게임즈 VALORANT 챔스 서울 초대 이벤트,2024-07-24 12:00,2024-08-07 23:59,남,10대이하,3208,1525,302,19.8,15,4.97
36293,100067,공연이벤트,라이엇게임즈 VALORANT 챔스 서울 초대 이벤트,2024-07-24 12:00,2024-08-07 23:59,남,20대,3002,1974,237,12.01,3,1.27
36293,100067,공연이벤트,라이엇게임즈 VALORANT 챔스 서울 초대 이벤트,2024-07-24 12:00,2024-08-07 23:59,남,30대,1916,1391,92,6.61,1,1.09
36293,100067,공연이벤트,라이엇게임즈 VALORANT 챔스 서울 초대 이벤트,2024-07-24 12:00,2024-08-07 23:59,남,40대,2376,1342,141,10.51,0,0.0
36293,100067,공연이벤트,라이엇게임즈 VALORANT 챔스 서울 초대 이벤트,2024-07-24 12:00,2024-08-07 23:59,남,50대,1419,770,83,10.78,0,0.0
36293,100067,공연이벤트,라이엇게임즈 VALORANT 챔스 서울 초대 이벤트,2024-07-24 12:00,2024-08-07 23:59,남,60대이상,267,188,15,7.98,0,0.0
36293,100067,공연이벤트,라이엇게임즈 VALORANT 챔스 서울 초대 이벤트,2024-07-24 12:00,2024-08-07 23:59,여,10대이하,1022,586,77,13.14,0,0.0
36293,100067,공연이벤트,라이엇게임즈 VALORANT 챔스 서울 초대 이벤트,2024-07-24 12:00,2024-08-07 23:59,여,20대,2498,1769,165,9.33,0,0.0
36293,100067,공연이벤트,라이엇게임즈 VALORANT 챔스 서울 초대 이벤트,2024-07-24 12:00,2024-08-07 23:59,여,30대,2295,1693,105,6.2,0,0.0
36293,100067,공연이벤트,라이엇게임즈 VALORANT 챔스 서울 초대 이벤트,2024-07-24 12:00,2024-08-07 23:59,여,40대,4444,2484,271,10.91,1,0.37
36293,100067,공연이벤트,라이엇게임즈 VALORANT 챔스 서울 초대 이벤트,2024-07-24 12:00,2024-08-07 23:59,여,50대,1773,1106,107,9.67,1,0.93
36293,100067,공연이벤트,라이엇게임즈 VALORANT 챔스 서울 초대 이벤트,2024-07-24 12:00,2024-08-07 23:59,여,60대이상,433,325,7,2.15,0,0.0
36421,100067,공연이벤트,The Kid LAROI 내한 공연 초대 이벤트,2024-09-23 12:00,2024-10-07 23:59,남,10대이하,522,331,39,11.78,1,2.56
36421,100067,공연이벤트,The Kid LAROI 내한 공연 초대 이벤트,2024-09-23 12:00,2024-10-07 23:59,남,20대,1008,745,61,8.19,0,0.0
36421,100067,공연이벤트,The Kid LAROI 내한 공연 초대 이벤트,2024-09-23 12:00,2024-10-07 23:59,남,30대,1091,772,55,7.12,0,0.0
36421,100067,공연이벤트,The Kid LAROI 내한 공연 초대 이벤트,2024-09-23 12:00,2024-10-07 23:59,남,40대,848,611,33,5.4,0,0.0
36421,100067,공연이벤트,The Kid LAROI 내한 공연 초대 이벤트,2024-09-23 12:00,2024-10-07 23:59,남,50대,513,377,32,8.49,1,3.13
36421,100067,공연이벤트,The Kid LAROI 내한 공연 초대 이벤트,2024-09-23 12:00,2024-10-07 23:59,남,60대이상,122,98,6,6.12,0,0.0
36421,100067,공연이벤트,The Kid LAROI 내한 공연 초대 이벤트,2024-09-23 12:00,2024-10-07 23:59,여,10대이하,763,500,56,11.2,0,0.0
36421,100067,공연이벤트,The Kid LAROI 내한 공연 초대 이벤트,2024-09-23 12:00,2024-10-07 23:59,여,20대,1852,1312,146,11.13,1,0.68
36421,100067,공연이벤트,The Kid LAROI 내한 공연 초대 이벤트,2024-09-23 12:00,2024-10-07 23:59,여,30대,1793,1314,120,9.13,0,0.0
36421,100067,공연이벤트,The Kid LAROI 내한 공연 초대 이벤트,2024-09-23 12:00,2024-10-07 23:59,여,40대,1856,1299,96,7.39,1,1.04
36421,100067,공연이벤트,The Kid LAROI 내한 공연 초대 이벤트,2024-09-23 12:00,2024-10-07 23:59,여,50대,763,583,33,5.66,0,0.0
36421,100067,공연이벤트,The Kid LAROI 내한 공연 초대 이벤트,2024-09-23 12:00,2024-10-07 23:59,여,60대이상,225,177,7,3.95,0,0.0
36427,100067,공연이벤트,Jorja Smith 내한 공연 및 사운드체크 초대 이벤트,2024-09-27 12:00,2024-10-11 23:59,남,10대이하,264,191,23,12.04,2,8.7
36427,100067,공연이벤트,Jorja Smith 내한 공연 및 사운드체크 초대 이벤트,2024-09-27 12:00,2024-10-11 23:59,남,20대,852,674,55,8.16,1,1.82
36427,100067,공연이벤트,Jorja Smith 내한 공연 및 사운드체크 초대 이벤트,2024-09-27 12:00,2024-10-11 23:59,남,30대,1229,861,97,11.27,0,0.0
36427,100067,공연이벤트,Jorja Smith 내한 공연 및 사운드체크 초대 이벤트,2024-09-27 12:00,2024-10-11 23:59,남,40대,862,642,54,8.41,0,0.0
36427,100067,공연이벤트,Jorja Smith 내한 공연 및 사운드체크 초대 이벤트,2024-09-27 12:00,2024-10-11 23:59,남,50대,440,358,21,5.87,0,0.0
36427,100067,공연이벤트,Jorja Smith 내한 공연 및 사운드체크 초대 이벤트,2024-09-27 12:00,2024-10-11 23:59,남,60대이상,143,117,5,4.27,0,0.0
36427,100067,공연이벤트,Jorja Smith 내한 공연 및 사운드체크 초대 이벤트,2024-09-27 12:00,2024-10-11 23:59,여,10대이하,534,401,41,10.22,1,2.44
36427,100067,공연이벤트,Jorja Smith 내한 공연 및 사운드체크 초대 이벤트,2024-09-27 12:00,2024-10-11 23:59,여,20대,1601,1162,103,8.86,2,1.94
36427,100067,공연이벤트,Jorja Smith 내한 공연 및 사운드체크 초대 이벤트,2024-09-27 12:00,2024-10-11 23:59,여,30대,1740,1267,129,10.18,0,0.0
36427,100067,공연이벤트,Jorja Smith 내한 공연 및 사운드체크 초대 이벤트,2024-09-27 12:00,2024-10-11 23:59,여,40대,1378,1055,65,6.16,1,1.54
36427,100067,공연이벤트,Jorja Smith 내한 공연 및 사운드체크 초대 이벤트,2024-09-27 12:00,2024-10-11 23:59,여,50대,745,571,35,6.13,0,0.0
36427,100067,공연이벤트,Jorja Smith 내한 공연 및 사운드체크 초대 이벤트,2024-09-27 12:00,2024-10-11 23:59,여,60대이상,232,185,8,4.32,0,0.0
36434,100067,공연이벤트,아일릿 쇼케이스 초대 이벤트,2024-10-02 12:00,2024-10-14 23:59,남,10대이하,1622,685,204,29.78,8,3.92
36434,100067,공연이벤트,아일릿 쇼케이스 초대 이벤트,2024-10-02 12:00,2024-10-14 23:59,남,20대,2801,1524,288,18.9,8,2.78
36434,100067,공연이벤트,아일릿 쇼케이스 초대 이벤트,2024-10-02 12:00,2024-10-14 23:59,남,30대,2009,1322,138,10.44,2,1.45
36434,100067,공연이벤트,아일릿 쇼케이스 초대 이벤트,2024-10-02 12:00,2024-10-14 23:59,남,40대,2027,1249,125,10.01,0,0.0
36434,100067,공연이벤트,아일릿 쇼케이스 초대 이벤트,2024-10-02 12:00,2024-10-14 23:59,남,50대,1110,698,78,11.17,1,1.28
36434,100067,공연이벤트,아일릿 쇼케이스 초대 이벤트,2024-10-02 12:00,2024-10-14 23:59,남,60대이상,213,165,7,4.24,1,14.29
36434,100067,공연이벤트,아일릿 쇼케이스 초대 이벤트,2024-10-02 12:00,2024-10-14 23:59,여,10대이하,3978,1828,423,23.14,14,3.31
36434,100067,공연이벤트,아일릿 쇼케이스 초대 이벤트,2024-10-02 12:00,2024-10-14 23:59,여,20대,5351,3095,534,17.25,20,3.75
36434,100067,공연이벤트,아일릿 쇼케이스 초대 이벤트,2024-10-02 12:00,2024-10-14 23:59,여,30대,2473,1839,123,6.69,1,0.81
36434,100067,공연이벤트,아일릿 쇼케이스 초대 이벤트,2024-10-02 12:00,2024-10-14 23:59,여,40대,3666,2331,237,10.17,0,0.0
36434,100067,공연이벤트,아일릿 쇼케이스 초대 이벤트,2024-10-02 12:00,2024-10-14 23:59,여,50대,1451,964,98,10.17,2,2.04
36434,100067,공연이벤트,아일릿 쇼케이스 초대 이벤트,2024-10-02 12:00,2024-10-14 23:59,여,60대이상,362,292,11,3.77,0,0.0
36438,100067,공연이벤트,죠지 콘서트 초대 이벤트,2024-10-02 12:00,2024-10-11 23:59,남,10대이하,420,277,27,9.75,0,0.0
36438,100067,공연이벤트,죠지 콘서트 초대 이벤트,2024-10-02 12:00,2024-10-11 23:59,남,20대,1344,969,86,8.88,3,3.49
36438,100067,공연이벤트,죠지 콘서트 초대 이벤트,2024-10-02 12:00,2024-10-11 23:59,남,30대,1510,1024,111,10.84,1,0.9
36438,100067,공연이벤트,죠지 콘서트 초대 이벤트,2024-10-02 12:00,2024-10-11 23:59,남,40대,993,730,44,6.03,0,0.0
36438,100067,공연이벤트,죠지 콘서트 초대 이벤트,2024-10-02 12:00,2024-10-11 23:59,남,50대,695,470,44,9.36,0,0.0
36438,100067,공연이벤트,죠지 콘서트 초대 이벤트,2024-10-02 12:00,2024-10-11 23:59,남,60대이상,204,146,9,6.16,0,0.0
36438,100067,공연이벤트,죠지 콘서트 초대 이벤트,2024-10-02 12:00,2024-10-11 23:59,여,10대이하,1235,711,103,14.49,4,3.88
36438,100067,공연이벤트,죠지 콘서트 초대 이벤트,2024-10-02 12:00,2024-10-11 23:59,여,20대,3648,2170,409,18.85,7,1.71
36438,100067,공연이벤트,죠지 콘서트 초대 이벤트,2024-10-02 12:00,2024-10-11 23:59,여,30대,3371,1985,321,16.17,3,0.93
36438,100067,공연이벤트,죠지 콘서트 초대 이벤트,2024-10-02 12:00,2024-10-11 23:59,여,40대,2193,1546,117,7.57,0,0.0
36438,100067,공연이벤트,죠지 콘서트 초대 이벤트,2024-10-02 12:00,2024-10-11 23:59,여,50대,1085,732,76,10.38,1,1.32
36438,100067,공연이벤트,죠지 콘서트 초대 이벤트,2024-10-02 12:00,2024-10-11 23:59,여,60대이상,322,243,15,6.17,1,6.67
36484,100067,공연이벤트,영화 글레디에이터2 초대 이벤트,2024-10-25 12:00,2024-11-01 23:59,남,10대이하,313,174,39,22.41,0,0.0
36484,100067,공연이벤트,영화 글레디에이터2 초대 이벤트,2024-10-25 12:00,2024-11-01 23:59,남,20대,1250,749,150,20.03,3,2.0
36484,100067,공연이벤트,영화 글레디에이터2 초대 이벤트,2024-10-25 12:00,2024-11-01 23:59,남,30대,2317,1262,315,24.96,1,0.32
36484,100067,공연이벤트,영화 글레디에이터2 초대 이벤트,2024-10-25 12:00,2024-11-01 23:59,남,40대,2193,1250,280,22.4,1,0.36
36484,100067,공연이벤트,영화 글레디에이터2 초대 이벤트,2024-10-25 12:00,2024-11-01 23:59,남,50대,1020,535,136,25.42,0,0.0
36484,100067,공연이벤트,영화 글레디에이터2 초대 이벤트,2024-10-25 12:00,2024-11-01 23:59,남,60대이상,367,194,36,18.56,0,0.0
36484,100067,공연이벤트,영화 글레디에이터2 초대 이벤트,2024-10-25 12:00,2024-11-01 23:59,여,10대이하,326,209,32,15.31,0,0.0
36484,100067,공연이벤트,영화 글레디에이터2 초대 이벤트,2024-10-25 12:00,2024-11-01 23:59,여,20대,1727,1065,191,17.93,1,0.52
36484,100067,공연이벤트,영화 글레디에이터2 초대 이벤트,2024-10-25 12:00,2024-11-01 23:59,여,30대,2647,1465,357,24.37,1,0.28
36484,100067,공연이벤트,영화 글레디에이터2 초대 이벤트,2024-10-25 12:00,2024-11-01 23:59,여,40대,3190,1758,384,21.84,1,0.26
36484,100067,공연이벤트,영화 글레디에이터2 초대 이벤트,2024-10-25 12:00,2024-11-01 23:59,여,50대,1519,784,190,24.23,0,0.0
36484,100067,공연이벤트,영화 글레디에이터2 초대 이벤트,2024-10-25 12:00,2024-11-01 23:59,여,60대이상,306,204,30,14.71,0,0.0
36497,100067,공연이벤트,첼리스트 홍진호 콘서트 초대 이벤트,2024-10-28 12:00,2024-11-04 23:59,남,10대이하,73,46,7,15.22,0,0.0
36497,100067,공연이벤트,첼리스트 홍진호 콘서트 초대 이벤트,2024-10-28 12:00,2024-11-04 23:59,남,20대,497,367,37,10.08,1,2.7
36497,100067,공연이벤트,첼리스트 홍진호 콘서트 초대 이벤트,2024-10-28 12:00,2024-11-04 23:59,남,30대,1006,751,63,8.39,1,1.59
36497,100067,공연이벤트,첼리스트 홍진호 콘서트 초대 이벤트,2024-10-28 12:00,2024-11-04 23:59,남,40대,849,585,61,10.43,0,0.0
36497,100067,공연이벤트,첼리스트 홍진호 콘서트 초대 이벤트,2024-10-28 12:00,2024-11-04 23:59,남,50대,525,373,43,11.53,0,0.0
36497,100067,공연이벤트,첼리스트 홍진호 콘서트 초대 이벤트,2024-10-28 12:00,2024-11-04 23:59,남,60대이상,172,128,11,8.59,0,0.0
36497,100067,공연이벤트,첼리스트 홍진호 콘서트 초대 이벤트,2024-10-28 12:00,2024-11-04 23:59,여,10대이하,258,169,23,13.61,0,0.0
36497,100067,공연이벤트,첼리스트 홍진호 콘서트 초대 이벤트,2024-10-28 12:00,2024-11-04 23:59,여,20대,1208,775,109,14.06,2,1.83
36497,100067,공연이벤트,첼리스트 홍진호 콘서트 초대 이벤트,2024-10-28 12:00,2024-11-04 23:59,여,30대,1817,1230,176,14.31,0,0.0
36497,100067,공연이벤트,첼리스트 홍진호 콘서트 초대 이벤트,2024-10-28 12:00,2024-11-04 23:59,여,40대,1846,1171,197,16.82,0,0.0
36497,100067,공연이벤트,첼리스트 홍진호 콘서트 초대 이벤트,2024-10-28 12:00,2024-11-04 23:59,여,50대,1108,693,105,15.15,0,0.0
36497,100067,공연이벤트,첼리스트 홍진호 콘서트 초대 이벤트,2024-10-28 12:00,2024-11-04 23:59,여,60대이상,277,203,16,7.88,0,0.0
36513,100067,공연이벤트,영화 위키드 초대 이벤트,2024-11-04 12:00,2024-11-11 23:59,남,10대이하,357,220,39,17.73,1,2.56
36513,100067,공연이벤트,영화 위키드 초대 이벤트,2024-11-04 12:00,2024-11-11 23:59,남,20대,1237,771,120,15.56,2,1.67
36513,100067,공연이벤트,영화 위키드 초대 이벤트,2024-11-04 12:00,2024-11-11 23:59,남,30대,1772,1056,207,19.6,0,0.0
36513,100067,공연이벤트,영화 위키드 초대 이벤트,2024-11-04 12:00,2024-11-11 23:59,남,40대,1912,1129,221,19.57,2,0.9
36513,100067,공연이벤트,영화 위키드 초대 이벤트,2024-11-04 12:00,2024-11-11 23:59,남,50대,1244,720,132,18.33,1,0.76
36513,100067,공연이벤트,영화 위키드 초대 이벤트,2024-11-04 12:00,2024-11-11 23:59,남,60대이상,341,204,36,17.65,1,2.78
36513,100067,공연이벤트,영화 위키드 초대 이벤트,2024-11-04 12:00,2024-11-11 23:59,여,10대이하,1913,910,253,27.8,4,1.58
36513,100067,공연이벤트,영화 위키드 초대 이벤트,2024-11-04 12:00,2024-11-11 23:59,여,20대,6041,2897,914,31.55,8,0.88
36513,100067,공연이벤트,영화 위키드 초대 이벤트,2024-11-04 12:00,2024-11-11 23:59,여,30대,5553,2727,854,31.32,11,1.29
36513,100067,공연이벤트,영화 위키드 초대 이벤트,2024-11-04 12:00,2024-11-11 23:59,여,40대,4923,2547,683,26.82,3,0.44
36513,100067,공연이벤트,영화 위키드 초대 이벤트,2024-11-04 12:00,2024-11-11 23:59,여,50대,2512,1286,315,24.49,2,0.63
36513,100067,공연이벤트,영화 위키드 초대 이벤트,2024-11-04 12:00,2024-11-11 23:59,여,60대이상,633,356,51,14.33,1,1.96
36529,100067,공연이벤트,Charlie Puth 내한공연 초대 이벤트,2024-11-11 12:00,2024-11-25 23:59,남,10대이하,1963,884,215,24.32,4,1.86
36529,100067,공연이벤트,Charlie Puth 내한공연 초대 이벤트,2024-11-11 12:00,2024-11-25 23:59,남,20대,3771,2198,459,20.88,10,2.18
36529,100067,공연이벤트,Charlie Puth 내한공연 초대 이벤트,2024-11-11 12:00,2024-11-25 23:59,남,30대,3684,1969,439,22.3,3,0.68
36529,100067,공연이벤트,Charlie Puth 내한공연 초대 이벤트,2024-11-11 12:00,2024-11-25 23:59,남,40대,3392,1676,310,18.5,0,0.0
36529,100067,공연이벤트,Charlie Puth 내한공연 초대 이벤트,2024-11-11 12:00,2024-11-25 23:59,남,50대,2208,1160,220,18.97,0,0.0
36529,100067,공연이벤트,Charlie Puth 내한공연 초대 이벤트,2024-11-11 12:00,2024-11-25 23:59,남,60대이상,384,243,40,16.46,0,0.0
36529,100067,공연이벤트,Charlie Puth 내한공연 초대 이벤트,2024-11-11 12:00,2024-11-25 23:59,여,10대이하,4058,2039,441,21.63,9,2.04
36529,100067,공연이벤트,Charlie Puth 내한공연 초대 이벤트,2024-11-11 12:00,2024-11-25 23:59,여,20대,9765,5209,1236,23.73,13,1.05
36529,100067,공연이벤트,Charlie Puth 내한공연 초대 이벤트,2024-11-11 12:00,2024-11-25 23:59,여,30대,8248,4185,1087,25.97,11,1.01
36529,100067,공연이벤트,Charlie Puth 내한공연 초대 이벤트,2024-11-11 12:00,2024-11-25 23:59,여,40대,8497,4198,871,20.75,7,0.8
36529,100067,공연이벤트,Charlie Puth 내한공연 초대 이벤트,2024-11-11 12:00,2024-11-25 23:59,여,50대,3535,1935,376,19.43,1,0.27
36529,100067,공연이벤트,Charlie Puth 내한공연 초대 이벤트,2024-11-11 12:00,2024-11-25 23:59,여,60대이상,686,436,42,9.63,0,0.0
36593,100067,공연이벤트,영화 Piece by Piece 초대 이벤트,2024-12-06 12:00,2024-12-20 23:59,남,10대이하,516,346,47,13.58,0,0.0
36593,100067,공연이벤트,영화 Piece by Piece 초대 이벤트,2024-12-06 12:00,2024-12-20 23:59,남,20대,1083,842,70,8.31,0,0.0
36593,100067,공연이벤트,영화 Piece by Piece 초대 이벤트,2024-12-06 12:00,2024-12-20 23:59,남,30대,1318,942,106,11.25,1,0.94
36593,100067,공연이벤트,영화 Piece by Piece 초대 이벤트,2024-12-06 12:00,2024-12-20 23:59,남,40대,1069,765,74,9.67,0,0.0
36593,100067,공연이벤트,영화 Piece by Piece 초대 이벤트,2024-12-06 12:00,2024-12-20 23:59,남,50대,553,422,36,8.53,1,2.78
36593,100067,공연이벤트,영화 Piece by Piece 초대 이벤트,2024-12-06 12:00,2024-12-20 23:59,남,60대이상,142,114,6,5.26,0,0.0
36593,100067,공연이벤트,영화 Piece by Piece 초대 이벤트,2024-12-06 12:00,2024-12-20 23:59,여,10대이하,608,465,51,10.97,2,3.92
36593,100067,공연이벤트,영화 Piece by Piece 초대 이벤트,2024-12-06 12:00,2024-12-20 23:59,여,20대,1779,1342,152,11.33,3,1.97
36593,100067,공연이벤트,영화 Piece by Piece 초대 이벤트,2024-12-06 12:00,2024-12-20 23:59,여,30대,2053,1496,182,12.17,0,0.0
36593,100067,공연이벤트,영화 Piece by Piece 초대 이벤트,2024-12-06 12:00,2024-12-20 23:59,여,40대,2116,1425,186,13.05,2,1.08
36593,100067,공연이벤트,영화 Piece by Piece 초대 이벤트,2024-12-06 12:00,2024-12-20 23:59,여,50대,937,634,78,12.3,2,2.56
36593,100067,공연이벤트,영화 Piece by Piece 초대 이벤트,2024-12-06 12:00,2024-12-20 23:59,여,60대이상,239,189,8,4.23,0,0.0
36594,100067,공연이벤트,Benson Boone 내한공연 초대 이벤트,2024-12-06 12:00,2024-12-20 23:59,남,10대이하,1276,622,131,21.06,4,3.05
36594,100067,공연이벤트,Benson Boone 내한공연 초대 이벤트,2024-12-06 12:00,2024-12-20 23:59,남,20대,1903,1327,154,11.61,2,1.3
36594,100067,공연이벤트,Benson Boone 내한공연 초대 이벤트,2024-12-06 12:00,2024-12-20 23:59,남,30대,2065,1367,173,12.66,1,0.58
36594,100067,공연이벤트,Benson Boone 내한공연 초대 이벤트,2024-12-06 12:00,2024-12-20 23:59,남,40대,1760,1183,119,10.06,1,0.84
36594,100067,공연이벤트,Benson Boone 내한공연 초대 이벤트,2024-12-06 12:00,2024-12-20 23:59,남,50대,1076,722,75,10.39,1,1.33
36594,100067,공연이벤트,Benson Boone 내한공연 초대 이벤트,2024-12-06 12:00,2024-12-20 23:59,남,60대이상,277,195,11,5.64,0,0.0
36594,100067,공연이벤트,Benson Boone 내한공연 초대 이벤트,2024-12-06 12:00,2024-12-20 23:59,여,10대이하,1972,1185,163,13.76,2,1.23
36594,100067,공연이벤트,Benson Boone 내한공연 초대 이벤트,2024-12-06 12:00,2024-12-20 23:59,여,20대,3996,2644,363,13.73,4,1.1
36594,100067,공연이벤트,Benson Boone 내한공연 초대 이벤트,2024-12-06 12:00,2024-12-20 23:59,여,30대,3765,2336,345,14.77,2,0.58
36594,100067,공연이벤트,Benson Boone 내한공연 초대 이벤트,2024-12-06 12:00,2024-12-20 23:59,여,40대,3980,2523,309,12.25,1,0.32
36594,100067,공연이벤트,Benson Boone 내한공연 초대 이벤트,2024-12-06 12:00,2024-12-20 23:59,여,50대,1683,1123,133,11.84,2,1.5
36594,100067,공연이벤트,Benson Boone 내한공연 초대 이벤트,2024-12-06 12:00,2024-12-20 23:59,여,60대이상,362,282,15,5.32,1,6.67
36596,100067,공연이벤트,Kygo 내한공연 초대 이벤트,2024-12-09 12:00,2024-12-23 23:59,남,10대이하,328,221,21,9.5,2,9.52
36596,100067,공연이벤트,Kygo 내한공연 초대 이벤트,2024-12-09 12:00,2024-12-23 23:59,남,20대,943,688,58,8.43,1,1.72
36596,100067,공연이벤트,Kygo 내한공연 초대 이벤트,2024-12-09 12:00,2024-12-23 23:59,남,30대,1252,797,97,12.17,0,0.0
36596,100067,공연이벤트,Kygo 내한공연 초대 이벤트,2024-12-09 12:00,2024-12-23 23:59,남,40대,739,545,42,7.71,1,2.38
36596,100067,공연이벤트,Kygo 내한공연 초대 이벤트,2024-12-09 12:00,2024-12-23 23:59,남,50대,429,324,17,5.25,0,0.0
36596,100067,공연이벤트,Kygo 내한공연 초대 이벤트,2024-12-09 12:00,2024-12-23 23:59,남,60대이상,138,103,6,5.83,0,0.0
36596,100067,공연이벤트,Kygo 내한공연 초대 이벤트,2024-12-09 12:00,2024-12-23 23:59,여,10대이하,452,359,17,4.74,0,0.0
36596,100067,공연이벤트,Kygo 내한공연 초대 이벤트,2024-12-09 12:00,2024-12-23 23:59,여,20대,1639,1153,135,11.71,2,1.48
36596,100067,공연이벤트,Kygo 내한공연 초대 이벤트,2024-12-09 12:00,2024-12-23 23:59,여,30대,1772,1249,137,10.97,3,2.19
36596,100067,공연이벤트,Kygo 내한공연 초대 이벤트,2024-12-09 12:00,2024-12-23 23:59,여,40대,1501,1101,92,8.36,0,0.0
36596,100067,공연이벤트,Kygo 내한공연 초대 이벤트,2024-12-09 12:00,2024-12-23 23:59,여,50대,780,580,45,7.76,2,4.44
36596,100067,공연이벤트,Kygo 내한공연 초대 이벤트,2024-12-09 12:00,2024-12-23 23:59,여,60대이상,225,193,3,1.55,0,0.0
36625,100067,공연이벤트,BABYMONSTER 1st WORLD TOUR 초대 이벤트,2024-12-20 12:00,2025-01-03 23:59,남,10대이하,1341,601,147,24.46,7,4.76
36625,100067,공연이벤트,BABYMONSTER 1st WORLD TOUR 초대 이벤트,2024-12-20 12:00,2025-01-03 23:59,남,20대,2669,1584,264,16.67,7,2.65
36625,100067,공연이벤트,BABYMONSTER 1st WORLD TOUR 초대 이벤트,2024-12-20 12:00,2025-01-03 23:59,남,30대,2387,1557,193,12.4,0,0.0
36625,100067,공연이벤트,BABYMONSTER 1st WORLD TOUR 초대 이벤트,2024-12-20 12:00,2025-01-03 23:59,남,40대,2541,1493,212,14.2,3,1.42
36625,100067,공연이벤트,BABYMONSTER 1st WORLD TOUR 초대 이벤트,2024-12-20 12:00,2025-01-03 23:59,남,50대,1342,827,114,13.78,2,1.75
36625,100067,공연이벤트,BABYMONSTER 1st WORLD TOUR 초대 이벤트,2024-12-20 12:00,2025-01-03 23:59,남,60대이상,274,205,7,3.41,0,0.0
36625,100067,공연이벤트,BABYMONSTER 1st WORLD TOUR 초대 이벤트,2024-12-20 12:00,2025-01-03 23:59,여,10대이하,3374,1549,383,24.73,12,3.13
36625,100067,공연이벤트,BABYMONSTER 1st WORLD TOUR 초대 이벤트,2024-12-20 12:00,2025-01-03 23:59,여,20대,5446,3157,562,17.8,8,1.42
36625,100067,공연이벤트,BABYMONSTER 1st WORLD TOUR 초대 이벤트,2024-12-20 12:00,2025-01-03 23:59,여,30대,3263,2329,237,10.18,1,0.42
36625,100067,공연이벤트,BABYMONSTER 1st WORLD TOUR 초대 이벤트,2024-12-20 12:00,2025-01-03 23:59,여,40대,4323,2647,325,12.28,5,1.54
36625,100067,공연이벤트,BABYMONSTER 1st WORLD TOUR 초대 이벤트,2024-12-20 12:00,2025-01-03 23:59,여,50대,1841,1134,135,11.9,2,1.48
36625,100067,공연이벤트,BABYMONSTER 1st WORLD TOUR 초대 이벤트,2024-12-20 12:00,2025-01-03 23:59,여,60대이상,484,347,24,6.92,0,0.0
36687,100067,공연이벤트,Yonezu Kenshi 내한공연 초대 이벤트,2025-02-10 12:00,2025-02-24 23:59,남,10대이하,1459,726,106,14.6,2,1.89
36687,100067,공연이벤트,Yonezu Kenshi 내한공연 초대 이벤트,2025-02-10 12:00,2025-02-24 23:59,남,20대,3484,1986,316,15.91,4,1.27
36687,100067,공연이벤트,Yonezu Kenshi 내한공연 초대 이벤트,2025-02-10 12:00,2025-02-24 23:59,남,30대,2842,1641,245,14.93,2,0.82
36687,100067,공연이벤트,Yonezu Kenshi 내한공연 초대 이벤트,2025-02-10 12:00,2025-02-24 23:59,남,40대,1735,1109,94,8.48,1,1.06
36687,100067,공연이벤트,Yonezu Kenshi 내한공연 초대 이벤트,2025-02-10 12:00,2025-02-24 23:59,남,50대,1114,693,69,9.96,1,1.45
36687,100067,공연이벤트,Yonezu Kenshi 내한공연 초대 이벤트,2025-02-10 12:00,2025-02-24 23:59,남,60대이상,241,166,11,6.63,0,0.0
36687,100067,공연이벤트,Yonezu Kenshi 내한공연 초대 이벤트,2025-02-10 12:00,2025-02-24 23:59,여,10대이하,2831,1550,258,16.65,8,3.1
36687,100067,공연이벤트,Yonezu Kenshi 내한공연 초대 이벤트,2025-02-10 12:00,2025-02-24 23:59,여,20대,8174,4293,780,18.17,14,1.79
36687,100067,공연이벤트,Yonezu Kenshi 내한공연 초대 이벤트,2025-02-10 12:00,2025-02-24 23:59,여,30대,5155,2912,457,15.69,5,1.09
36687,100067,공연이벤트,Yonezu Kenshi 내한공연 초대 이벤트,2025-02-10 12:00,2025-02-24 23:59,여,40대,3838,2359,255,10.81,2,0.78
36687,100067,공연이벤트,Yonezu Kenshi 내한공연 초대 이벤트,2025-02-10 12:00,2025-02-24 23:59,여,50대,2036,1212,144,11.88,0,0.0
36687,100067,공연이벤트,Yonezu Kenshi 내한공연 초대 이벤트,2025-02-10 12:00,2025-02-24 23:59,여,60대이상,481,311,20,6.43,0,0.0
36690,100067,공연이벤트,윤딴딴 정규 2집 '반칠십' 쇼케이스 콘서트 초대 이벤트,2025-02-10 12:00,2025-02-21 23:59,남,10대이하,412,302,20,6.62,1,5.0
36690,100067,공연이벤트,윤딴딴 정규 2집 '반칠십' 쇼케이스 콘서트 초대 이벤트,2025-02-10 12:00,2025-02-21 23:59,남,20대,1124,872,57,6.54,5,8.77
36690,100067,공연이벤트,윤딴딴 정규 2집 '반칠십' 쇼케이스 콘서트 초대 이벤트,2025-02-10 12:00,2025-02-21 23:59,남,30대,1338,1011,89,8.8,0,0.0
36690,100067,공연이벤트,윤딴딴 정규 2집 '반칠십' 쇼케이스 콘서트 초대 이벤트,2025-02-10 12:00,2025-02-21 23:59,남,40대,844,671,36,5.37,1,2.78
36690,100067,공연이벤트,윤딴딴 정규 2집 '반칠십' 쇼케이스 콘서트 초대 이벤트,2025-02-10 12:00,2025-02-21 23:59,남,50대,438,384,9,2.34,0,0.0
36690,100067,공연이벤트,윤딴딴 정규 2집 '반칠십' 쇼케이스 콘서트 초대 이벤트,2025-02-10 12:00,2025-02-21 23:59,남,60대이상,157,130,4,3.08,0,0.0
36690,100067,공연이벤트,윤딴딴 정규 2집 '반칠십' 쇼케이스 콘서트 초대 이벤트,2025-02-10 12:00,2025-02-21 23:59,여,10대이하,836,584,65,11.13,2,3.08
36690,100067,공연이벤트,윤딴딴 정규 2집 '반칠십' 쇼케이스 콘서트 초대 이벤트,2025-02-10 12:00,2025-02-21 23:59,여,20대,2225,1535,195,12.7,7,3.59
36690,100067,공연이벤트,윤딴딴 정규 2집 '반칠십' 쇼케이스 콘서트 초대 이벤트,2025-02-10 12:00,2025-02-21 23:59,여,30대,2189,1480,203,13.72,2,0.99
36690,100067,공연이벤트,윤딴딴 정규 2집 '반칠십' 쇼케이스 콘서트 초대 이벤트,2025-02-10 12:00,2025-02-21 23:59,여,40대,1755,1372,70,5.1,2,2.86
36690,100067,공연이벤트,윤딴딴 정규 2집 '반칠십' 쇼케이스 콘서트 초대 이벤트,2025-02-10 12:00,2025-02-21 23:59,여,50대,795,615,31,5.04,1,3.23
36690,100067,공연이벤트,윤딴딴 정규 2집 '반칠십' 쇼케이스 콘서트 초대 이벤트,2025-02-10 12:00,2025-02-21 23:59,여,60대이상,308,249,7,2.81,0,0.0
36775,100067,공연이벤트,CLOSE YOUR EYES 데뷔 쇼케이스 초대 이벤트,2025-03-21 12:00,2025-03-26 23:59,남,10대이하,207,168,6,3.57,0,0.0
36775,100067,공연이벤트,CLOSE YOUR EYES 데뷔 쇼케이스 초대 이벤트,2025-03-21 12:00,2025-03-26 23:59,남,20대,759,567,17,3.0,0,0.0
36775,100067,공연이벤트,CLOSE YOUR EYES 데뷔 쇼케이스 초대 이벤트,2025-03-21 12:00,2025-03-26 23:59,남,30대,716,569,10,1.76,0,0.0
36775,100067,공연이벤트,CLOSE YOUR EYES 데뷔 쇼케이스 초대 이벤트,2025-03-21 12:00,2025-03-26 23:59,남,40대,732,530,26,4.91,0,0.0
36775,100067,공연이벤트,CLOSE YOUR EYES 데뷔 쇼케이스 초대 이벤트,2025-03-21 12:00,2025-03-26 23:59,남,50대,456,329,18,5.47,0,0.0
36775,100067,공연이벤트,CLOSE YOUR EYES 데뷔 쇼케이스 초대 이벤트,2025-03-21 12:00,2025-03-26 23:59,남,60대이상,124,93,4,4.3,0,0.0
36775,100067,공연이벤트,CLOSE YOUR EYES 데뷔 쇼케이스 초대 이벤트,2025-03-21 12:00,2025-03-26 23:59,여,10대이하,1698,804,171,21.27,10,5.85
36775,100067,공연이벤트,CLOSE YOUR EYES 데뷔 쇼케이스 초대 이벤트,2025-03-21 12:00,2025-03-26 23:59,여,20대,2749,1399,236,16.87,14,5.93
36775,100067,공연이벤트,CLOSE YOUR EYES 데뷔 쇼케이스 초대 이벤트,2025-03-21 12:00,2025-03-26 23:59,여,30대,1312,978,58,5.93,3,5.17
36775,100067,공연이벤트,CLOSE YOUR EYES 데뷔 쇼케이스 초대 이벤트,2025-03-21 12:00,2025-03-26 23:59,여,40대,1605,1085,68,6.27,1,1.47
36775,100067,공연이벤트,CLOSE YOUR EYES 데뷔 쇼케이스 초대 이벤트,2025-03-21 12:00,2025-03-26 23:59,여,50대,641,489,29,5.93,1,3.45
36775,100067,공연이벤트,CLOSE YOUR EYES 데뷔 쇼케이스 초대 이벤트,2025-03-21 12:00,2025-03-26 23:59,여,60대이상,164,145,2,1.38,0,0.0
36945,100067,공연이벤트,WINNER 콘서트 초대 이벤트,2025-06-04 12:00,2025-06-18 23:59,남,10대이하,779,525,56,10.67,0,0.0
36945,100067,공연이벤트,WINNER 콘서트 초대 이벤트,2025-06-04 12:00,2025-06-18 23:59,남,20대,2220,1496,215,14.37,6,2.79
36945,100067,공연이벤트,WINNER 콘서트 초대 이벤트,2025-06-04 12:00,2025-06-18 23:59,남,30대,2285,1538,186,12.09,1,0.54
36945,100067,공연이벤트,WINNER 콘서트 초대 이벤트,2025-06-04 12:00,2025-06-18 23:59,남,40대,1706,1246,109,8.75,1,0.92
36945,100067,공연이벤트,WINNER 콘서트 초대 이벤트,2025-06-04 12:00,2025-06-18 23:59,남,50대,1069,719,80,11.13,1,1.25
36945,100067,공연이벤트,WINNER 콘서트 초대 이벤트,2025-06-04 12:00,2025-06-18 23:59,남,60대이상,281,206,12,5.83,0,0.0
36945,100067,공연이벤트,WINNER 콘서트 초대 이벤트,2025-06-04 12:00,2025-06-18 23:59,여,10대이하,3664,1875,380,20.27,10,2.63
36945,100067,공연이벤트,WINNER 콘서트 초대 이벤트,2025-06-04 12:00,2025-06-18 23:59,여,20대,8092,4325,867,20.05,20,2.31
36945,100067,공연이벤트,WINNER 콘서트 초대 이벤트,2025-06-04 12:00,2025-06-18 23:59,여,30대,4774,3045,479,15.73,9,1.88
36945,100067,공연이벤트,WINNER 콘서트 초대 이벤트,2025-06-04 12:00,2025-06-18 23:59,여,40대,4132,2711,328,12.1,5,1.52
36945,100067,공연이벤트,WINNER 콘서트 초대 이벤트,2025-06-04 12:00,2025-06-18 23:59,여,50대,2032,1305,153,11.72,3,1.96
36945,100067,공연이벤트,WINNER 콘서트 초대 이벤트,2025-06-04 12:00,2025-06-18 23:59,여,60대이상,543,401,26,6.48,0,0.0
36227,100068,멜론매거진이벤트,스포트라이트 상반기 결산 댓글 이벤트,2024-07-04 14:00,2024-07-17 23:59,남,10대이하,753,590,61,10.34,1,1.64
36227,100068,멜론매거진이벤트,스포트라이트 상반기 결산 댓글 이벤트,2024-07-04 14:00,2024-07-17 23:59,남,20대,2597,2126,148,6.96,1,0.68
36227,100068,멜론매거진이벤트,스포트라이트 상반기 결산 댓글 이벤트,2024-07-04 14:00,2024-07-17 23:59,남,30대,3691,2662,168,6.31,1,0.6
36227,100068,멜론매거진이벤트,스포트라이트 상반기 결산 댓글 이벤트,2024-07-04 14:00,2024-07-17 23:59,남,40대,2516,2001,143,7.15,0,0.0
36227,100068,멜론매거진이벤트,스포트라이트 상반기 결산 댓글 이벤트,2024-07-04 14:00,2024-07-17 23:59,남,50대,1463,1172,87,7.42,1,1.15
36227,100068,멜론매거진이벤트,스포트라이트 상반기 결산 댓글 이벤트,2024-07-04 14:00,2024-07-17 23:59,남,60대이상,685,383,15,3.92,1,6.67
36227,100068,멜론매거진이벤트,스포트라이트 상반기 결산 댓글 이벤트,2024-07-04 14:00,2024-07-17 23:59,여,10대이하,4977,3815,478,12.53,4,0.84
36227,100068,멜론매거진이벤트,스포트라이트 상반기 결산 댓글 이벤트,2024-07-04 14:00,2024-07-17 23:59,여,20대,13839,10928,1328,12.15,11,0.83
36227,100068,멜론매거진이벤트,스포트라이트 상반기 결산 댓글 이벤트,2024-07-04 14:00,2024-07-17 23:59,여,30대,7148,5677,519,9.14,2,0.39
36227,100068,멜론매거진이벤트,스포트라이트 상반기 결산 댓글 이벤트,2024-07-04 14:00,2024-07-17 23:59,여,40대,5462,4113,338,8.22,1,0.3
36227,100068,멜론매거진이벤트,스포트라이트 상반기 결산 댓글 이벤트,2024-07-04 14:00,2024-07-17 23:59,여,50대,2597,2066,136,6.58,1,0.74
36227,100068,멜론매거진이벤트,스포트라이트 상반기 결산 댓글 이벤트,2024-07-04 14:00,2024-07-17 23:59,여,60대이상,904,704,17,2.41,0,0.0
36244,100068,멜론매거진이벤트,BABYMONSTER 댓글 이벤트,2024-07-01 12:00,2024-07-15 23:59,남,10대이하,274,192,29,15.1,1,3.45
36244,100068,멜론매거진이벤트,BABYMONSTER 댓글 이벤트,2024-07-01 12:00,2024-07-15 23:59,남,20대,1008,763,60,7.86,1,1.67
36244,100068,멜론매거진이벤트,BABYMONSTER 댓글 이벤트,2024-07-01 12:00,2024-07-15 23:59,남,30대,1241,1014,45,4.44,3,6.67
36244,100068,멜론매거진이벤트,BABYMONSTER 댓글 이벤트,2024-07-01 12:00,2024-07-15 23:59,남,40대,1128,855,49,5.73,2,4.08
36244,100068,멜론매거진이벤트,BABYMONSTER 댓글 이벤트,2024-07-01 12:00,2024-07-15 23:59,남,50대,546,441,12,2.72,0,0.0
36244,100068,멜론매거진이벤트,BABYMONSTER 댓글 이벤트,2024-07-01 12:00,2024-07-15 23:59,남,60대이상,158,129,2,1.55,1,50.0
36244,100068,멜론매거진이벤트,BABYMONSTER 댓글 이벤트,2024-07-01 12:00,2024-07-15 23:59,여,10대이하,788,455,87,19.12,7,8.05
36244,100068,멜론매거진이벤트,BABYMONSTER 댓글 이벤트,2024-07-01 12:00,2024-07-15 23:59,여,20대,1847,1459,84,5.76,3,3.57
36244,100068,멜론매거진이벤트,BABYMONSTER 댓글 이벤트,2024-07-01 12:00,2024-07-15 23:59,여,30대,1759,1529,39,2.55,1,2.56
36244,100068,멜론매거진이벤트,BABYMONSTER 댓글 이벤트,2024-07-01 12:00,2024-07-15 23:59,여,40대,1976,1536,68,4.43,1,1.47
36244,100068,멜론매거진이벤트,BABYMONSTER 댓글 이벤트,2024-07-01 12:00,2024-07-15 23:59,여,50대,849,667,18,2.7,2,11.11
36244,100068,멜론매거진이벤트,BABYMONSTER 댓글 이벤트,2024-07-01 12:00,2024-07-15 23:59,여,60대이상,260,223,5,2.24,1,20.0
36246,100068,멜론매거진이벤트,KISS OF LIFE 댓글 이벤트,2024-07-01 12:00,2024-07-15 23:59,남,10대이하,816,532,100,18.8,6,6.0
36246,100068,멜론매거진이벤트,KISS OF LIFE 댓글 이벤트,2024-07-01 12:00,2024-07-15 23:59,남,20대,2112,1570,177,11.27,4,2.26
36246,100068,멜론매거진이벤트,KISS OF LIFE 댓글 이벤트,2024-07-01 12:00,2024-07-15 23:59,남,30대,2249,1768,104,5.88,1,0.96
36246,100068,멜론매거진이벤트,KISS OF LIFE 댓글 이벤트,2024-07-01 12:00,2024-07-15 23:59,남,40대,1862,1351,109,8.07,0,0.0
36246,100068,멜론매거진이벤트,KISS OF LIFE 댓글 이벤트,2024-07-01 12:00,2024-07-15 23:59,남,50대,1207,853,77,9.03,0,0.0
36246,100068,멜론매거진이벤트,KISS OF LIFE 댓글 이벤트,2024-07-01 12:00,2024-07-15 23:59,남,60대이상,255,208,2,0.96,0,0.0
36246,100068,멜론매거진이벤트,KISS OF LIFE 댓글 이벤트,2024-07-01 12:00,2024-07-15 23:59,여,10대이하,2349,1458,304,20.85,13,4.28
36246,100068,멜론매거진이벤트,KISS OF LIFE 댓글 이벤트,2024-07-01 12:00,2024-07-15 23:59,여,20대,4449,3461,360,10.4,11,3.06
36246,100068,멜론매거진이벤트,KISS OF LIFE 댓글 이벤트,2024-07-01 12:00,2024-07-15 23:59,여,30대,2983,2491,84,3.37,2,2.38
36246,100068,멜론매거진이벤트,KISS OF LIFE 댓글 이벤트,2024-07-01 12:00,2024-07-15 23:59,여,40대,3270,2327,183,7.86,2,1.09
36246,100068,멜론매거진이벤트,KISS OF LIFE 댓글 이벤트,2024-07-01 12:00,2024-07-15 23:59,여,50대,1578,1151,96,8.34,1,1.04
36246,100068,멜론매거진이벤트,KISS OF LIFE 댓글 이벤트,2024-07-01 12:00,2024-07-15 23:59,여,60대이상,337,261,11,4.21,1,9.09
36247,100068,멜론매거진이벤트,STAYC(스테이씨) 댓글 이벤트,2024-07-01 18:00,2024-07-15 23:59,남,10대이하,775,441,75,17.01,5,6.67
36247,100068,멜론매거진이벤트,STAYC(스테이씨) 댓글 이벤트,2024-07-01 18:00,2024-07-15 23:59,남,20대,2206,1532,228,14.88,15,6.58
36247,100068,멜론매거진이벤트,STAYC(스테이씨) 댓글 이벤트,2024-07-01 18:00,2024-07-15 23:59,남,30대,2271,1786,155,8.68,2,1.29
36247,100068,멜론매거진이벤트,STAYC(스테이씨) 댓글 이벤트,2024-07-01 18:00,2024-07-15 23:59,남,40대,1989,1400,120,8.57,1,0.83
36247,100068,멜론매거진이벤트,STAYC(스테이씨) 댓글 이벤트,2024-07-01 18:00,2024-07-15 23:59,남,50대,917,708,58,8.19,0,0.0
36247,100068,멜론매거진이벤트,STAYC(스테이씨) 댓글 이벤트,2024-07-01 18:00,2024-07-15 23:59,남,60대이상,257,207,6,2.9,0,0.0
36247,100068,멜론매거진이벤트,STAYC(스테이씨) 댓글 이벤트,2024-07-01 18:00,2024-07-15 23:59,여,10대이하,1419,880,123,13.98,9,7.32
36247,100068,멜론매거진이벤트,STAYC(스테이씨) 댓글 이벤트,2024-07-01 18:00,2024-07-15 23:59,여,20대,2707,2109,153,7.25,6,3.92
36247,100068,멜론매거진이벤트,STAYC(스테이씨) 댓글 이벤트,2024-07-01 18:00,2024-07-15 23:59,여,30대,2501,2079,86,4.14,3,3.49
36247,100068,멜론매거진이벤트,STAYC(스테이씨) 댓글 이벤트,2024-07-01 18:00,2024-07-15 23:59,여,40대,2719,2047,156,7.62,1,0.64
36247,100068,멜론매거진이벤트,STAYC(스테이씨) 댓글 이벤트,2024-07-01 18:00,2024-07-15 23:59,여,50대,1289,948,65,6.86,2,3.08
36247,100068,멜론매거진이벤트,STAYC(스테이씨) 댓글 이벤트,2024-07-01 18:00,2024-07-15 23:59,여,60대이상,294,243,8,3.29,0,0.0
36249,100068,멜론매거진이벤트,NCT WISH 댓글 이벤트,2024-07-01 18:00,2024-07-15 23:59,남,10대이하,428,303,25,8.25,1,4.0
36249,100068,멜론매거진이벤트,NCT WISH 댓글 이벤트,2024-07-01 18:00,2024-07-15 23:59,남,20대,1017,880,34,3.86,2,5.88
36249,100068,멜론매거진이벤트,NCT WISH 댓글 이벤트,2024-07-01 18:00,2024-07-15 23:59,남,30대,1260,1083,26,2.4,1,3.85
36249,100068,멜론매거진이벤트,NCT WISH 댓글 이벤트,2024-07-01 18:00,2024-07-15 23:59,남,40대,1231,913,86,9.42,0,0.0
36249,100068,멜론매거진이벤트,NCT WISH 댓글 이벤트,2024-07-01 18:00,2024-07-15 23:59,남,50대,891,642,65,10.12,0,0.0
36249,100068,멜론매거진이벤트,NCT WISH 댓글 이벤트,2024-07-01 18:00,2024-07-15 23:59,남,60대이상,254,189,10,5.29,0,0.0
36249,100068,멜론매거진이벤트,NCT WISH 댓글 이벤트,2024-07-01 18:00,2024-07-15 23:59,여,10대이하,3357,1531,420,27.43,27,6.43
36249,100068,멜론매거진이벤트,NCT WISH 댓글 이벤트,2024-07-01 18:00,2024-07-15 23:59,여,20대,5213,2855,635,22.24,41,6.46
36249,100068,멜론매거진이벤트,NCT WISH 댓글 이벤트,2024-07-01 18:00,2024-07-15 23:59,여,30대,2911,2062,202,9.8,8,3.96
36249,100068,멜론매거진이벤트,NCT WISH 댓글 이벤트,2024-07-01 18:00,2024-07-15 23:59,여,40대,2779,1978,208,10.52,4,1.92
36249,100068,멜론매거진이벤트,NCT WISH 댓글 이벤트,2024-07-01 18:00,2024-07-15 23:59,여,50대,1383,982,90,9.16,2,2.22
36249,100068,멜론매거진이벤트,NCT WISH 댓글 이벤트,2024-07-01 18:00,2024-07-15 23:59,여,60대이상,377,295,7,2.37,1,14.29
36250,100068,멜론매거진이벤트,서울아레나 댓글 이벤트,2024-07-02 14:00,2024-07-21 23:59,남,10대이하,97,50,22,44.0,1,4.55
36250,100068,멜론매거진이벤트,서울아레나 댓글 이벤트,2024-07-02 14:00,2024-07-21 23:59,남,20대,233,121,72,59.5,1,1.39
36250,100068,멜론매거진이벤트,서울아레나 댓글 이벤트,2024-07-02 14:00,2024-07-21 23:59,남,30대,200,119,63,52.94,1,1.59
36250,100068,멜론매거진이벤트,서울아레나 댓글 이벤트,2024-07-02 14:00,2024-07-21 23:59,남,40대,182,109,49,44.95,0,0.0
36250,100068,멜론매거진이벤트,서울아레나 댓글 이벤트,2024-07-02 14:00,2024-07-21 23:59,남,50대,108,67,26,38.81,1,3.85
36250,100068,멜론매거진이벤트,서울아레나 댓글 이벤트,2024-07-02 14:00,2024-07-21 23:59,남,60대이상,19,17,4,23.53,1,25.0
36250,100068,멜론매거진이벤트,서울아레나 댓글 이벤트,2024-07-02 14:00,2024-07-21 23:59,여,10대이하,334,159,77,48.43,4,5.19
36250,100068,멜론매거진이벤트,서울아레나 댓글 이벤트,2024-07-02 14:00,2024-07-21 23:59,여,20대,865,423,233,55.08,4,1.72
36250,100068,멜론매거진이벤트,서울아레나 댓글 이벤트,2024-07-02 14:00,2024-07-21 23:59,여,30대,482,285,152,53.33,2,1.32
36250,100068,멜론매거진이벤트,서울아레나 댓글 이벤트,2024-07-02 14:00,2024-07-21 23:59,여,40대,413,245,99,40.41,0,0.0
36250,100068,멜론매거진이벤트,서울아레나 댓글 이벤트,2024-07-02 14:00,2024-07-21 23:59,여,50대,182,95,46,48.42,1,2.17
36250,100068,멜론매거진이벤트,서울아레나 댓글 이벤트,2024-07-02 14:00,2024-07-21 23:59,여,60대이상,48,25,16,64.0,0,0.0
36251,100068,멜론매거진이벤트,투모로우바이투게더 댓글 이벤트,2024-07-03 12:00,2024-07-17 23:59,남,10대이하,476,367,27,7.36,2,7.41
36251,100068,멜론매거진이벤트,투모로우바이투게더 댓글 이벤트,2024-07-03 12:00,2024-07-17 23:59,남,20대,1188,1023,29,2.83,0,0.0
36251,100068,멜론매거진이벤트,투모로우바이투게더 댓글 이벤트,2024-07-03 12:00,2024-07-17 23:59,남,30대,1544,1275,41,3.22,1,2.44
36251,100068,멜론매거진이벤트,투모로우바이투게더 댓글 이벤트,2024-07-03 12:00,2024-07-17 23:59,남,40대,2236,1500,150,10.0,0,0.0
36251,100068,멜론매거진이벤트,투모로우바이투게더 댓글 이벤트,2024-07-03 12:00,2024-07-17 23:59,남,50대,1053,751,79,10.52,0,0.0
36251,100068,멜론매거진이벤트,투모로우바이투게더 댓글 이벤트,2024-07-03 12:00,2024-07-17 23:59,남,60대이상,243,196,13,6.63,0,0.0
36251,100068,멜론매거진이벤트,투모로우바이투게더 댓글 이벤트,2024-07-03 12:00,2024-07-17 23:59,여,10대이하,3810,1897,414,21.82,17,4.11
36251,100068,멜론매거진이벤트,투모로우바이투게더 댓글 이벤트,2024-07-03 12:00,2024-07-17 23:59,여,20대,2960,2270,218,9.6,8,3.67
36251,100068,멜론매거진이벤트,투모로우바이투게더 댓글 이벤트,2024-07-03 12:00,2024-07-17 23:59,여,30대,2935,2309,126,5.46,3,2.38
36251,100068,멜론매거진이벤트,투모로우바이투게더 댓글 이벤트,2024-07-03 12:00,2024-07-17 23:59,여,40대,5246,3334,383,11.49,6,1.57
36251,100068,멜론매거진이벤트,투모로우바이투게더 댓글 이벤트,2024-07-03 12:00,2024-07-17 23:59,여,50대,1672,1159,82,7.08,1,1.22
36251,100068,멜론매거진이벤트,투모로우바이투게더 댓글 이벤트,2024-07-03 12:00,2024-07-17 23:59,여,60대이상,400,313,6,1.92,0,0.0
36252,100068,멜론매거진이벤트,멜론 데이터랩 댓글 이벤트 #38,2024-07-03 12:00,2024-07-17 23:59,남,10대이하,1882,1478,64,4.33,0,0.0
36252,100068,멜론매거진이벤트,멜론 데이터랩 댓글 이벤트 #38,2024-07-03 12:00,2024-07-17 23:59,남,20대,3612,2995,88,2.94,0,0.0
36252,100068,멜론매거진이벤트,멜론 데이터랩 댓글 이벤트 #38,2024-07-03 12:00,2024-07-17 23:59,남,30대,3373,2802,60,2.14,1,1.67
36252,100068,멜론매거진이벤트,멜론 데이터랩 댓글 이벤트 #38,2024-07-03 12:00,2024-07-17 23:59,남,40대,4046,3285,78,2.37,0,0.0
36252,100068,멜론매거진이벤트,멜론 데이터랩 댓글 이벤트 #38,2024-07-03 12:00,2024-07-17 23:59,남,50대,2615,2130,43,2.02,0,0.0
36252,100068,멜론매거진이벤트,멜론 데이터랩 댓글 이벤트 #38,2024-07-03 12:00,2024-07-17 23:59,남,60대이상,420,339,6,1.77,1,16.67
36252,100068,멜론매거진이벤트,멜론 데이터랩 댓글 이벤트 #38,2024-07-03 12:00,2024-07-17 23:59,여,10대이하,3804,3161,148,4.68,1,0.68
36252,100068,멜론매거진이벤트,멜론 데이터랩 댓글 이벤트 #38,2024-07-03 12:00,2024-07-17 23:59,여,20대,7668,6385,267,4.18,8,3.0
36252,100068,멜론매거진이벤트,멜론 데이터랩 댓글 이벤트 #38,2024-07-03 12:00,2024-07-17 23:59,여,30대,6391,5183,192,3.7,1,0.52
36252,100068,멜론매거진이벤트,멜론 데이터랩 댓글 이벤트 #38,2024-07-03 12:00,2024-07-17 23:59,여,40대,7896,6102,156,2.56,1,0.64
36252,100068,멜론매거진이벤트,멜론 데이터랩 댓글 이벤트 #38,2024-07-03 12:00,2024-07-17 23:59,여,50대,3485,2906,60,2.06,0,0.0
36252,100068,멜론매거진이벤트,멜론 데이터랩 댓글 이벤트 #38,2024-07-03 12:00,2024-07-17 23:59,여,60대이상,751,594,10,1.68,0,0.0
36254,100068,멜론매거진이벤트,멜론 데이터랩 댓글 이벤트 #39,2024-07-04 17:00,2024-07-18 23:59,남,10대이하,1868,1418,57,4.02,0,0.0
36254,100068,멜론매거진이벤트,멜론 데이터랩 댓글 이벤트 #39,2024-07-04 17:00,2024-07-18 23:59,남,20대,4132,3388,77,2.27,0,0.0
36254,100068,멜론매거진이벤트,멜론 데이터랩 댓글 이벤트 #39,2024-07-04 17:00,2024-07-18 23:59,남,30대,4488,3591,68,1.89,1,1.47
36254,100068,멜론매거진이벤트,멜론 데이터랩 댓글 이벤트 #39,2024-07-04 17:00,2024-07-18 23:59,남,40대,4732,3696,92,2.49,0,0.0
36254,100068,멜론매거진이벤트,멜론 데이터랩 댓글 이벤트 #39,2024-07-04 17:00,2024-07-18 23:59,남,50대,2864,2281,38,1.67,1,2.63
36254,100068,멜론매거진이벤트,멜론 데이터랩 댓글 이벤트 #39,2024-07-04 17:00,2024-07-18 23:59,남,60대이상,778,578,3,0.52,1,33.33
36254,100068,멜론매거진이벤트,멜론 데이터랩 댓글 이벤트 #39,2024-07-04 17:00,2024-07-18 23:59,여,10대이하,3440,2864,99,3.46,1,1.01
36254,100068,멜론매거진이벤트,멜론 데이터랩 댓글 이벤트 #39,2024-07-04 17:00,2024-07-18 23:59,여,20대,7625,6555,201,3.07,3,1.49
36254,100068,멜론매거진이벤트,멜론 데이터랩 댓글 이벤트 #39,2024-07-04 17:00,2024-07-18 23:59,여,30대,7263,6139,114,1.86,0,0.0
36254,100068,멜론매거진이벤트,멜론 데이터랩 댓글 이벤트 #39,2024-07-04 17:00,2024-07-18 23:59,여,40대,8331,6662,134,2.01,0,0.0
36254,100068,멜론매거진이벤트,멜론 데이터랩 댓글 이벤트 #39,2024-07-04 17:00,2024-07-18 23:59,여,50대,3992,3218,64,1.99,0,0.0
36254,100068,멜론매거진이벤트,멜론 데이터랩 댓글 이벤트 #39,2024-07-04 17:00,2024-07-18 23:59,여,60대이상,1046,822,11,1.34,0,0.0
36255,100068,멜론매거진이벤트,이승윤 댓글 이벤트,2024-07-03 18:00,2024-07-17 23:59,남,10대이하,365,271,13,4.8,2,15.38
36255,100068,멜론매거진이벤트,이승윤 댓글 이벤트,2024-07-03 18:00,2024-07-17 23:59,남,20대,1054,816,32,3.92,3,9.38
36255,100068,멜론매거진이벤트,이승윤 댓글 이벤트,2024-07-03 18:00,2024-07-17 23:59,남,30대,1187,942,27,2.87,3,11.11
36255,100068,멜론매거진이벤트,이승윤 댓글 이벤트,2024-07-03 18:00,2024-07-17 23:59,남,40대,946,725,26,3.59,0,0.0
36255,100068,멜론매거진이벤트,이승윤 댓글 이벤트,2024-07-03 18:00,2024-07-17 23:59,남,50대,806,500,35,7.0,4,11.43
36255,100068,멜론매거진이벤트,이승윤 댓글 이벤트,2024-07-03 18:00,2024-07-17 23:59,남,60대이상,317,207,14,6.76,1,7.14
36255,100068,멜론매거진이벤트,이승윤 댓글 이벤트,2024-07-03 18:00,2024-07-17 23:59,여,10대이하,644,440,35,7.95,2,5.71
36255,100068,멜론매거진이벤트,이승윤 댓글 이벤트,2024-07-03 18:00,2024-07-17 23:59,여,20대,2056,1386,91,6.57,10,10.99
36255,100068,멜론매거진이벤트,이승윤 댓글 이벤트,2024-07-03 18:00,2024-07-17 23:59,여,30대,2270,1470,107,7.28,15,14.02
36255,100068,멜론매거진이벤트,이승윤 댓글 이벤트,2024-07-03 18:00,2024-07-17 23:59,여,40대,4987,2081,323,15.52,33,10.22
36255,100068,멜론매거진이벤트,이승윤 댓글 이벤트,2024-07-03 18:00,2024-07-17 23:59,여,50대,6594,2026,466,23.0,35,7.51
36255,100068,멜론매거진이벤트,이승윤 댓글 이벤트,2024-07-03 18:00,2024-07-17 23:59,여,60대이상,2819,889,138,15.52,6,4.35
36258,100068,멜론매거진이벤트,에디션m 해외 힙합 편 댓글 이벤트,2024-07-04 23:30,2024-07-18 23:59,남,10대이하,1305,945,46,4.87,0,0.0
36258,100068,멜론매거진이벤트,에디션m 해외 힙합 편 댓글 이벤트,2024-07-04 23:30,2024-07-18 23:59,남,20대,2969,2367,101,4.27,1,0.99
36258,100068,멜론매거진이벤트,에디션m 해외 힙합 편 댓글 이벤트,2024-07-04 23:30,2024-07-18 23:59,남,30대,3366,2677,83,3.1,1,1.2
36258,100068,멜론매거진이벤트,에디션m 해외 힙합 편 댓글 이벤트,2024-07-04 23:30,2024-07-18 23:59,남,40대,3422,2689,64,2.38,0,0.0
36258,100068,멜론매거진이벤트,에디션m 해외 힙합 편 댓글 이벤트,2024-07-04 23:30,2024-07-18 23:59,남,50대,2057,1677,32,1.91,0,0.0
36258,100068,멜론매거진이벤트,에디션m 해외 힙합 편 댓글 이벤트,2024-07-04 23:30,2024-07-18 23:59,남,60대이상,522,391,5,1.28,1,20.0
36258,100068,멜론매거진이벤트,에디션m 해외 힙합 편 댓글 이벤트,2024-07-04 23:30,2024-07-18 23:59,여,10대이하,1871,1535,62,4.04,0,0.0
36258,100068,멜론매거진이벤트,에디션m 해외 힙합 편 댓글 이벤트,2024-07-04 23:30,2024-07-18 23:59,여,20대,4757,3812,213,5.59,3,1.41
36258,100068,멜론매거진이벤트,에디션m 해외 힙합 편 댓글 이벤트,2024-07-04 23:30,2024-07-18 23:59,여,30대,4789,3944,151,3.83,1,0.66
36258,100068,멜론매거진이벤트,에디션m 해외 힙합 편 댓글 이벤트,2024-07-04 23:30,2024-07-18 23:59,여,40대,5571,4419,126,2.85,1,0.79
36258,100068,멜론매거진이벤트,에디션m 해외 힙합 편 댓글 이벤트,2024-07-04 23:30,2024-07-18 23:59,여,50대,2824,2201,56,2.54,0,0.0
36258,100068,멜론매거진이벤트,에디션m 해외 힙합 편 댓글 이벤트,2024-07-04 23:30,2024-07-18 23:59,여,60대이상,817,625,7,1.12,0,0.0
36262,100068,멜론매거진이벤트,에디션m 재즈 편 댓글 이벤트,2024-07-08 23:30,2024-07-22 23:59,남,10대이하,976,761,34,4.47,0,0.0
36262,100068,멜론매거진이벤트,에디션m 재즈 편 댓글 이벤트,2024-07-08 23:30,2024-07-22 23:59,남,20대,2523,2034,78,3.83,1,1.28
36262,100068,멜론매거진이벤트,에디션m 재즈 편 댓글 이벤트,2024-07-08 23:30,2024-07-22 23:59,남,30대,3037,2417,64,2.65,0,0.0
36262,100068,멜론매거진이벤트,에디션m 재즈 편 댓글 이벤트,2024-07-08 23:30,2024-07-22 23:59,남,40대,2830,2243,46,2.05,1,2.17
36262,100068,멜론매거진이벤트,에디션m 재즈 편 댓글 이벤트,2024-07-08 23:30,2024-07-22 23:59,남,50대,1961,1537,34,2.21,0,0.0
36262,100068,멜론매거진이벤트,에디션m 재즈 편 댓글 이벤트,2024-07-08 23:30,2024-07-22 23:59,남,60대이상,538,406,6,1.48,0,0.0
36262,100068,멜론매거진이벤트,에디션m 재즈 편 댓글 이벤트,2024-07-08 23:30,2024-07-22 23:59,여,10대이하,1748,1460,51,3.49,1,1.96
36262,100068,멜론매거진이벤트,에디션m 재즈 편 댓글 이벤트,2024-07-08 23:30,2024-07-22 23:59,여,20대,4808,3774,193,5.11,2,1.04
36262,100068,멜론매거진이벤트,에디션m 재즈 편 댓글 이벤트,2024-07-08 23:30,2024-07-22 23:59,여,30대,4752,3793,136,3.59,0,0.0
36262,100068,멜론매거진이벤트,에디션m 재즈 편 댓글 이벤트,2024-07-08 23:30,2024-07-22 23:59,여,40대,5164,4145,105,2.53,0,0.0
36262,100068,멜론매거진이벤트,에디션m 재즈 편 댓글 이벤트,2024-07-08 23:30,2024-07-22 23:59,여,50대,2867,2316,50,2.16,0,0.0
36262,100068,멜론매거진이벤트,에디션m 재즈 편 댓글 이벤트,2024-07-08 23:30,2024-07-22 23:59,여,60대이상,672,537,6,1.12,0,0.0
36263,100068,멜론매거진이벤트,태연 (TAEYEON) 매거진 이벤트,2024-07-08 18:00,2024-07-22 23:59,남,10대이하,187,115,33,28.7,1,3.03
36263,100068,멜론매거진이벤트,태연 (TAEYEON) 매거진 이벤트,2024-07-08 18:00,2024-07-22 23:59,남,20대,709,474,90,18.99,4,4.44
36263,100068,멜론매거진이벤트,태연 (TAEYEON) 매거진 이벤트,2024-07-08 18:00,2024-07-22 23:59,남,30대,934,584,114,19.52,0,0.0
36263,100068,멜론매거진이벤트,태연 (TAEYEON) 매거진 이벤트,2024-07-08 18:00,2024-07-22 23:59,남,40대,515,362,54,14.92,0,0.0
36263,100068,멜론매거진이벤트,태연 (TAEYEON) 매거진 이벤트,2024-07-08 18:00,2024-07-22 23:59,남,50대,266,171,15,8.77,1,6.67
36263,100068,멜론매거진이벤트,태연 (TAEYEON) 매거진 이벤트,2024-07-08 18:00,2024-07-22 23:59,남,60대이상,91,52,6,11.54,1,16.67
36263,100068,멜론매거진이벤트,태연 (TAEYEON) 매거진 이벤트,2024-07-08 18:00,2024-07-22 23:59,여,10대이하,344,187,50,26.74,5,10.0
36263,100068,멜론매거진이벤트,태연 (TAEYEON) 매거진 이벤트,2024-07-08 18:00,2024-07-22 23:59,여,20대,1507,935,199,21.28,11,5.53
36263,100068,멜론매거진이벤트,태연 (TAEYEON) 매거진 이벤트,2024-07-08 18:00,2024-07-22 23:59,여,30대,1079,757,92,12.15,3,3.26
36263,100068,멜론매거진이벤트,태연 (TAEYEON) 매거진 이벤트,2024-07-08 18:00,2024-07-22 23:59,여,40대,712,544,58,10.66,2,3.45
36263,100068,멜론매거진이벤트,태연 (TAEYEON) 매거진 이벤트,2024-07-08 18:00,2024-07-22 23:59,여,50대,371,253,30,11.86,1,3.33
36263,100068,멜론매거진이벤트,태연 (TAEYEON) 매거진 이벤트,2024-07-08 18:00,2024-07-22 23:59,여,60대이상,154,100,7,7.0,0,0.0
36264,100068,멜론매거진이벤트,(여자)아이들 댓글 이벤트,2024-07-08 18:00,2024-07-22 23:59,남,10대이하,2107,1037,210,20.25,10,4.76
36264,100068,멜론매거진이벤트,(여자)아이들 댓글 이벤트,2024-07-08 18:00,2024-07-22 23:59,남,20대,4295,2636,465,17.64,7,1.51
36264,100068,멜론매거진이벤트,(여자)아이들 댓글 이벤트,2024-07-08 18:00,2024-07-22 23:59,남,30대,3662,2492,281,11.28,2,0.71
36264,100068,멜론매거진이벤트,(여자)아이들 댓글 이벤트,2024-07-08 18:00,2024-07-22 23:59,남,40대,4147,2646,234,8.84,3,1.28
36264,100068,멜론매거진이벤트,(여자)아이들 댓글 이벤트,2024-07-08 18:00,2024-07-22 23:59,남,50대,2193,1410,91,6.45,3,3.3
36264,100068,멜론매거진이벤트,(여자)아이들 댓글 이벤트,2024-07-08 18:00,2024-07-22 23:59,남,60대이상,441,300,12,4.0,0,0.0
36264,100068,멜론매거진이벤트,(여자)아이들 댓글 이벤트,2024-07-08 18:00,2024-07-22 23:59,여,10대이하,2500,1404,205,14.6,6,2.93
36264,100068,멜론매거진이벤트,(여자)아이들 댓글 이벤트,2024-07-08 18:00,2024-07-22 23:59,여,20대,5090,3342,376,11.25,12,3.19
36264,100068,멜론매거진이벤트,(여자)아이들 댓글 이벤트,2024-07-08 18:00,2024-07-22 23:59,여,30대,3594,2533,167,6.59,6,3.59
36264,100068,멜론매거진이벤트,(여자)아이들 댓글 이벤트,2024-07-08 18:00,2024-07-22 23:59,여,40대,6355,4024,305,7.58,3,0.98
36264,100068,멜론매거진이벤트,(여자)아이들 댓글 이벤트,2024-07-08 18:00,2024-07-22 23:59,여,50대,2193,1502,91,6.06,0,0.0
36264,100068,멜론매거진이벤트,(여자)아이들 댓글 이벤트,2024-07-08 18:00,2024-07-22 23:59,여,60대이상,444,315,19,6.03,0,0.0
36272,100068,멜론매거진이벤트,LIVE CLUB DAY 댓글 이벤트,2024-07-15 14:00,2024-07-21 23:59,남,10대이하,377,337,5,1.48,0,0.0
36272,100068,멜론매거진이벤트,LIVE CLUB DAY 댓글 이벤트,2024-07-15 14:00,2024-07-21 23:59,남,20대,1512,1270,73,5.75,2,2.74
36272,100068,멜론매거진이벤트,LIVE CLUB DAY 댓글 이벤트,2024-07-15 14:00,2024-07-21 23:59,남,30대,1807,1509,77,5.1,1,1.3
36272,100068,멜론매거진이벤트,LIVE CLUB DAY 댓글 이벤트,2024-07-15 14:00,2024-07-21 23:59,남,40대,1303,1062,33,3.11,0,0.0
36272,100068,멜론매거진이벤트,LIVE CLUB DAY 댓글 이벤트,2024-07-15 14:00,2024-07-21 23:59,남,50대,814,668,22,3.29,1,4.55
36272,100068,멜론매거진이벤트,LIVE CLUB DAY 댓글 이벤트,2024-07-15 14:00,2024-07-21 23:59,남,60대이상,295,232,8,3.45,0,0.0
36272,100068,멜론매거진이벤트,LIVE CLUB DAY 댓글 이벤트,2024-07-15 14:00,2024-07-21 23:59,여,10대이하,674,596,20,3.36,0,0.0
36272,100068,멜론매거진이벤트,LIVE CLUB DAY 댓글 이벤트,2024-07-15 14:00,2024-07-21 23:59,여,20대,2929,2356,171,7.26,2,1.17
36272,100068,멜론매거진이벤트,LIVE CLUB DAY 댓글 이벤트,2024-07-15 14:00,2024-07-21 23:59,여,30대,2749,2347,101,4.3,1,0.99
36272,100068,멜론매거진이벤트,LIVE CLUB DAY 댓글 이벤트,2024-07-15 14:00,2024-07-21 23:59,여,40대,2524,2066,89,4.31,2,2.25
36272,100068,멜론매거진이벤트,LIVE CLUB DAY 댓글 이벤트,2024-07-15 14:00,2024-07-21 23:59,여,50대,1574,1209,77,6.37,1,1.3
36272,100068,멜론매거진이벤트,LIVE CLUB DAY 댓글 이벤트,2024-07-15 14:00,2024-07-21 23:59,여,60대이상,534,403,15,3.72,0,0.0
36274,100068,멜론매거진이벤트,ENHYPEN 댓글 이벤트,2024-07-12 13:00,2024-07-26 23:59,남,10대이하,343,287,16,5.57,2,12.5
36274,100068,멜론매거진이벤트,ENHYPEN 댓글 이벤트,2024-07-12 13:00,2024-07-26 23:59,남,20대,936,824,18,2.18,0,0.0
36274,100068,멜론매거진이벤트,ENHYPEN 댓글 이벤트,2024-07-12 13:00,2024-07-26 23:59,남,30대,1371,1072,11,1.03,0,0.0
36274,100068,멜론매거진이벤트,ENHYPEN 댓글 이벤트,2024-07-12 13:00,2024-07-26 23:59,남,40대,1311,969,44,4.54,0,0.0
36274,100068,멜론매거진이벤트,ENHYPEN 댓글 이벤트,2024-07-12 13:00,2024-07-26 23:59,남,50대,742,556,34,6.12,2,5.88
36274,100068,멜론매거진이벤트,ENHYPEN 댓글 이벤트,2024-07-12 13:00,2024-07-26 23:59,여,10대이하,2555,1314,281,21.39,25,8.9
36274,100068,멜론매거진이벤트,ENHYPEN 댓글 이벤트,2024-07-12 13:00,2024-07-26 23:59,여,20대,3972,2255,328,14.55,24,7.32
36274,100068,멜론매거진이벤트,ENHYPEN 댓글 이벤트,2024-07-12 13:00,2024-07-26 23:59,여,30대,2413,1869,73,3.91,5,6.85
36274,100068,멜론매거진이벤트,ENHYPEN 댓글 이벤트,2024-07-12 13:00,2024-07-26 23:59,여,40대,2808,1884,147,7.8,5,3.4
36274,100068,멜론매거진이벤트,ENHYPEN 댓글 이벤트,2024-07-12 13:00,2024-07-26 23:59,여,50대,1371,935,58,6.2,1,1.72
36274,100068,멜론매거진이벤트,ENHYPEN 댓글 이벤트,2024-07-12 13:00,2024-07-26 23:59,여,60대이상,354,261,5,1.92,0,0.0
36275,100068,멜론매거진이벤트,멜론 X SM 인천공항 스마트패스 팝업 댓글 이벤트,2024-07-15 15:00,2024-07-31 23:59,남,10대이하,2091,1438,223,15.51,4,1.79
36275,100068,멜론매거진이벤트,멜론 X SM 인천공항 스마트패스 팝업 댓글 이벤트,2024-07-15 15:00,2024-07-31 23:59,남,20대,3856,3035,338,11.14,1,0.3
36275,100068,멜론매거진이벤트,멜론 X SM 인천공항 스마트패스 팝업 댓글 이벤트,2024-07-15 15:00,2024-07-31 23:59,남,30대,3560,2791,207,7.42,1,0.48
36275,100068,멜론매거진이벤트,멜론 X SM 인천공항 스마트패스 팝업 댓글 이벤트,2024-07-15 15:00,2024-07-31 23:59,남,40대,3265,2405,190,7.9,3,1.58
36275,100068,멜론매거진이벤트,멜론 X SM 인천공항 스마트패스 팝업 댓글 이벤트,2024-07-15 15:00,2024-07-31 23:59,남,50대,1850,1378,118,8.56,0,0.0
36275,100068,멜론매거진이벤트,멜론 X SM 인천공항 스마트패스 팝업 댓글 이벤트,2024-07-15 15:00,2024-07-31 23:59,남,60대이상,789,384,13,3.39,0,0.0
36275,100068,멜론매거진이벤트,멜론 X SM 인천공항 스마트패스 팝업 댓글 이벤트,2024-07-15 15:00,2024-07-31 23:59,여,10대이하,3723,2629,378,14.38,15,3.97
36275,100068,멜론매거진이벤트,멜론 X SM 인천공항 스마트패스 팝업 댓글 이벤트,2024-07-15 15:00,2024-07-31 23:59,여,20대,7262,5440,800,14.71,9,1.13
36275,100068,멜론매거진이벤트,멜론 X SM 인천공항 스마트패스 팝업 댓글 이벤트,2024-07-15 15:00,2024-07-31 23:59,여,30대,5375,4099,344,8.39,7,2.03
36275,100068,멜론매거진이벤트,멜론 X SM 인천공항 스마트패스 팝업 댓글 이벤트,2024-07-15 15:00,2024-07-31 23:59,여,40대,6135,4553,356,7.82,3,0.84
36275,100068,멜론매거진이벤트,멜론 X SM 인천공항 스마트패스 팝업 댓글 이벤트,2024-07-15 15:00,2024-07-31 23:59,여,50대,2488,1904,152,7.98,2,1.32
36275,100068,멜론매거진이벤트,멜론 X SM 인천공항 스마트패스 팝업 댓글 이벤트,2024-07-15 15:00,2024-07-31 23:59,여,60대이상,724,584,17,2.91,1,5.88
36281,100068,멜론매거진이벤트,에디션m 국내 알앤비 편 댓글 이벤트,2024-07-15 23:30,2024-07-29 23:59,남,10대이하,1243,939,61,6.5,0,0.0
36281,100068,멜론매거진이벤트,에디션m 국내 알앤비 편 댓글 이벤트,2024-07-15 23:30,2024-07-29 23:59,남,20대,3462,2773,96,3.46,0,0.0
36281,100068,멜론매거진이벤트,에디션m 국내 알앤비 편 댓글 이벤트,2024-07-15 23:30,2024-07-29 23:59,남,30대,4380,3520,81,2.3,1,1.23
36281,100068,멜론매거진이벤트,에디션m 국내 알앤비 편 댓글 이벤트,2024-07-15 23:30,2024-07-29 23:59,남,40대,3972,3086,82,2.66,2,2.44
36281,100068,멜론매거진이벤트,에디션m 국내 알앤비 편 댓글 이벤트,2024-07-15 23:30,2024-07-29 23:59,남,50대,2280,1813,39,2.15,0,0.0
36281,100068,멜론매거진이벤트,에디션m 국내 알앤비 편 댓글 이벤트,2024-07-15 23:30,2024-07-29 23:59,남,60대이상,729,577,9,1.56,0,0.0
36281,100068,멜론매거진이벤트,에디션m 국내 알앤비 편 댓글 이벤트,2024-07-15 23:30,2024-07-29 23:59,여,10대이하,2710,2079,130,6.25,2,1.54
36281,100068,멜론매거진이벤트,에디션m 국내 알앤비 편 댓글 이벤트,2024-07-15 23:30,2024-07-29 23:59,여,20대,6120,4918,204,4.15,1,0.49
36281,100068,멜론매거진이벤트,에디션m 국내 알앤비 편 댓글 이벤트,2024-07-15 23:30,2024-07-29 23:59,여,30대,6784,5617,97,1.73,0,0.0
36281,100068,멜론매거진이벤트,에디션m 국내 알앤비 편 댓글 이벤트,2024-07-15 23:30,2024-07-29 23:59,여,40대,7039,5600,129,2.3,1,0.78
36281,100068,멜론매거진이벤트,에디션m 국내 알앤비 편 댓글 이벤트,2024-07-15 23:30,2024-07-29 23:59,여,50대,3651,2808,68,2.42,1,1.47
36281,100068,멜론매거진이벤트,에디션m 국내 알앤비 편 댓글 이벤트,2024-07-15 23:30,2024-07-29 23:59,여,60대이상,926,765,5,0.65,0,0.0
36285,100068,멜론매거진이벤트,지민 댓글 이벤트,2024-07-19 13:00,2024-08-02 23:59,남,10대이하,387,287,27,9.41,0,0.0
36285,100068,멜론매거진이벤트,지민 댓글 이벤트,2024-07-19 13:00,2024-08-02 23:59,남,20대,1217,1029,32,3.11,1,3.13
36285,100068,멜론매거진이벤트,지민 댓글 이벤트,2024-07-19 13:00,2024-08-02 23:59,남,30대,1789,1467,42,2.86,2,4.76
36285,100068,멜론매거진이벤트,지민 댓글 이벤트,2024-07-19 13:00,2024-08-02 23:59,남,40대,1666,1260,58,4.6,0,0.0
36285,100068,멜론매거진이벤트,지민 댓글 이벤트,2024-07-19 13:00,2024-08-02 23:59,남,50대,1003,729,34,4.66,0,0.0
36285,100068,멜론매거진이벤트,지민 댓글 이벤트,2024-07-19 13:00,2024-08-02 23:59,남,60대이상,267,194,10,5.15,0,0.0
36285,100068,멜론매거진이벤트,지민 댓글 이벤트,2024-07-19 13:00,2024-08-02 23:59,여,10대이하,1392,919,141,15.34,7,4.96
36285,100068,멜론매거진이벤트,지민 댓글 이벤트,2024-07-19 13:00,2024-08-02 23:59,여,20대,3489,2601,249,9.57,2,0.8
36285,100068,멜론매거진이벤트,지민 댓글 이벤트,2024-07-19 13:00,2024-08-02 23:59,여,30대,5329,3602,339,9.41,7,2.06
36285,100068,멜론매거진이벤트,지민 댓글 이벤트,2024-07-19 13:00,2024-08-02 23:59,여,40대,7883,4445,476,10.71,12,2.52
36285,100068,멜론매거진이벤트,지민 댓글 이벤트,2024-07-19 13:00,2024-08-02 23:59,여,50대,4450,2336,206,8.82,7,3.4
36285,100068,멜론매거진이벤트,지민 댓글 이벤트,2024-07-19 13:00,2024-08-02 23:59,여,60대이상,812,518,28,5.41,0,0.0
36287,100068,멜론매거진이벤트,Stray Kids (스트레이 키즈) 댓글 이벤트,2024-07-19 13:00,2024-08-02 23:59,남,10대이하,489,285,56,19.65,1,1.79
36287,100068,멜론매거진이벤트,Stray Kids (스트레이 키즈) 댓글 이벤트,2024-07-19 13:00,2024-08-02 23:59,남,20대,751,470,53,11.28,2,3.77
36287,100068,멜론매거진이벤트,Stray Kids (스트레이 키즈) 댓글 이벤트,2024-07-19 13:00,2024-08-02 23:59,남,30대,963,620,50,8.06,1,2.0
36287,100068,멜론매거진이벤트,Stray Kids (스트레이 키즈) 댓글 이벤트,2024-07-19 13:00,2024-08-02 23:59,남,40대,2809,1335,195,14.61,3,1.54
36287,100068,멜론매거진이벤트,Stray Kids (스트레이 키즈) 댓글 이벤트,2024-07-19 13:00,2024-08-02 23:59,남,50대,1517,762,128,16.8,4,3.13
36287,100068,멜론매거진이벤트,Stray Kids (스트레이 키즈) 댓글 이벤트,2024-07-19 13:00,2024-08-02 23:59,남,60대이상,272,157,14,8.92,1,7.14
36287,100068,멜론매거진이벤트,Stray Kids (스트레이 키즈) 댓글 이벤트,2024-07-19 13:00,2024-08-02 23:59,여,10대이하,10903,3869,1362,35.2,140,10.28
36287,100068,멜론매거진이벤트,Stray Kids (스트레이 키즈) 댓글 이벤트,2024-07-19 13:00,2024-08-02 23:59,여,20대,7832,3507,1103,31.45,96,8.7
36287,100068,멜론매거진이벤트,Stray Kids (스트레이 키즈) 댓글 이벤트,2024-07-19 13:00,2024-08-02 23:59,여,30대,5031,2324,533,22.93,29,5.44
36287,100068,멜론매거진이벤트,Stray Kids (스트레이 키즈) 댓글 이벤트,2024-07-19 13:00,2024-08-02 23:59,여,40대,8207,3650,695,19.04,29,4.17
36287,100068,멜론매거진이벤트,Stray Kids (스트레이 키즈) 댓글 이벤트,2024-07-19 13:00,2024-08-02 23:59,여,50대,2084,1078,163,15.12,8,4.91
36287,100068,멜론매거진이벤트,Stray Kids (스트레이 키즈) 댓글 이벤트,2024-07-19 13:00,2024-08-02 23:59,여,60대이상,365,215,21,9.77,1,4.76
36291,100068,멜론매거진이벤트,에디션m 해외록 편 댓글 이벤트,2024-07-22 23:30,2024-08-05 23:59,남,10대이하,851,626,36,5.75,1,2.78
36291,100068,멜론매거진이벤트,에디션m 해외록 편 댓글 이벤트,2024-07-22 23:30,2024-08-05 23:59,남,20대,2287,1867,74,3.96,2,2.7
36291,100068,멜론매거진이벤트,에디션m 해외록 편 댓글 이벤트,2024-07-22 23:30,2024-08-05 23:59,남,30대,2885,2310,66,2.86,1,1.52
36291,100068,멜론매거진이벤트,에디션m 해외록 편 댓글 이벤트,2024-07-22 23:30,2024-08-05 23:59,남,40대,2763,2075,50,2.41,1,2.0
36291,100068,멜론매거진이벤트,에디션m 해외록 편 댓글 이벤트,2024-07-22 23:30,2024-08-05 23:59,남,50대,1738,1340,26,1.94,0,0.0
36291,100068,멜론매거진이벤트,에디션m 해외록 편 댓글 이벤트,2024-07-22 23:30,2024-08-05 23:59,남,60대이상,395,305,5,1.64,0,0.0
36291,100068,멜론매거진이벤트,에디션m 해외록 편 댓글 이벤트,2024-07-22 23:30,2024-08-05 23:59,여,10대이하,1837,1457,71,4.87,0,0.0
36291,100068,멜론매거진이벤트,에디션m 해외록 편 댓글 이벤트,2024-07-22 23:30,2024-08-05 23:59,여,20대,4275,3290,185,5.62,2,1.08
36291,100068,멜론매거진이벤트,에디션m 해외록 편 댓글 이벤트,2024-07-22 23:30,2024-08-05 23:59,여,30대,4195,3497,98,2.8,1,1.02
36291,100068,멜론매거진이벤트,에디션m 해외록 편 댓글 이벤트,2024-07-22 23:30,2024-08-05 23:59,여,40대,4762,3773,102,2.7,1,0.98
36291,100068,멜론매거진이벤트,에디션m 해외록 편 댓글 이벤트,2024-07-22 23:30,2024-08-05 23:59,여,50대,2342,1870,38,2.03,1,2.63
36291,100068,멜론매거진이벤트,에디션m 해외록 편 댓글 이벤트,2024-07-22 23:30,2024-08-05 23:59,여,60대이상,576,472,3,0.64,0,0.0
36297,100068,멜론매거진이벤트,Matsuda Seiko 댓글 이벤트,2024-07-24 15:00,2024-08-07 23:59,남,10대이하,2666,2022,84,4.15,3,3.57
36297,100068,멜론매거진이벤트,Matsuda Seiko 댓글 이벤트,2024-07-24 15:00,2024-08-07 23:59,남,20대,4771,3923,107,2.73,3,2.8
36297,100068,멜론매거진이벤트,Matsuda Seiko 댓글 이벤트,2024-07-24 15:00,2024-08-07 23:59,남,30대,4840,3865,103,2.66,0,0.0
36297,100068,멜론매거진이벤트,Matsuda Seiko 댓글 이벤트,2024-07-24 15:00,2024-08-07 23:59,남,40대,4672,3547,88,2.48,1,1.14
36297,100068,멜론매거진이벤트,Matsuda Seiko 댓글 이벤트,2024-07-24 15:00,2024-08-07 23:59,남,50대,2601,2048,51,2.49,0,0.0
36297,100068,멜론매거진이벤트,Matsuda Seiko 댓글 이벤트,2024-07-24 15:00,2024-08-07 23:59,남,60대이상,550,402,9,2.24,0,0.0
36297,100068,멜론매거진이벤트,Matsuda Seiko 댓글 이벤트,2024-07-24 15:00,2024-08-07 23:59,여,10대이하,5029,4076,116,2.85,0,0.0
36297,100068,멜론매거진이벤트,Matsuda Seiko 댓글 이벤트,2024-07-24 15:00,2024-08-07 23:59,여,20대,8753,7508,197,2.62,1,0.51
36297,100068,멜론매거진이벤트,Matsuda Seiko 댓글 이벤트,2024-07-24 15:00,2024-08-07 23:59,여,30대,6479,5510,105,1.91,2,1.9
36297,100068,멜론매거진이벤트,Matsuda Seiko 댓글 이벤트,2024-07-24 15:00,2024-08-07 23:59,여,40대,7971,6157,125,2.03,0,0.0
36297,100068,멜론매거진이벤트,Matsuda Seiko 댓글 이벤트,2024-07-24 15:00,2024-08-07 23:59,여,50대,3279,2597,62,2.39,1,1.61
36297,100068,멜론매거진이벤트,Matsuda Seiko 댓글 이벤트,2024-07-24 15:00,2024-08-07 23:59,여,60대이상,783,568,6,1.06,0,0.0
36300,100068,멜론매거진이벤트,How to Melon #7 멜로너가 사랑한 꿀기능 TOP10 댓글 이벤트,2024-07-25 18:00,2024-08-18 23:59,남,10대이하,7432,5385,146,2.71,4,2.74
36300,100068,멜론매거진이벤트,How to Melon #7 멜로너가 사랑한 꿀기능 TOP10 댓글 이벤트,2024-07-25 18:00,2024-08-18 23:59,남,20대,17333,13790,295,2.14,3,1.02
36300,100068,멜론매거진이벤트,How to Melon #7 멜로너가 사랑한 꿀기능 TOP10 댓글 이벤트,2024-07-25 18:00,2024-08-18 23:59,남,30대,16089,12404,211,1.7,3,1.42
36300,100068,멜론매거진이벤트,How to Melon #7 멜로너가 사랑한 꿀기능 TOP10 댓글 이벤트,2024-07-25 18:00,2024-08-18 23:59,남,40대,12699,9607,157,1.63,1,0.64
36300,100068,멜론매거진이벤트,How to Melon #7 멜로너가 사랑한 꿀기능 TOP10 댓글 이벤트,2024-07-25 18:00,2024-08-18 23:59,남,50대,7097,5373,95,1.77,0,0.0
36300,100068,멜론매거진이벤트,How to Melon #7 멜로너가 사랑한 꿀기능 TOP10 댓글 이벤트,2024-07-25 18:00,2024-08-18 23:59,남,60대이상,2386,1723,15,0.87,1,6.67
36300,100068,멜론매거진이벤트,How to Melon #7 멜로너가 사랑한 꿀기능 TOP10 댓글 이벤트,2024-07-25 18:00,2024-08-18 23:59,여,10대이하,11029,8415,276,3.28,4,1.45
36300,100068,멜론매거진이벤트,How to Melon #7 멜로너가 사랑한 꿀기능 TOP10 댓글 이벤트,2024-07-25 18:00,2024-08-18 23:59,여,20대,24165,19426,792,4.08,3,0.38
36300,100068,멜론매거진이벤트,How to Melon #7 멜로너가 사랑한 꿀기능 TOP10 댓글 이벤트,2024-07-25 18:00,2024-08-18 23:59,여,30대,21290,16774,359,2.14,0,0.0
36300,100068,멜론매거진이벤트,How to Melon #7 멜로너가 사랑한 꿀기능 TOP10 댓글 이벤트,2024-07-25 18:00,2024-08-18 23:59,여,40대,23172,17212,317,1.84,3,0.95
36300,100068,멜론매거진이벤트,How to Melon #7 멜로너가 사랑한 꿀기능 TOP10 댓글 이벤트,2024-07-25 18:00,2024-08-18 23:59,여,50대,11572,8509,145,1.7,2,1.38
36300,100068,멜론매거진이벤트,How to Melon #7 멜로너가 사랑한 꿀기능 TOP10 댓글 이벤트,2024-07-25 18:00,2024-08-18 23:59,여,60대이상,5456,3646,21,0.58,0,0.0
36301,100068,멜론매거진이벤트,Swae Lee 댓글 이벤트,2024-07-26 12:00,2024-08-08 23:59,남,10대이하,394,299,41,13.71,0,0.0
36301,100068,멜론매거진이벤트,Swae Lee 댓글 이벤트,2024-07-26 12:00,2024-08-08 23:59,남,20대,1632,1330,169,12.71,3,1.78
36301,100068,멜론매거진이벤트,Swae Lee 댓글 이벤트,2024-07-26 12:00,2024-08-08 23:59,남,30대,2553,2089,167,7.99,0,0.0
36301,100068,멜론매거진이벤트,Swae Lee 댓글 이벤트,2024-07-26 12:00,2024-08-08 23:59,남,40대,1996,1601,95,5.93,0,0.0
36301,100068,멜론매거진이벤트,Swae Lee 댓글 이벤트,2024-07-26 12:00,2024-08-08 23:59,남,50대,1216,957,76,7.94,0,0.0
36301,100068,멜론매거진이벤트,Swae Lee 댓글 이벤트,2024-07-26 12:00,2024-08-08 23:59,남,60대이상,398,318,17,5.35,0,0.0
36301,100068,멜론매거진이벤트,Swae Lee 댓글 이벤트,2024-07-26 12:00,2024-08-08 23:59,여,10대이하,418,370,42,11.35,0,0.0
36301,100068,멜론매거진이벤트,Swae Lee 댓글 이벤트,2024-07-26 12:00,2024-08-08 23:59,여,20대,2115,1781,258,14.49,2,0.78
36301,100068,멜론매거진이벤트,Swae Lee 댓글 이벤트,2024-07-26 12:00,2024-08-08 23:59,여,30대,3077,2552,266,10.42,2,0.75
36301,100068,멜론매거진이벤트,Swae Lee 댓글 이벤트,2024-07-26 12:00,2024-08-08 23:59,여,40대,2896,2383,175,7.34,0,0.0
36301,100068,멜론매거진이벤트,Swae Lee 댓글 이벤트,2024-07-26 12:00,2024-08-08 23:59,여,50대,1777,1359,133,9.79,1,0.75
36301,100068,멜론매거진이벤트,Swae Lee 댓글 이벤트,2024-07-26 12:00,2024-08-08 23:59,여,60대이상,482,385,18,4.68,0,0.0
36303,100068,멜론매거진이벤트,멜론 데이터랩 댓글 이벤트 #40,2024-07-26 12:00,2024-08-09 23:59,남,10대이하,1739,1318,36,2.73,1,2.78
36303,100068,멜론매거진이벤트,멜론 데이터랩 댓글 이벤트 #40,2024-07-26 12:00,2024-08-09 23:59,남,20대,4798,4063,76,1.87,3,3.95
36303,100068,멜론매거진이벤트,멜론 데이터랩 댓글 이벤트 #40,2024-07-26 12:00,2024-08-09 23:59,남,30대,6347,5129,71,1.38,1,1.41
36303,100068,멜론매거진이벤트,멜론 데이터랩 댓글 이벤트 #40,2024-07-26 12:00,2024-08-09 23:59,남,40대,5861,4643,48,1.03,1,2.08
36303,100068,멜론매거진이벤트,멜론 데이터랩 댓글 이벤트 #40,2024-07-26 12:00,2024-08-09 23:59,남,50대,3142,2540,21,0.83,1,4.76
36303,100068,멜론매거진이벤트,멜론 데이터랩 댓글 이벤트 #40,2024-07-26 12:00,2024-08-09 23:59,남,60대이상,694,543,3,0.55,0,0.0
36303,100068,멜론매거진이벤트,멜론 데이터랩 댓글 이벤트 #40,2024-07-26 12:00,2024-08-09 23:59,여,10대이하,3276,2684,61,2.27,0,0.0
36303,100068,멜론매거진이벤트,멜론 데이터랩 댓글 이벤트 #40,2024-07-26 12:00,2024-08-09 23:59,여,20대,8308,7103,166,2.34,0,0.0
36303,100068,멜론매거진이벤트,멜론 데이터랩 댓글 이벤트 #40,2024-07-26 12:00,2024-08-09 23:59,여,30대,7761,6593,91,1.38,1,1.1
36303,100068,멜론매거진이벤트,멜론 데이터랩 댓글 이벤트 #40,2024-07-26 12:00,2024-08-09 23:59,여,40대,8815,7014,86,1.23,0,0.0
36303,100068,멜론매거진이벤트,멜론 데이터랩 댓글 이벤트 #40,2024-07-26 12:00,2024-08-09 23:59,여,50대,4014,3181,35,1.1,0,0.0
36303,100068,멜론매거진이벤트,멜론 데이터랩 댓글 이벤트 #40,2024-07-26 12:00,2024-08-09 23:59,여,60대이상,909,699,6,0.86,0,0.0
36304,100068,멜론매거진이벤트,아이리 칸나 댓글 이벤트,2024-07-25 18:00,2024-08-08 23:59,남,10대이하,1440,545,162,29.72,58,35.8
36304,100068,멜론매거진이벤트,아이리 칸나 댓글 이벤트,2024-07-25 18:00,2024-08-08 23:59,남,20대,1924,970,312,32.16,158,50.64
36304,100068,멜론매거진이벤트,아이리 칸나 댓글 이벤트,2024-07-25 18:00,2024-08-08 23:59,남,30대,1005,588,139,23.64,44,31.65
36304,100068,멜론매거진이벤트,아이리 칸나 댓글 이벤트,2024-07-25 18:00,2024-08-08 23:59,남,40대,733,437,36,8.24,3,8.33
36304,100068,멜론매거진이벤트,아이리 칸나 댓글 이벤트,2024-07-25 18:00,2024-08-08 23:59,남,50대,370,249,22,8.84,1,4.55
36304,100068,멜론매거진이벤트,아이리 칸나 댓글 이벤트,2024-07-25 18:00,2024-08-08 23:59,남,60대이상,66,48,6,12.5,1,16.67
36304,100068,멜론매거진이벤트,아이리 칸나 댓글 이벤트,2024-07-25 18:00,2024-08-08 23:59,여,10대이하,519,353,38,10.76,4,10.53
36304,100068,멜론매거진이벤트,아이리 칸나 댓글 이벤트,2024-07-25 18:00,2024-08-08 23:59,여,20대,948,727,67,9.22,7,10.45
36304,100068,멜론매거진이벤트,아이리 칸나 댓글 이벤트,2024-07-25 18:00,2024-08-08 23:59,여,30대,660,543,15,2.76,0,0.0
36304,100068,멜론매거진이벤트,아이리 칸나 댓글 이벤트,2024-07-25 18:00,2024-08-08 23:59,여,40대,1604,872,71,8.14,2,2.82
36304,100068,멜론매거진이벤트,아이리 칸나 댓글 이벤트,2024-07-25 18:00,2024-08-08 23:59,여,50대,546,372,31,8.33,1,3.23
36304,100068,멜론매거진이벤트,아이리 칸나 댓글 이벤트,2024-07-25 18:00,2024-08-08 23:59,여,60대이상,97,77,5,6.49,2,40.0
36307,100068,멜론매거진이벤트,제20회 제천국제음악영화제 '요시마타 료 토크 콘서트' 댓글 이벤트,2024-07-29 12:00,2024-08-11 23:59,남,10대이하,133,117,8,6.84,0,0.0
36307,100068,멜론매거진이벤트,제20회 제천국제음악영화제 '요시마타 료 토크 콘서트' 댓글 이벤트,2024-07-29 12:00,2024-08-11 23:59,남,20대,647,580,42,7.24,1,2.38
36307,100068,멜론매거진이벤트,제20회 제천국제음악영화제 '요시마타 료 토크 콘서트' 댓글 이벤트,2024-07-29 12:00,2024-08-11 23:59,남,30대,1085,882,78,8.84,0,0.0
36307,100068,멜론매거진이벤트,제20회 제천국제음악영화제 '요시마타 료 토크 콘서트' 댓글 이벤트,2024-07-29 12:00,2024-08-11 23:59,남,40대,772,635,34,5.35,0,0.0
36307,100068,멜론매거진이벤트,제20회 제천국제음악영화제 '요시마타 료 토크 콘서트' 댓글 이벤트,2024-07-29 12:00,2024-08-11 23:59,남,50대,529,430,32,7.44,0,0.0
36307,100068,멜론매거진이벤트,제20회 제천국제음악영화제 '요시마타 료 토크 콘서트' 댓글 이벤트,2024-07-29 12:00,2024-08-11 23:59,남,60대이상,189,155,8,5.16,0,0.0
36307,100068,멜론매거진이벤트,제20회 제천국제음악영화제 '요시마타 료 토크 콘서트' 댓글 이벤트,2024-07-29 12:00,2024-08-11 23:59,여,10대이하,238,210,16,7.62,0,0.0
36307,100068,멜론매거진이벤트,제20회 제천국제음악영화제 '요시마타 료 토크 콘서트' 댓글 이벤트,2024-07-29 12:00,2024-08-11 23:59,여,20대,1111,985,99,10.05,0,0.0
36307,100068,멜론매거진이벤트,제20회 제천국제음악영화제 '요시마타 료 토크 콘서트' 댓글 이벤트,2024-07-29 12:00,2024-08-11 23:59,여,30대,1552,1307,139,10.64,1,0.72
36307,100068,멜론매거진이벤트,제20회 제천국제음악영화제 '요시마타 료 토크 콘서트' 댓글 이벤트,2024-07-29 12:00,2024-08-11 23:59,여,40대,1407,1139,97,8.52,0,0.0
36307,100068,멜론매거진이벤트,제20회 제천국제음악영화제 '요시마타 료 토크 콘서트' 댓글 이벤트,2024-07-29 12:00,2024-08-11 23:59,여,50대,813,667,43,6.45,1,2.33
36307,100068,멜론매거진이벤트,제20회 제천국제음악영화제 '요시마타 료 토크 콘서트' 댓글 이벤트,2024-07-29 12:00,2024-08-11 23:59,여,60대이상,288,226,10,4.42,0,0.0
36308,100068,멜론매거진이벤트,에디션m 제이팝 편 댓글 이벤트,2024-07-29 23:30,2024-08-12 23:59,남,10대이하,504,315,35,11.11,2,5.71
36308,100068,멜론매거진이벤트,에디션m 제이팝 편 댓글 이벤트,2024-07-29 23:30,2024-08-12 23:59,남,20대,1249,919,68,7.4,1,1.47
36308,100068,멜론매거진이벤트,에디션m 제이팝 편 댓글 이벤트,2024-07-29 23:30,2024-08-12 23:59,남,30대,1453,1097,56,5.1,0,0.0
36308,100068,멜론매거진이벤트,에디션m 제이팝 편 댓글 이벤트,2024-07-29 23:30,2024-08-12 23:59,남,40대,1000,783,44,5.62,1,2.27
36308,100068,멜론매거진이벤트,에디션m 제이팝 편 댓글 이벤트,2024-07-29 23:30,2024-08-12 23:59,남,50대,618,451,17,3.77,0,0.0
36308,100068,멜론매거진이벤트,에디션m 제이팝 편 댓글 이벤트,2024-07-29 23:30,2024-08-12 23:59,남,60대이상,197,158,6,3.8,0,0.0
36308,100068,멜론매거진이벤트,에디션m 제이팝 편 댓글 이벤트,2024-07-29 23:30,2024-08-12 23:59,여,10대이하,807,573,50,8.73,1,2.0
36308,100068,멜론매거진이벤트,에디션m 제이팝 편 댓글 이벤트,2024-07-29 23:30,2024-08-12 23:59,여,20대,2583,1827,187,10.24,1,0.53
36308,100068,멜론매거진이벤트,에디션m 제이팝 편 댓글 이벤트,2024-07-29 23:30,2024-08-12 23:59,여,30대,2246,1720,96,5.58,0,0.0
36308,100068,멜론매거진이벤트,에디션m 제이팝 편 댓글 이벤트,2024-07-29 23:30,2024-08-12 23:59,여,40대,2011,1430,79,5.52,1,1.27
36308,100068,멜론매거진이벤트,에디션m 제이팝 편 댓글 이벤트,2024-07-29 23:30,2024-08-12 23:59,여,50대,977,711,25,3.52,2,8.0
36308,100068,멜론매거진이벤트,에디션m 제이팝 편 댓글 이벤트,2024-07-29 23:30,2024-08-12 23:59,여,60대이상,284,215,2,0.93,0,0.0
36311,100068,멜론매거진이벤트,RIIZE 댓글 이벤트,2024-07-29 12:00,2024-08-12 23:59,남,10대이하,230,112,47,41.96,0,0.0
36311,100068,멜론매거진이벤트,RIIZE 댓글 이벤트,2024-07-29 12:00,2024-08-12 23:59,남,20대,289,227,43,18.94,2,4.65
36311,100068,멜론매거진이벤트,RIIZE 댓글 이벤트,2024-07-29 12:00,2024-08-12 23:59,남,30대,349,270,40,14.81,0,0.0
36311,100068,멜론매거진이벤트,RIIZE 댓글 이벤트,2024-07-29 12:00,2024-08-12 23:59,남,40대,736,437,99,22.65,0,0.0
36311,100068,멜론매거진이벤트,RIIZE 댓글 이벤트,2024-07-29 12:00,2024-08-12 23:59,남,50대,604,357,88,24.65,1,1.14
36311,100068,멜론매거진이벤트,RIIZE 댓글 이벤트,2024-07-29 12:00,2024-08-12 23:59,남,60대이상,104,64,12,18.75,0,0.0
36311,100068,멜론매거진이벤트,RIIZE 댓글 이벤트,2024-07-29 12:00,2024-08-12 23:59,여,10대이하,2775,1301,473,36.36,16,3.38
36311,100068,멜론매거진이벤트,RIIZE 댓글 이벤트,2024-07-29 12:00,2024-08-12 23:59,여,20대,3804,2028,626,30.87,9,1.44
36311,100068,멜론매거진이벤트,RIIZE 댓글 이벤트,2024-07-29 12:00,2024-08-12 23:59,여,30대,1966,1110,273,24.59,7,2.56
36311,100068,멜론매거진이벤트,RIIZE 댓글 이벤트,2024-07-29 12:00,2024-08-12 23:59,여,40대,2256,1301,310,23.83,3,0.97
36311,100068,멜론매거진이벤트,RIIZE 댓글 이벤트,2024-07-29 12:00,2024-08-12 23:59,여,50대,774,516,116,22.48,2,1.72
36311,100068,멜론매거진이벤트,RIIZE 댓글 이벤트,2024-07-29 12:00,2024-08-12 23:59,여,60대이상,157,104,19,18.27,1,5.26
36314,100068,멜론매거진이벤트, 구공탄 (비투비) 댓글 이벤트,2024-07-31 18:00,2024-08-14 23:59,남,10대이하,576,475,21,4.42,0,0.0
36314,100068,멜론매거진이벤트, 구공탄 (비투비) 댓글 이벤트,2024-07-31 18:00,2024-08-14 23:59,남,20대,1660,1450,21,1.45,2,9.52
36314,100068,멜론매거진이벤트, 구공탄 (비투비) 댓글 이벤트,2024-07-31 18:00,2024-08-14 23:59,남,30대,2047,1720,25,1.45,0,0.0
36314,100068,멜론매거진이벤트, 구공탄 (비투비) 댓글 이벤트,2024-07-31 18:00,2024-08-14 23:59,남,40대,1715,1345,36,2.68,1,2.78
36314,100068,멜론매거진이벤트, 구공탄 (비투비) 댓글 이벤트,2024-07-31 18:00,2024-08-14 23:59,남,50대,934,741,24,3.24,0,0.0
36314,100068,멜론매거진이벤트, 구공탄 (비투비) 댓글 이벤트,2024-07-31 18:00,2024-08-14 23:59,남,60대이상,289,230,2,0.87,0,0.0
36314,100068,멜론매거진이벤트, 구공탄 (비투비) 댓글 이벤트,2024-07-31 18:00,2024-08-14 23:59,여,10대이하,2022,1177,177,15.04,9,5.08
36314,100068,멜론매거진이벤트, 구공탄 (비투비) 댓글 이벤트,2024-07-31 18:00,2024-08-14 23:59,여,20대,4402,3183,263,8.26,9,3.42
36314,100068,멜론매거진이벤트, 구공탄 (비투비) 댓글 이벤트,2024-07-31 18:00,2024-08-14 23:59,여,30대,4469,3052,189,6.19,6,3.17
36314,100068,멜론매거진이벤트, 구공탄 (비투비) 댓글 이벤트,2024-07-31 18:00,2024-08-14 23:59,여,40대,3727,2780,155,5.58,3,1.94
36314,100068,멜론매거진이벤트, 구공탄 (비투비) 댓글 이벤트,2024-07-31 18:00,2024-08-14 23:59,여,50대,1684,1226,50,4.08,0,0.0
36314,100068,멜론매거진이벤트, 구공탄 (비투비) 댓글 이벤트,2024-07-31 18:00,2024-08-14 23:59,여,60대이상,520,407,5,1.23,0,0.0
36320,100068,멜론매거진이벤트,엘(L) 댓글 이벤트,2024-08-05 18:00,2024-08-19 23:59,남,10대이하,277,237,6,2.53,0,0.0
36320,100068,멜론매거진이벤트,엘(L) 댓글 이벤트,2024-08-05 18:00,2024-08-19 23:59,남,20대,1202,1018,18,1.77,2,11.11
36320,100068,멜론매거진이벤트,엘(L) 댓글 이벤트,2024-08-05 18:00,2024-08-19 23:59,남,30대,1687,1474,9,0.61,1,11.11
36320,100068,멜론매거진이벤트,엘(L) 댓글 이벤트,2024-08-05 18:00,2024-08-19 23:59,남,40대,1191,959,10,1.04,0,0.0
36320,100068,멜론매거진이벤트,엘(L) 댓글 이벤트,2024-08-05 18:00,2024-08-19 23:59,남,50대,670,563,8,1.42,0,0.0
36320,100068,멜론매거진이벤트,엘(L) 댓글 이벤트,2024-08-05 18:00,2024-08-19 23:59,남,60대이상,209,175,2,1.14,0,0.0
36320,100068,멜론매거진이벤트,엘(L) 댓글 이벤트,2024-08-05 18:00,2024-08-19 23:59,여,10대이하,759,548,34,6.2,0,0.0
36320,100068,멜론매거진이벤트,엘(L) 댓글 이벤트,2024-08-05 18:00,2024-08-19 23:59,여,20대,3717,2503,265,10.59,15,5.66
36320,100068,멜론매거진이벤트,엘(L) 댓글 이벤트,2024-08-05 18:00,2024-08-19 23:59,여,30대,3219,2527,80,3.17,5,6.25
36320,100068,멜론매거진이벤트,엘(L) 댓글 이벤트,2024-08-05 18:00,2024-08-19 23:59,여,40대,2591,1962,45,2.29,0,0.0
36320,100068,멜론매거진이벤트,엘(L) 댓글 이벤트,2024-08-05 18:00,2024-08-19 23:59,여,50대,1568,1016,26,2.56,1,3.85
36320,100068,멜론매거진이벤트,엘(L) 댓글 이벤트,2024-08-05 18:00,2024-08-19 23:59,여,60대이상,441,354,3,0.85,0,0.0
36321,100068,멜론매거진이벤트,에디션m 클래식 편 댓글 이벤트,2024-08-05 23:30,2024-08-19 23:59,남,10대이하,666,499,40,8.02,1,2.5
36321,100068,멜론매거진이벤트,에디션m 클래식 편 댓글 이벤트,2024-08-05 23:30,2024-08-19 23:59,남,20대,1897,1472,99,6.73,0,0.0
36321,100068,멜론매거진이벤트,에디션m 클래식 편 댓글 이벤트,2024-08-05 23:30,2024-08-19 23:59,남,30대,2207,1757,90,5.12,0,0.0
36321,100068,멜론매거진이벤트,에디션m 클래식 편 댓글 이벤트,2024-08-05 23:30,2024-08-19 23:59,남,40대,1775,1403,67,4.78,0,0.0
36321,100068,멜론매거진이벤트,에디션m 클래식 편 댓글 이벤트,2024-08-05 23:30,2024-08-19 23:59,남,50대,1067,854,34,3.98,1,2.94
36321,100068,멜론매거진이벤트,에디션m 클래식 편 댓글 이벤트,2024-08-05 23:30,2024-08-19 23:59,남,60대이상,360,277,10,3.61,0,0.0
36321,100068,멜론매거진이벤트,에디션m 클래식 편 댓글 이벤트,2024-08-05 23:30,2024-08-19 23:59,여,10대이하,1092,813,57,7.01,0,0.0
36321,100068,멜론매거진이벤트,에디션m 클래식 편 댓글 이벤트,2024-08-05 23:30,2024-08-19 23:59,여,20대,3247,2488,207,8.32,1,0.48
36321,100068,멜론매거진이벤트,에디션m 클래식 편 댓글 이벤트,2024-08-05 23:30,2024-08-19 23:59,여,30대,3507,2762,149,5.39,1,0.67
36321,100068,멜론매거진이벤트,에디션m 클래식 편 댓글 이벤트,2024-08-05 23:30,2024-08-19 23:59,여,40대,3433,2707,132,4.88,0,0.0
36321,100068,멜론매거진이벤트,에디션m 클래식 편 댓글 이벤트,2024-08-05 23:30,2024-08-19 23:59,여,50대,1706,1312,49,3.73,2,4.08
36321,100068,멜론매거진이벤트,에디션m 클래식 편 댓글 이벤트,2024-08-05 23:30,2024-08-19 23:59,여,60대이상,809,432,7,1.62,0,0.0
36330,100068,멜론매거진이벤트,재현 (JAEHYUN) 댓글 이벤트,2024-08-12 18:00,2024-08-26 23:59,남,10대이하,612,508,8,1.57,0,0.0
36330,100068,멜론매거진이벤트,재현 (JAEHYUN) 댓글 이벤트,2024-08-12 18:00,2024-08-26 23:59,남,20대,2198,1904,37,1.94,0,0.0
36330,100068,멜론매거진이벤트,재현 (JAEHYUN) 댓글 이벤트,2024-08-12 18:00,2024-08-26 23:59,남,30대,2844,2409,30,1.25,0,0.0
36330,100068,멜론매거진이벤트,재현 (JAEHYUN) 댓글 이벤트,2024-08-12 18:00,2024-08-26 23:59,남,40대,2628,2040,76,3.73,0,0.0
36330,100068,멜론매거진이벤트,재현 (JAEHYUN) 댓글 이벤트,2024-08-12 18:00,2024-08-26 23:59,남,50대,1941,1376,97,7.05,0,0.0
36330,100068,멜론매거진이벤트,재현 (JAEHYUN) 댓글 이벤트,2024-08-12 18:00,2024-08-26 23:59,남,60대이상,502,404,7,1.73,0,0.0
36330,100068,멜론매거진이벤트,재현 (JAEHYUN) 댓글 이벤트,2024-08-12 18:00,2024-08-26 23:59,여,10대이하,5387,3320,528,15.9,13,2.46
36330,100068,멜론매거진이벤트,재현 (JAEHYUN) 댓글 이벤트,2024-08-12 18:00,2024-08-26 23:59,여,20대,10505,7213,711,9.86,41,5.77
36330,100068,멜론매거진이벤트,재현 (JAEHYUN) 댓글 이벤트,2024-08-12 18:00,2024-08-26 23:59,여,30대,7328,5153,295,5.72,13,4.41
36330,100068,멜론매거진이벤트,재현 (JAEHYUN) 댓글 이벤트,2024-08-12 18:00,2024-08-26 23:59,여,40대,5999,4392,245,5.58,2,0.82
36330,100068,멜론매거진이벤트,재현 (JAEHYUN) 댓글 이벤트,2024-08-12 18:00,2024-08-26 23:59,여,50대,3193,2290,125,5.46,0,0.0
36330,100068,멜론매거진이벤트,재현 (JAEHYUN) 댓글 이벤트,2024-08-12 18:00,2024-08-26 23:59,여,60대이상,783,581,9,1.55,1,11.11
36332,100068,멜론매거진이벤트,프로미스나인 댓글 이벤트,2024-08-12 18:00,2024-08-26 23:59,남,10대이하,3098,1519,411,27.06,39,9.49
36332,100068,멜론매거진이벤트,프로미스나인 댓글 이벤트,2024-08-12 18:00,2024-08-26 23:59,남,20대,6384,4079,712,17.46,82,11.52
36332,100068,멜론매거진이벤트,프로미스나인 댓글 이벤트,2024-08-12 18:00,2024-08-26 23:59,남,30대,4462,3357,283,8.43,23,8.13
36332,100068,멜론매거진이벤트,프로미스나인 댓글 이벤트,2024-08-12 18:00,2024-08-26 23:59,남,40대,3363,2578,114,4.42,4,3.51
36332,100068,멜론매거진이벤트,프로미스나인 댓글 이벤트,2024-08-12 18:00,2024-08-26 23:59,남,50대,1884,1470,99,6.73,2,2.02
36332,100068,멜론매거진이벤트,프로미스나인 댓글 이벤트,2024-08-12 18:00,2024-08-26 23:59,남,60대이상,468,384,6,1.56,0,0.0
36332,100068,멜론매거진이벤트,프로미스나인 댓글 이벤트,2024-08-12 18:00,2024-08-26 23:59,여,10대이하,2274,1630,169,10.37,14,8.28
36332,100068,멜론매거진이벤트,프로미스나인 댓글 이벤트,2024-08-12 18:00,2024-08-26 23:59,여,20대,5423,4520,165,3.65,11,6.67
36332,100068,멜론매거진이벤트,프로미스나인 댓글 이벤트,2024-08-12 18:00,2024-08-26 23:59,여,30대,4313,3752,51,1.36,2,3.92
36332,100068,멜론매거진이벤트,프로미스나인 댓글 이벤트,2024-08-12 18:00,2024-08-26 23:59,여,40대,5022,3974,143,3.6,6,4.2
36332,100068,멜론매거진이벤트,프로미스나인 댓글 이벤트,2024-08-12 18:00,2024-08-26 23:59,여,50대,2432,1908,101,5.29,3,2.97
36332,100068,멜론매거진이벤트,프로미스나인 댓글 이벤트,2024-08-12 18:00,2024-08-26 23:59,여,60대이상,886,504,19,3.77,2,10.53
36333,100068,멜론매거진이벤트,RAPBEAT 2024 댓글 이벤트,2024-08-13 12:00,2024-08-27 23:59,남,10대이하,410,305,39,12.79,1,2.56
36333,100068,멜론매거진이벤트,RAPBEAT 2024 댓글 이벤트,2024-08-13 12:00,2024-08-27 23:59,남,20대,1305,1117,119,10.65,1,0.84
36333,100068,멜론매거진이벤트,RAPBEAT 2024 댓글 이벤트,2024-08-13 12:00,2024-08-27 23:59,남,30대,1425,1141,100,8.76,0,0.0
36333,100068,멜론매거진이벤트,RAPBEAT 2024 댓글 이벤트,2024-08-13 12:00,2024-08-27 23:59,남,40대,1138,907,63,6.95,0,0.0
36333,100068,멜론매거진이벤트,RAPBEAT 2024 댓글 이벤트,2024-08-13 12:00,2024-08-27 23:59,남,50대,667,524,48,9.16,0,0.0
36333,100068,멜론매거진이벤트,RAPBEAT 2024 댓글 이벤트,2024-08-13 12:00,2024-08-27 23:59,남,60대이상,183,148,6,4.05,0,0.0
36333,100068,멜론매거진이벤트,RAPBEAT 2024 댓글 이벤트,2024-08-13 12:00,2024-08-27 23:59,여,10대이하,1007,811,119,14.67,5,4.2
36333,100068,멜론매거진이벤트,RAPBEAT 2024 댓글 이벤트,2024-08-13 12:00,2024-08-27 23:59,여,20대,2964,2420,380,15.7,7,1.84
36333,100068,멜론매거진이벤트,RAPBEAT 2024 댓글 이벤트,2024-08-13 12:00,2024-08-27 23:59,여,30대,2386,1926,245,12.72,0,0.0
36333,100068,멜론매거진이벤트,RAPBEAT 2024 댓글 이벤트,2024-08-13 12:00,2024-08-27 23:59,여,40대,2208,1793,124,6.92,2,1.61
36333,100068,멜론매거진이벤트,RAPBEAT 2024 댓글 이벤트,2024-08-13 12:00,2024-08-27 23:59,여,50대,1136,882,82,9.3,2,2.44
36333,100068,멜론매거진이벤트,RAPBEAT 2024 댓글 이벤트,2024-08-13 12:00,2024-08-27 23:59,여,60대이상,331,265,10,3.77,0,0.0
36335,100068,멜론매거진이벤트,LUCY 댓글 이벤트 ,2024-08-14 18:00,2024-08-28 23:59,남,10대이하,586,398,51,12.81,2,3.92
36335,100068,멜론매거진이벤트,LUCY 댓글 이벤트 ,2024-08-14 18:00,2024-08-28 23:59,남,20대,1304,1072,66,6.16,2,3.03
36335,100068,멜론매거진이벤트,LUCY 댓글 이벤트 ,2024-08-14 18:00,2024-08-28 23:59,남,30대,1493,1218,36,2.96,1,2.78
36335,100068,멜론매거진이벤트,LUCY 댓글 이벤트 ,2024-08-14 18:00,2024-08-28 23:59,남,40대,1448,951,62,6.52,0,0.0
36335,100068,멜론매거진이벤트,LUCY 댓글 이벤트 ,2024-08-14 18:00,2024-08-28 23:59,남,50대,1033,678,60,8.85,0,0.0
36335,100068,멜론매거진이벤트,LUCY 댓글 이벤트 ,2024-08-14 18:00,2024-08-28 23:59,남,60대이상,240,180,6,3.33,0,0.0
36335,100068,멜론매거진이벤트,LUCY 댓글 이벤트 ,2024-08-14 18:00,2024-08-28 23:59,여,10대이하,4140,1808,506,27.99,32,6.32
36335,100068,멜론매거진이벤트,LUCY 댓글 이벤트 ,2024-08-14 18:00,2024-08-28 23:59,여,20대,5411,3055,518,16.96,28,5.41
36335,100068,멜론매거진이벤트,LUCY 댓글 이벤트 ,2024-08-14 18:00,2024-08-28 23:59,여,30대,2932,2070,137,6.62,5,3.65
36335,100068,멜론매거진이벤트,LUCY 댓글 이벤트 ,2024-08-14 18:00,2024-08-28 23:59,여,40대,2944,1972,163,8.27,3,1.84
36335,100068,멜론매거진이벤트,LUCY 댓글 이벤트 ,2024-08-14 18:00,2024-08-28 23:59,여,50대,1427,983,75,7.63,3,4.0
36335,100068,멜론매거진이벤트,LUCY 댓글 이벤트 ,2024-08-14 18:00,2024-08-28 23:59,여,60대이상,361,254,6,2.36,0,0.0
36336,100068,멜론매거진이벤트, NMIXX 댓글 이벤트,2024-08-19 18:00,2024-09-01 23:59,남,10대이하,7733,2566,696,27.12,76,10.92
36336,100068,멜론매거진이벤트, NMIXX 댓글 이벤트,2024-08-19 18:00,2024-09-01 23:59,남,20대,7481,3456,794,22.97,59,7.43
36336,100068,멜론매거진이벤트, NMIXX 댓글 이벤트,2024-08-19 18:00,2024-09-01 23:59,남,30대,3421,1960,277,14.13,11,3.97
36336,100068,멜론매거진이벤트, NMIXX 댓글 이벤트,2024-08-19 18:00,2024-09-01 23:59,남,40대,3576,1830,195,10.66,5,2.56
36336,100068,멜론매거진이벤트, NMIXX 댓글 이벤트,2024-08-19 18:00,2024-09-01 23:59,남,50대,1989,1049,109,10.39,3,2.75
36336,100068,멜론매거진이벤트, NMIXX 댓글 이벤트,2024-08-19 18:00,2024-09-01 23:59,남,60대이상,240,173,14,8.09,1,7.14
36336,100068,멜론매거진이벤트, NMIXX 댓글 이벤트,2024-08-19 18:00,2024-09-01 23:59,여,10대이하,4271,1796,406,22.61,37,9.11
36336,100068,멜론매거진이벤트, NMIXX 댓글 이벤트,2024-08-19 18:00,2024-09-01 23:59,여,20대,4358,2452,367,14.97,19,5.18
36336,100068,멜론매거진이벤트, NMIXX 댓글 이벤트,2024-08-19 18:00,2024-09-01 23:59,여,30대,2342,1471,105,7.14,2,1.9
36336,100068,멜론매거진이벤트, NMIXX 댓글 이벤트,2024-08-19 18:00,2024-09-01 23:59,여,40대,5669,2830,324,11.45,7,2.16
36336,100068,멜론매거진이벤트, NMIXX 댓글 이벤트,2024-08-19 18:00,2024-09-01 23:59,여,50대,1996,1063,129,12.14,3,2.33
36336,100068,멜론매거진이벤트, NMIXX 댓글 이벤트,2024-08-19 18:00,2024-09-01 23:59,여,60대이상,299,155,15,9.68,1,6.67
36340,100068,멜론매거진이벤트,Post Malone 댓글 이벤트,2024-08-16 12:00,2024-08-30 23:59,남,10대이하,1366,992,65,6.55,2,3.08
36340,100068,멜론매거진이벤트,Post Malone 댓글 이벤트,2024-08-16 12:00,2024-08-30 23:59,남,20대,4261,3456,173,5.01,2,1.16
36340,100068,멜론매거진이벤트,Post Malone 댓글 이벤트,2024-08-16 12:00,2024-08-30 23:59,남,30대,4448,3615,95,2.63,0,0.0
36340,100068,멜론매거진이벤트,Post Malone 댓글 이벤트,2024-08-16 12:00,2024-08-30 23:59,남,40대,3155,2478,38,1.53,0,0.0
36340,100068,멜론매거진이벤트,Post Malone 댓글 이벤트,2024-08-16 12:00,2024-08-30 23:59,남,50대,1957,1503,37,2.46,0,0.0
36340,100068,멜론매거진이벤트,Post Malone 댓글 이벤트,2024-08-16 12:00,2024-08-30 23:59,남,60대이상,618,484,8,1.65,0,0.0
36340,100068,멜론매거진이벤트,Post Malone 댓글 이벤트,2024-08-16 12:00,2024-08-30 23:59,여,10대이하,1404,1145,58,5.07,1,1.72
36340,100068,멜론매거진이벤트,Post Malone 댓글 이벤트,2024-08-16 12:00,2024-08-30 23:59,여,20대,4763,3967,179,4.51,3,1.68
36340,100068,멜론매거진이벤트,Post Malone 댓글 이벤트,2024-08-16 12:00,2024-08-30 23:59,여,30대,5114,4354,88,2.02,0,0.0
36340,100068,멜론매거진이벤트,Post Malone 댓글 이벤트,2024-08-16 12:00,2024-08-30 23:59,여,40대,5037,4015,71,1.77,2,2.82
36340,100068,멜론매거진이벤트,Post Malone 댓글 이벤트,2024-08-16 12:00,2024-08-30 23:59,여,50대,2821,2211,64,2.89,0,0.0
36340,100068,멜론매거진이벤트,Post Malone 댓글 이벤트,2024-08-16 12:00,2024-08-30 23:59,여,60대이상,1550,644,6,0.93,0,0.0
36342,100068,멜론매거진이벤트,태민 (TAEMIN) 댓글 이벤트,2024-08-19 18:00,2024-09-02 23:59,남,10대이하,416,341,7,2.05,0,0.0
36342,100068,멜론매거진이벤트,태민 (TAEMIN) 댓글 이벤트,2024-08-19 18:00,2024-09-02 23:59,남,20대,1497,1308,27,2.06,0,0.0
36342,100068,멜론매거진이벤트,태민 (TAEMIN) 댓글 이벤트,2024-08-19 18:00,2024-09-02 23:59,남,30대,1935,1581,26,1.64,0,0.0
36342,100068,멜론매거진이벤트,태민 (TAEMIN) 댓글 이벤트,2024-08-19 18:00,2024-09-02 23:59,남,40대,1547,1244,21,1.69,0,0.0
36342,100068,멜론매거진이벤트,태민 (TAEMIN) 댓글 이벤트,2024-08-19 18:00,2024-09-02 23:59,남,50대,926,731,20,2.74,0,0.0
36342,100068,멜론매거진이벤트,태민 (TAEMIN) 댓글 이벤트,2024-08-19 18:00,2024-09-02 23:59,남,60대이상,341,244,5,2.05,1,20.0
36342,100068,멜론매거진이벤트,태민 (TAEMIN) 댓글 이벤트,2024-08-19 18:00,2024-09-02 23:59,여,10대이하,1766,1074,134,12.48,11,8.21
36342,100068,멜론매거진이벤트,태민 (TAEMIN) 댓글 이벤트,2024-08-19 18:00,2024-09-02 23:59,여,20대,5915,3645,491,13.47,89,18.13
36342,100068,멜론매거진이벤트,태민 (TAEMIN) 댓글 이벤트,2024-08-19 18:00,2024-09-02 23:59,여,30대,6133,3867,394,10.19,74,18.78
36342,100068,멜론매거진이벤트,태민 (TAEMIN) 댓글 이벤트,2024-08-19 18:00,2024-09-02 23:59,여,40대,4710,2884,178,6.17,21,11.8
36342,100068,멜론매거진이벤트,태민 (TAEMIN) 댓글 이벤트,2024-08-19 18:00,2024-09-02 23:59,여,50대,1824,1260,56,4.44,3,5.36
36342,100068,멜론매거진이벤트,태민 (TAEMIN) 댓글 이벤트,2024-08-19 18:00,2024-09-02 23:59,여,60대이상,886,379,11,2.9,2,18.18
36348,100068,멜론매거진이벤트,NCT DREAM 댓글 이벤트,2024-08-23 13:00,2024-09-06 23:59,남,10대이하,651,511,32,6.26,3,9.38
36348,100068,멜론매거진이벤트,NCT DREAM 댓글 이벤트,2024-08-23 13:00,2024-09-06 23:59,남,20대,1875,1582,59,3.73,1,1.69
36348,100068,멜론매거진이벤트,NCT DREAM 댓글 이벤트,2024-08-23 13:00,2024-09-06 23:59,남,30대,2557,2130,49,2.3,0,0.0
36348,100068,멜론매거진이벤트,NCT DREAM 댓글 이벤트,2024-08-23 13:00,2024-09-06 23:59,남,40대,2965,2119,160,7.55,0,0.0
36348,100068,멜론매거진이벤트,NCT DREAM 댓글 이벤트,2024-08-23 13:00,2024-09-06 23:59,남,50대,1951,1447,130,8.98,1,0.77
36348,100068,멜론매거진이벤트,NCT DREAM 댓글 이벤트,2024-08-23 13:00,2024-09-06 23:59,남,60대이상,486,396,11,2.78,0,0.0
36348,100068,멜론매거진이벤트,NCT DREAM 댓글 이벤트,2024-08-23 13:00,2024-09-06 23:59,여,10대이하,5814,3224,785,24.35,36,4.59
36348,100068,멜론매거진이벤트,NCT DREAM 댓글 이벤트,2024-08-23 13:00,2024-09-06 23:59,여,20대,8291,5368,917,17.08,20,2.18
36348,100068,멜론매거진이벤트,NCT DREAM 댓글 이벤트,2024-08-23 13:00,2024-09-06 23:59,여,30대,5730,4095,339,8.28,13,3.83
36348,100068,멜론매거진이벤트,NCT DREAM 댓글 이벤트,2024-08-23 13:00,2024-09-06 23:59,여,40대,6216,4304,399,9.27,3,0.75
36348,100068,멜론매거진이벤트,NCT DREAM 댓글 이벤트,2024-08-23 13:00,2024-09-06 23:59,여,50대,2809,2039,164,8.04,0,0.0
36348,100068,멜론매거진이벤트,NCT DREAM 댓글 이벤트,2024-08-23 13:00,2024-09-06 23:59,여,60대이상,830,549,24,4.37,0,0.0
36351,100068,멜론매거진이벤트,이세계아이돌 천일 축하 댓글 이벤트,2024-08-26 18:00,2024-09-01 23:59,남,10대이하,20110,4480,1441,32.17,825,57.25
36351,100068,멜론매거진이벤트,이세계아이돌 천일 축하 댓글 이벤트,2024-08-26 18:00,2024-09-01 23:59,남,20대,25053,7498,2365,31.54,1085,45.88
36351,100068,멜론매거진이벤트,이세계아이돌 천일 축하 댓글 이벤트,2024-08-26 18:00,2024-09-01 23:59,남,30대,9126,3417,923,27.01,230,24.92
36351,100068,멜론매거진이벤트,이세계아이돌 천일 축하 댓글 이벤트,2024-08-26 18:00,2024-09-01 23:59,남,40대,3138,1442,194,13.45,19,9.79
36351,100068,멜론매거진이벤트,이세계아이돌 천일 축하 댓글 이벤트,2024-08-26 18:00,2024-09-01 23:59,남,50대,1893,779,151,19.38,16,10.6
36351,100068,멜론매거진이벤트,이세계아이돌 천일 축하 댓글 이벤트,2024-08-26 18:00,2024-09-01 23:59,남,60대이상,345,155,25,16.13,5,20.0
36351,100068,멜론매거진이벤트,이세계아이돌 천일 축하 댓글 이벤트,2024-08-26 18:00,2024-09-01 23:59,여,10대이하,5000,1726,369,21.38,130,35.23
36351,100068,멜론매거진이벤트,이세계아이돌 천일 축하 댓글 이벤트,2024-08-26 18:00,2024-09-01 23:59,여,20대,6426,3003,550,18.32,126,22.91
36351,100068,멜론매거진이벤트,이세계아이돌 천일 축하 댓글 이벤트,2024-08-26 18:00,2024-09-01 23:59,여,30대,2740,1622,156,9.62,34,21.79
36351,100068,멜론매거진이벤트,이세계아이돌 천일 축하 댓글 이벤트,2024-08-26 18:00,2024-09-01 23:59,여,40대,6235,2660,401,15.08,34,8.48
36351,100068,멜론매거진이벤트,이세계아이돌 천일 축하 댓글 이벤트,2024-08-26 18:00,2024-09-01 23:59,여,50대,2143,1051,195,18.55,25,12.82
36351,100068,멜론매거진이벤트,이세계아이돌 천일 축하 댓글 이벤트,2024-08-26 18:00,2024-09-01 23:59,여,60대이상,455,221,35,15.84,7,20.0
36352,100068,멜론매거진이벤트,오마이걸 (OH MY GIRL) 댓글 이벤트,2024-08-26 18:00,2024-09-09 23:59,남,10대이하,665,413,66,15.98,5,7.58
36352,100068,멜론매거진이벤트,오마이걸 (OH MY GIRL) 댓글 이벤트,2024-08-26 18:00,2024-09-09 23:59,남,20대,2333,1495,183,12.24,9,4.92
36352,100068,멜론매거진이벤트,오마이걸 (OH MY GIRL) 댓글 이벤트,2024-08-26 18:00,2024-09-09 23:59,남,30대,2085,1464,136,9.29,4,2.94
36352,100068,멜론매거진이벤트,오마이걸 (OH MY GIRL) 댓글 이벤트,2024-08-26 18:00,2024-09-09 23:59,남,40대,1518,1101,84,7.63,2,2.38
36352,100068,멜론매거진이벤트,오마이걸 (OH MY GIRL) 댓글 이벤트,2024-08-26 18:00,2024-09-09 23:59,남,50대,792,581,40,6.88,2,5.0
36352,100068,멜론매거진이벤트,오마이걸 (OH MY GIRL) 댓글 이벤트,2024-08-26 18:00,2024-09-09 23:59,남,60대이상,203,163,5,3.07,0,0.0
36352,100068,멜론매거진이벤트,오마이걸 (OH MY GIRL) 댓글 이벤트,2024-08-26 18:00,2024-09-09 23:59,여,10대이하,1340,780,135,17.31,11,8.15
36352,100068,멜론매거진이벤트,오마이걸 (OH MY GIRL) 댓글 이벤트,2024-08-26 18:00,2024-09-09 23:59,여,20대,3511,2589,201,7.76,12,5.97
36352,100068,멜론매거진이벤트,오마이걸 (OH MY GIRL) 댓글 이벤트,2024-08-26 18:00,2024-09-09 23:59,여,30대,2600,2029,98,4.83,7,7.14
36352,100068,멜론매거진이벤트,오마이걸 (OH MY GIRL) 댓글 이벤트,2024-08-26 18:00,2024-09-09 23:59,여,40대,2455,1813,92,5.07,1,1.09
36352,100068,멜론매거진이벤트,오마이걸 (OH MY GIRL) 댓글 이벤트,2024-08-26 18:00,2024-09-09 23:59,여,50대,1126,855,36,4.21,0,0.0
36352,100068,멜론매거진이벤트,오마이걸 (OH MY GIRL) 댓글 이벤트,2024-08-26 18:00,2024-09-09 23:59,여,60대이상,324,258,6,2.33,0,0.0
36357,100068,멜론매거진이벤트,ZEROBASEONE (제로베이스원) 댓글 이벤트,2024-08-26 18:00,2024-09-09 23:59,남,10대이하,449,335,40,11.94,1,2.5
36357,100068,멜론매거진이벤트,ZEROBASEONE (제로베이스원) 댓글 이벤트,2024-08-26 18:00,2024-09-09 23:59,남,20대,1173,1014,53,5.23,1,1.89
36357,100068,멜론매거진이벤트,ZEROBASEONE (제로베이스원) 댓글 이벤트,2024-08-26 18:00,2024-09-09 23:59,남,30대,1683,1409,29,2.06,0,0.0
36357,100068,멜론매거진이벤트,ZEROBASEONE (제로베이스원) 댓글 이벤트,2024-08-26 18:00,2024-09-09 23:59,남,40대,2390,1482,170,11.47,4,2.35
36357,100068,멜론매거진이벤트,ZEROBASEONE (제로베이스원) 댓글 이벤트,2024-08-26 18:00,2024-09-09 23:59,남,50대,1293,888,106,11.94,4,3.77
36357,100068,멜론매거진이벤트,ZEROBASEONE (제로베이스원) 댓글 이벤트,2024-08-26 18:00,2024-09-09 23:59,남,60대이상,263,205,9,4.39,1,11.11
36357,100068,멜론매거진이벤트,ZEROBASEONE (제로베이스원) 댓글 이벤트,2024-08-26 18:00,2024-09-09 23:59,여,10대이하,6226,2903,897,30.9,59,6.58
36357,100068,멜론매거진이벤트,ZEROBASEONE (제로베이스원) 댓글 이벤트,2024-08-26 18:00,2024-09-09 23:59,여,20대,5825,3565,744,20.87,37,4.97
36357,100068,멜론매거진이벤트,ZEROBASEONE (제로베이스원) 댓글 이벤트,2024-08-26 18:00,2024-09-09 23:59,여,30대,4212,2862,301,10.52,15,4.98
36357,100068,멜론매거진이벤트,ZEROBASEONE (제로베이스원) 댓글 이벤트,2024-08-26 18:00,2024-09-09 23:59,여,40대,5884,3418,485,14.19,8,1.65
36357,100068,멜론매거진이벤트,ZEROBASEONE (제로베이스원) 댓글 이벤트,2024-08-26 18:00,2024-09-09 23:59,여,50대,1841,1289,121,9.39,2,1.65
36357,100068,멜론매거진이벤트,ZEROBASEONE (제로베이스원) 댓글 이벤트,2024-08-26 18:00,2024-09-09 23:59,여,60대이상,459,358,16,4.47,0,0.0
36359,100068,멜론매거진이벤트,Oasis 댓글 이벤트,2024-08-30 12:00,2024-09-13 23:59,남,10대이하,1241,828,145,17.51,4,2.76
36359,100068,멜론매거진이벤트,Oasis 댓글 이벤트,2024-08-30 12:00,2024-09-13 23:59,남,20대,2769,2228,309,13.87,3,0.97
36359,100068,멜론매거진이벤트,Oasis 댓글 이벤트,2024-08-30 12:00,2024-09-13 23:59,남,30대,2894,2314,216,9.33,2,0.93
36359,100068,멜론매거진이벤트,Oasis 댓글 이벤트,2024-08-30 12:00,2024-09-13 23:59,남,40대,2717,2043,157,7.68,2,1.27
36359,100068,멜론매거진이벤트,Oasis 댓글 이벤트,2024-08-30 12:00,2024-09-13 23:59,남,50대,1951,1412,169,11.97,2,1.18
36359,100068,멜론매거진이벤트,Oasis 댓글 이벤트,2024-08-30 12:00,2024-09-13 23:59,남,60대이상,475,376,16,4.26,0,0.0
36359,100068,멜론매거진이벤트,Oasis 댓글 이벤트,2024-08-30 12:00,2024-09-13 23:59,여,10대이하,2027,1505,235,15.61,5,2.13
36359,100068,멜론매거진이벤트,Oasis 댓글 이벤트,2024-08-30 12:00,2024-09-13 23:59,여,20대,5190,4044,589,14.56,10,1.7
36359,100068,멜론매거진이벤트,Oasis 댓글 이벤트,2024-08-30 12:00,2024-09-13 23:59,여,30대,4054,3247,284,8.75,3,1.06
36359,100068,멜론매거진이벤트,Oasis 댓글 이벤트,2024-08-30 12:00,2024-09-13 23:59,여,40대,4547,3485,287,8.24,4,1.39
36359,100068,멜론매거진이벤트,Oasis 댓글 이벤트,2024-08-30 12:00,2024-09-13 23:59,여,50대,2858,2101,254,12.09,0,0.0
36359,100068,멜론매거진이벤트,Oasis 댓글 이벤트,2024-08-30 12:00,2024-09-13 23:59,여,60대이상,617,484,27,5.58,0,0.0
36361,100068,멜론매거진이벤트,멜론 데이터랩 댓글 이벤트 #41,2024-08-29 12:00,2024-09-12 23:59,남,10대이하,1579,1191,28,2.35,1,3.57
36361,100068,멜론매거진이벤트,멜론 데이터랩 댓글 이벤트 #41,2024-08-29 12:00,2024-09-12 23:59,남,20대,4010,3518,44,1.25,0,0.0
36361,100068,멜론매거진이벤트,멜론 데이터랩 댓글 이벤트 #41,2024-08-29 12:00,2024-09-12 23:59,남,30대,4816,4099,49,1.2,0,0.0
36361,100068,멜론매거진이벤트,멜론 데이터랩 댓글 이벤트 #41,2024-08-29 12:00,2024-09-12 23:59,남,40대,4582,3727,33,0.89,0,0.0
36361,100068,멜론매거진이벤트,멜론 데이터랩 댓글 이벤트 #41,2024-08-29 12:00,2024-09-12 23:59,남,50대,2241,1836,14,0.76,0,0.0
36361,100068,멜론매거진이벤트,멜론 데이터랩 댓글 이벤트 #41,2024-08-29 12:00,2024-09-12 23:59,남,60대이상,618,487,2,0.41,0,0.0
36361,100068,멜론매거진이벤트,멜론 데이터랩 댓글 이벤트 #41,2024-08-29 12:00,2024-09-12 23:59,여,10대이하,2309,1922,57,2.97,1,1.75
36361,100068,멜론매거진이벤트,멜론 데이터랩 댓글 이벤트 #41,2024-08-29 12:00,2024-09-12 23:59,여,20대,6497,5652,125,2.21,2,1.6
36361,100068,멜론매거진이벤트,멜론 데이터랩 댓글 이벤트 #41,2024-08-29 12:00,2024-09-12 23:59,여,30대,6896,5975,60,1.0,0,0.0
36361,100068,멜론매거진이벤트,멜론 데이터랩 댓글 이벤트 #41,2024-08-29 12:00,2024-09-12 23:59,여,40대,7314,6022,58,0.96,0,0.0
36361,100068,멜론매거진이벤트,멜론 데이터랩 댓글 이벤트 #41,2024-08-29 12:00,2024-09-12 23:59,여,50대,3270,2630,21,0.8,0,0.0
36361,100068,멜론매거진이벤트,멜론 데이터랩 댓글 이벤트 #41,2024-08-29 12:00,2024-09-12 23:59,여,60대이상,798,642,2,0.31,0,0.0
36366,100068,멜론매거진이벤트,LE SSERAFIM (르세라핌) 댓글 이벤트,2024-08-30 13:00,2024-09-13 23:59,남,10대이하,3253,1734,328,18.92,17,5.18
36366,100068,멜론매거진이벤트,LE SSERAFIM (르세라핌) 댓글 이벤트,2024-08-30 13:00,2024-09-13 23:59,남,20대,5039,3112,459,14.75,18,3.92
36366,100068,멜론매거진이벤트,LE SSERAFIM (르세라핌) 댓글 이벤트,2024-08-30 13:00,2024-09-13 23:59,남,30대,4460,2884,413,14.32,19,4.6
36366,100068,멜론매거진이벤트,LE SSERAFIM (르세라핌) 댓글 이벤트,2024-08-30 13:00,2024-09-13 23:59,남,40대,4989,3070,316,10.29,10,3.16
36366,100068,멜론매거진이벤트,LE SSERAFIM (르세라핌) 댓글 이벤트,2024-08-30 13:00,2024-09-13 23:59,남,50대,2203,1354,114,8.42,3,2.63
36366,100068,멜론매거진이벤트,LE SSERAFIM (르세라핌) 댓글 이벤트,2024-08-30 13:00,2024-09-13 23:59,남,60대이상,407,283,10,3.53,1,10.0
36366,100068,멜론매거진이벤트,LE SSERAFIM (르세라핌) 댓글 이벤트,2024-08-30 13:00,2024-09-13 23:59,여,10대이하,3126,1994,228,11.43,12,5.26
36366,100068,멜론매거진이벤트,LE SSERAFIM (르세라핌) 댓글 이벤트,2024-08-30 13:00,2024-09-13 23:59,여,20대,5269,3852,313,8.13,19,6.07
36366,100068,멜론매거진이벤트,LE SSERAFIM (르세라핌) 댓글 이벤트,2024-08-30 13:00,2024-09-13 23:59,여,30대,3887,2839,156,5.49,9,5.77
36366,100068,멜론매거진이벤트,LE SSERAFIM (르세라핌) 댓글 이벤트,2024-08-30 13:00,2024-09-13 23:59,여,40대,6504,4185,261,6.24,4,1.53
36366,100068,멜론매거진이벤트,LE SSERAFIM (르세라핌) 댓글 이벤트,2024-08-30 13:00,2024-09-13 23:59,여,50대,2378,1697,117,6.89,1,0.85
36366,100068,멜론매거진이벤트,LE SSERAFIM (르세라핌) 댓글 이벤트,2024-08-30 13:00,2024-09-13 23:59,여,60대이상,707,383,18,4.7,0,0.0
36370,100068,멜론매거진이벤트,MEOVV (미야오) 댓글 이벤트,2024-08-30 19:00,2024-09-10 23:59,남,10대이하,1034,681,39,5.73,2,5.13
36370,100068,멜론매거진이벤트,MEOVV (미야오) 댓글 이벤트,2024-08-30 19:00,2024-09-10 23:59,남,20대,3141,2301,100,4.35,8,8.0
36370,100068,멜론매거진이벤트,MEOVV (미야오) 댓글 이벤트,2024-08-30 19:00,2024-09-10 23:59,남,30대,3918,2977,59,1.98,0,0.0
36370,100068,멜론매거진이벤트,MEOVV (미야오) 댓글 이벤트,2024-08-30 19:00,2024-09-10 23:59,남,40대,3840,2726,75,2.75,1,1.33
36370,100068,멜론매거진이벤트,MEOVV (미야오) 댓글 이벤트,2024-08-30 19:00,2024-09-10 23:59,남,50대,2211,1648,56,3.4,0,0.0
36370,100068,멜론매거진이벤트,MEOVV (미야오) 댓글 이벤트,2024-08-30 19:00,2024-09-10 23:59,남,60대이상,596,449,11,2.45,2,18.18
36370,100068,멜론매거진이벤트,MEOVV (미야오) 댓글 이벤트,2024-08-30 19:00,2024-09-10 23:59,여,10대이하,4091,2222,269,12.11,40,14.87
36370,100068,멜론매거진이벤트,MEOVV (미야오) 댓글 이벤트,2024-08-30 19:00,2024-09-10 23:59,여,20대,9193,5980,484,8.09,37,7.64
36370,100068,멜론매거진이벤트,MEOVV (미야오) 댓글 이벤트,2024-08-30 19:00,2024-09-10 23:59,여,30대,5609,4353,82,1.88,7,8.54
36370,100068,멜론매거진이벤트,MEOVV (미야오) 댓글 이벤트,2024-08-30 19:00,2024-09-10 23:59,여,40대,6360,4489,134,2.99,1,0.75
36370,100068,멜론매거진이벤트,MEOVV (미야오) 댓글 이벤트,2024-08-30 19:00,2024-09-10 23:59,여,50대,3040,2156,72,3.34,0,0.0
36370,100068,멜론매거진이벤트,MEOVV (미야오) 댓글 이벤트,2024-08-30 19:00,2024-09-10 23:59,여,60대이상,815,604,7,1.16,0,0.0
36371,100068,멜론매거진이벤트,영화 '비긴 어게인' 10주년 댓글 이벤트,2024-09-03 14:00,2024-09-08 23:59,남,10대이하,562,436,17,3.9,0,0.0
36371,100068,멜론매거진이벤트,영화 '비긴 어게인' 10주년 댓글 이벤트,2024-09-03 14:00,2024-09-08 23:59,남,20대,1418,1214,70,5.77,0,0.0
36371,100068,멜론매거진이벤트,영화 '비긴 어게인' 10주년 댓글 이벤트,2024-09-03 14:00,2024-09-08 23:59,남,30대,1414,1213,51,4.2,0,0.0
36371,100068,멜론매거진이벤트,영화 '비긴 어게인' 10주년 댓글 이벤트,2024-09-03 14:00,2024-09-08 23:59,남,40대,1190,1022,33,3.23,0,0.0
36371,100068,멜론매거진이벤트,영화 '비긴 어게인' 10주년 댓글 이벤트,2024-09-03 14:00,2024-09-08 23:59,남,50대,765,633,30,4.74,0,0.0
36371,100068,멜론매거진이벤트,영화 '비긴 어게인' 10주년 댓글 이벤트,2024-09-03 14:00,2024-09-08 23:59,남,60대이상,172,145,1,0.69,0,0.0
36371,100068,멜론매거진이벤트,영화 '비긴 어게인' 10주년 댓글 이벤트,2024-09-03 14:00,2024-09-08 23:59,여,10대이하,844,731,59,8.07,1,1.69
36371,100068,멜론매거진이벤트,영화 '비긴 어게인' 10주년 댓글 이벤트,2024-09-03 14:00,2024-09-08 23:59,여,20대,2698,2293,204,8.9,3,1.47
36371,100068,멜론매거진이벤트,영화 '비긴 어게인' 10주년 댓글 이벤트,2024-09-03 14:00,2024-09-08 23:59,여,30대,2529,2152,131,6.09,2,1.53
36371,100068,멜론매거진이벤트,영화 '비긴 어게인' 10주년 댓글 이벤트,2024-09-03 14:00,2024-09-08 23:59,여,40대,2547,2110,71,3.36,0,0.0
36371,100068,멜론매거진이벤트,영화 '비긴 어게인' 10주년 댓글 이벤트,2024-09-03 14:00,2024-09-08 23:59,여,50대,1245,1026,42,4.09,0,0.0
36371,100068,멜론매거진이벤트,영화 '비긴 어게인' 10주년 댓글 이벤트,2024-09-03 14:00,2024-09-08 23:59,여,60대이상,306,258,2,0.78,0,0.0
36374,100068,멜론매거진이벤트,온유 (ONEW) 댓글 이벤트,2024-09-03 18:00,2024-09-17 23:59,남,20대,462,401,12,2.99,0,0.0
36374,100068,멜론매거진이벤트,온유 (ONEW) 댓글 이벤트,2024-09-03 18:00,2024-09-17 23:59,남,30대,639,534,13,2.43,0,0.0
36374,100068,멜론매거진이벤트,온유 (ONEW) 댓글 이벤트,2024-09-03 18:00,2024-09-17 23:59,남,40대,480,374,14,3.74,0,0.0
36374,100068,멜론매거진이벤트,온유 (ONEW) 댓글 이벤트,2024-09-03 18:00,2024-09-17 23:59,남,50대,242,204,4,1.96,0,0.0
36374,100068,멜론매거진이벤트,온유 (ONEW) 댓글 이벤트,2024-09-03 18:00,2024-09-17 23:59,남,60대이상,105,79,1,1.27,0,0.0
36374,100068,멜론매거진이벤트,온유 (ONEW) 댓글 이벤트,2024-09-03 18:00,2024-09-17 23:59,여,10대이하,571,403,50,12.41,3,6.0
36374,100068,멜론매거진이벤트,온유 (ONEW) 댓글 이벤트,2024-09-03 18:00,2024-09-17 23:59,여,20대,1743,1191,142,11.92,1,0.7
36374,100068,멜론매거진이벤트,온유 (ONEW) 댓글 이벤트,2024-09-03 18:00,2024-09-17 23:59,여,30대,2131,1378,140,10.16,13,9.29
36374,100068,멜론매거진이벤트,온유 (ONEW) 댓글 이벤트,2024-09-03 18:00,2024-09-17 23:59,여,40대,1843,1131,98,8.66,6,6.12
36374,100068,멜론매거진이벤트,온유 (ONEW) 댓글 이벤트,2024-09-03 18:00,2024-09-17 23:59,여,50대,666,478,25,5.23,0,0.0
36374,100068,멜론매거진이벤트,온유 (ONEW) 댓글 이벤트,2024-09-03 18:00,2024-09-17 23:59,여,60대이상,185,142,3,2.11,0,0.0
36375,100068,멜론매거진이벤트,영탁 댓글 이벤트,2024-09-03 18:00,2024-09-17 23:59,남,10대이하,47,32,3,9.38,0,0.0
36375,100068,멜론매거진이벤트,영탁 댓글 이벤트,2024-09-03 18:00,2024-09-17 23:59,남,20대,246,153,13,8.5,0,0.0
36375,100068,멜론매거진이벤트,영탁 댓글 이벤트,2024-09-03 18:00,2024-09-17 23:59,남,30대,373,275,23,8.36,0,0.0
36375,100068,멜론매거진이벤트,영탁 댓글 이벤트,2024-09-03 18:00,2024-09-17 23:59,남,40대,277,192,14,7.29,0,0.0
36375,100068,멜론매거진이벤트,영탁 댓글 이벤트,2024-09-03 18:00,2024-09-17 23:59,남,50대,239,142,16,11.27,0,0.0
36375,100068,멜론매거진이벤트,영탁 댓글 이벤트,2024-09-03 18:00,2024-09-17 23:59,남,60대이상,200,101,8,7.92,0,0.0
36375,100068,멜론매거진이벤트,영탁 댓글 이벤트,2024-09-03 18:00,2024-09-17 23:59,여,10대이하,174,124,23,18.55,1,4.35
36375,100068,멜론매거진이벤트,영탁 댓글 이벤트,2024-09-03 18:00,2024-09-17 23:59,여,20대,570,345,50,14.49,3,6.0
36375,100068,멜론매거진이벤트,영탁 댓글 이벤트,2024-09-03 18:00,2024-09-17 23:59,여,30대,1274,577,95,16.46,8,8.42
36375,100068,멜론매거진이벤트,영탁 댓글 이벤트,2024-09-03 18:00,2024-09-17 23:59,여,40대,2054,782,178,22.76,8,4.49
36375,100068,멜론매거진이벤트,영탁 댓글 이벤트,2024-09-03 18:00,2024-09-17 23:59,여,50대,3076,1087,220,20.24,3,1.36
36375,100068,멜론매거진이벤트,영탁 댓글 이벤트,2024-09-03 18:00,2024-09-17 23:59,여,60대이상,2371,906,111,12.25,3,2.7
36376,100068,멜론매거진이벤트,'엄마친구아들' 댓글 이벤트 #1,2024-09-05 19:00,2024-09-19 23:59,남,10대이하,775,531,51,9.6,0,0.0
36376,100068,멜론매거진이벤트,'엄마친구아들' 댓글 이벤트 #1,2024-09-05 19:00,2024-09-19 23:59,남,20대,2614,2161,141,6.52,3,2.13
36376,100068,멜론매거진이벤트,'엄마친구아들' 댓글 이벤트 #1,2024-09-05 19:00,2024-09-19 23:59,남,30대,4169,3005,117,3.89,2,1.71
36376,100068,멜론매거진이벤트,'엄마친구아들' 댓글 이벤트 #1,2024-09-05 19:00,2024-09-19 23:59,남,40대,4523,3204,182,5.68,4,2.2
36376,100068,멜론매거진이벤트,'엄마친구아들' 댓글 이벤트 #1,2024-09-05 19:00,2024-09-19 23:59,남,50대,2102,1454,129,8.87,0,0.0
36376,100068,멜론매거진이벤트,'엄마친구아들' 댓글 이벤트 #1,2024-09-05 19:00,2024-09-19 23:59,남,60대이상,431,298,9,3.02,0,0.0
36376,100068,멜론매거진이벤트,'엄마친구아들' 댓글 이벤트 #1,2024-09-05 19:00,2024-09-19 23:59,여,10대이하,3961,2252,464,20.6,26,5.6
36376,100068,멜론매거진이벤트,'엄마친구아들' 댓글 이벤트 #1,2024-09-05 19:00,2024-09-19 23:59,여,20대,7589,5055,614,12.15,21,3.42
36376,100068,멜론매거진이벤트,'엄마친구아들' 댓글 이벤트 #1,2024-09-05 19:00,2024-09-19 23:59,여,30대,7275,4957,299,6.03,5,1.67
36376,100068,멜론매거진이벤트,'엄마친구아들' 댓글 이벤트 #1,2024-09-05 19:00,2024-09-19 23:59,여,40대,9576,6387,418,6.54,10,2.39
36376,100068,멜론매거진이벤트,'엄마친구아들' 댓글 이벤트 #1,2024-09-05 19:00,2024-09-19 23:59,여,50대,3235,2217,176,7.94,2,1.14
36376,100068,멜론매거진이벤트,'엄마친구아들' 댓글 이벤트 #1,2024-09-05 19:00,2024-09-19 23:59,여,60대이상,598,458,21,4.59,0,0.0
36378,100068,멜론매거진이벤트,RIIZE 댓글 이벤트,2024-09-04 12:00,2024-09-18 23:59,남,10대이하,469,331,45,13.6,0,0.0
36378,100068,멜론매거진이벤트,RIIZE 댓글 이벤트,2024-09-04 12:00,2024-09-18 23:59,남,20대,1571,1268,73,5.76,0,0.0
36378,100068,멜론매거진이벤트,RIIZE 댓글 이벤트,2024-09-04 12:00,2024-09-18 23:59,남,30대,1541,1287,49,3.81,1,2.04
36378,100068,멜론매거진이벤트,RIIZE 댓글 이벤트,2024-09-04 12:00,2024-09-18 23:59,남,40대,1765,1231,127,10.32,1,0.79
36378,100068,멜론매거진이벤트,RIIZE 댓글 이벤트,2024-09-04 12:00,2024-09-18 23:59,남,50대,1242,845,118,13.96,0,0.0
36378,100068,멜론매거진이벤트,RIIZE 댓글 이벤트,2024-09-04 12:00,2024-09-18 23:59,남,60대이상,256,207,10,4.83,0,0.0
36378,100068,멜론매거진이벤트,RIIZE 댓글 이벤트,2024-09-04 12:00,2024-09-18 23:59,여,10대이하,4096,2171,626,28.83,27,4.31
36378,100068,멜론매거진이벤트,RIIZE 댓글 이벤트,2024-09-04 12:00,2024-09-18 23:59,여,20대,7440,4733,899,18.99,37,4.12
36378,100068,멜론매거진이벤트,RIIZE 댓글 이벤트,2024-09-04 12:00,2024-09-18 23:59,여,30대,4170,2822,327,11.59,6,1.83
36378,100068,멜론매거진이벤트,RIIZE 댓글 이벤트,2024-09-04 12:00,2024-09-18 23:59,여,40대,4614,2858,429,15.01,10,2.33
36378,100068,멜론매거진이벤트,RIIZE 댓글 이벤트,2024-09-04 12:00,2024-09-18 23:59,여,50대,1815,1282,158,12.32,0,0.0
36378,100068,멜론매거진이벤트,RIIZE 댓글 이벤트,2024-09-04 12:00,2024-09-18 23:59,여,60대이상,534,337,19,5.64,0,0.0
36381,100068,멜론매거진이벤트,백현 (BAEKHYUN) 댓글 이벤트,2024-09-06 18:00,2024-09-20 23:59,남,10대이하,292,240,5,2.08,0,0.0
36381,100068,멜론매거진이벤트,백현 (BAEKHYUN) 댓글 이벤트,2024-09-06 18:00,2024-09-20 23:59,남,20대,1197,965,34,3.52,0,0.0
36381,100068,멜론매거진이벤트,백현 (BAEKHYUN) 댓글 이벤트,2024-09-06 18:00,2024-09-20 23:59,남,30대,1600,1283,29,2.26,1,3.45
36381,100068,멜론매거진이벤트,백현 (BAEKHYUN) 댓글 이벤트,2024-09-06 18:00,2024-09-20 23:59,남,40대,1129,892,25,2.8,0,0.0
36381,100068,멜론매거진이벤트,백현 (BAEKHYUN) 댓글 이벤트,2024-09-06 18:00,2024-09-20 23:59,남,50대,854,622,32,5.14,0,0.0
36381,100068,멜론매거진이벤트,백현 (BAEKHYUN) 댓글 이벤트,2024-09-06 18:00,2024-09-20 23:59,남,60대이상,317,248,4,1.61,0,0.0
36381,100068,멜론매거진이벤트,백현 (BAEKHYUN) 댓글 이벤트,2024-09-06 18:00,2024-09-20 23:59,여,10대이하,2066,1106,240,21.7,28,11.67
36381,100068,멜론매거진이벤트,백현 (BAEKHYUN) 댓글 이벤트,2024-09-06 18:00,2024-09-20 23:59,여,20대,9080,4681,1017,21.73,111,10.91
36381,100068,멜론매거진이벤트,백현 (BAEKHYUN) 댓글 이벤트,2024-09-06 18:00,2024-09-20 23:59,여,30대,4769,2691,292,10.85,26,8.9
36381,100068,멜론매거진이벤트,백현 (BAEKHYUN) 댓글 이벤트,2024-09-06 18:00,2024-09-20 23:59,여,40대,2571,1893,100,5.28,7,7.0
36381,100068,멜론매거진이벤트,백현 (BAEKHYUN) 댓글 이벤트,2024-09-06 18:00,2024-09-20 23:59,여,50대,1523,1083,65,6.0,3,4.62
36381,100068,멜론매거진이벤트,백현 (BAEKHYUN) 댓글 이벤트,2024-09-06 18:00,2024-09-20 23:59,여,60대이상,436,325,10,3.08,1,10.0
36387,100068,멜론매거진이벤트,BOYNEXTDOOR 댓글 이벤트,2024-09-09 18:00,2024-09-23 23:59,남,10대이하,437,280,32,11.43,1,3.13
36387,100068,멜론매거진이벤트,BOYNEXTDOOR 댓글 이벤트,2024-09-09 18:00,2024-09-23 23:59,남,20대,837,667,41,6.15,0,0.0
36387,100068,멜론매거진이벤트,BOYNEXTDOOR 댓글 이벤트,2024-09-09 18:00,2024-09-23 23:59,남,30대,799,661,14,2.12,0,0.0
36387,100068,멜론매거진이벤트,BOYNEXTDOOR 댓글 이벤트,2024-09-09 18:00,2024-09-23 23:59,남,40대,1497,907,147,16.21,2,1.36
36387,100068,멜론매거진이벤트,BOYNEXTDOOR 댓글 이벤트,2024-09-09 18:00,2024-09-23 23:59,남,50대,1234,686,120,17.49,6,5.0
36387,100068,멜론매거진이벤트,BOYNEXTDOOR 댓글 이벤트,2024-09-09 18:00,2024-09-23 23:59,남,60대이상,169,119,9,7.56,0,0.0
36387,100068,멜론매거진이벤트,BOYNEXTDOOR 댓글 이벤트,2024-09-09 18:00,2024-09-23 23:59,여,10대이하,8563,3874,1345,34.72,54,4.01
36387,100068,멜론매거진이벤트,BOYNEXTDOOR 댓글 이벤트,2024-09-09 18:00,2024-09-23 23:59,여,20대,5677,3128,734,23.47,61,8.31
36387,100068,멜론매거진이벤트,BOYNEXTDOOR 댓글 이벤트,2024-09-09 18:00,2024-09-23 23:59,여,30대,1490,1187,60,5.05,0,0.0
36387,100068,멜론매거진이벤트,BOYNEXTDOOR 댓글 이벤트,2024-09-09 18:00,2024-09-23 23:59,여,40대,3781,2181,372,17.06,6,1.61
36387,100068,멜론매거진이벤트,BOYNEXTDOOR 댓글 이벤트,2024-09-09 18:00,2024-09-23 23:59,여,50대,1488,911,158,17.34,2,1.27
36387,100068,멜론매거진이벤트,BOYNEXTDOOR 댓글 이벤트,2024-09-09 18:00,2024-09-23 23:59,여,60대이상,219,164,13,7.93,0,0.0
36394,100068,멜론매거진이벤트,MEOVV (미야오) 댓글 이벤트,2024-09-06 18:00,2024-09-20 23:59,남,10대이하,1178,782,51,6.52,3,5.88
36394,100068,멜론매거진이벤트,MEOVV (미야오) 댓글 이벤트,2024-09-06 18:00,2024-09-20 23:59,남,20대,2645,2065,90,4.36,4,4.44
36394,100068,멜론매거진이벤트,MEOVV (미야오) 댓글 이벤트,2024-09-06 18:00,2024-09-20 23:59,남,30대,3173,2494,76,3.05,0,0.0
36394,100068,멜론매거진이벤트,MEOVV (미야오) 댓글 이벤트,2024-09-06 18:00,2024-09-20 23:59,남,40대,3062,2266,76,3.35,2,2.63
36394,100068,멜론매거진이벤트,MEOVV (미야오) 댓글 이벤트,2024-09-06 18:00,2024-09-20 23:59,남,50대,1706,1283,30,2.34,0,0.0
36394,100068,멜론매거진이벤트,MEOVV (미야오) 댓글 이벤트,2024-09-06 18:00,2024-09-20 23:59,남,60대이상,410,315,4,1.27,0,0.0
36394,100068,멜론매거진이벤트,MEOVV (미야오) 댓글 이벤트,2024-09-06 18:00,2024-09-20 23:59,여,10대이하,3395,1852,192,10.37,12,6.25
36394,100068,멜론매거진이벤트,MEOVV (미야오) 댓글 이벤트,2024-09-06 18:00,2024-09-20 23:59,여,20대,6602,4504,267,5.93,11,4.12
36394,100068,멜론매거진이벤트,MEOVV (미야오) 댓글 이벤트,2024-09-06 18:00,2024-09-20 23:59,여,30대,4836,3876,77,1.99,0,0.0
36394,100068,멜론매거진이벤트,MEOVV (미야오) 댓글 이벤트,2024-09-06 18:00,2024-09-20 23:59,여,40대,5138,3644,72,1.98,0,0.0
36394,100068,멜론매거진이벤트,MEOVV (미야오) 댓글 이벤트,2024-09-06 18:00,2024-09-20 23:59,여,50대,2114,1585,44,2.78,0,0.0
36394,100068,멜론매거진이벤트,MEOVV (미야오) 댓글 이벤트,2024-09-06 18:00,2024-09-20 23:59,여,60대이상,472,380,9,2.37,0,0.0
36397,100068,멜론매거진이벤트,aimyon 댓글 이벤트,2024-09-11 12:00,2024-09-25 23:59,남,10대이하,812,589,46,7.81,0,0.0
36397,100068,멜론매거진이벤트,aimyon 댓글 이벤트,2024-09-11 12:00,2024-09-25 23:59,남,20대,2979,2368,164,6.93,3,1.83
36397,100068,멜론매거진이벤트,aimyon 댓글 이벤트,2024-09-11 12:00,2024-09-25 23:59,남,30대,2596,2093,85,4.06,2,2.35
36397,100068,멜론매거진이벤트,aimyon 댓글 이벤트,2024-09-11 12:00,2024-09-25 23:59,남,40대,1911,1536,51,3.32,2,3.92
36397,100068,멜론매거진이벤트,aimyon 댓글 이벤트,2024-09-11 12:00,2024-09-25 23:59,남,50대,1110,894,19,2.13,0,0.0
36397,100068,멜론매거진이벤트,aimyon 댓글 이벤트,2024-09-11 12:00,2024-09-25 23:59,남,60대이상,333,281,3,1.07,0,0.0
36397,100068,멜론매거진이벤트,aimyon 댓글 이벤트,2024-09-11 12:00,2024-09-25 23:59,여,10대이하,1147,984,36,3.66,0,0.0
36397,100068,멜론매거진이벤트,aimyon 댓글 이벤트,2024-09-11 12:00,2024-09-25 23:59,여,20대,3542,3091,106,3.43,5,4.72
36397,100068,멜론매거진이벤트,aimyon 댓글 이벤트,2024-09-11 12:00,2024-09-25 23:59,여,30대,3157,2674,42,1.57,2,4.76
36397,100068,멜론매거진이벤트,aimyon 댓글 이벤트,2024-09-11 12:00,2024-09-25 23:59,여,40대,3063,2547,40,1.57,0,0.0
36397,100068,멜론매거진이벤트,aimyon 댓글 이벤트,2024-09-11 12:00,2024-09-25 23:59,여,50대,1563,1281,25,1.95,1,4.0
36397,100068,멜론매거진이벤트,aimyon 댓글 이벤트,2024-09-11 12:00,2024-09-25 23:59,여,60대이상,581,341,3,0.88,0,0.0
36401,100068,멜론매거진이벤트,'엄마친구아들' 댓글 이벤트 #2,2024-09-13 14:00,2024-09-27 23:59,남,10대이하,367,265,22,8.3,0,0.0
36401,100068,멜론매거진이벤트,'엄마친구아들' 댓글 이벤트 #2,2024-09-13 14:00,2024-09-27 23:59,남,20대,737,587,22,3.75,0,0.0
36401,100068,멜론매거진이벤트,'엄마친구아들' 댓글 이벤트 #2,2024-09-13 14:00,2024-09-27 23:59,남,30대,824,652,19,2.91,1,5.26
36401,100068,멜론매거진이벤트,'엄마친구아들' 댓글 이벤트 #2,2024-09-13 14:00,2024-09-27 23:59,남,40대,1891,1060,98,9.25,0,0.0
36401,100068,멜론매거진이벤트,'엄마친구아들' 댓글 이벤트 #2,2024-09-13 14:00,2024-09-27 23:59,남,50대,830,580,36,6.21,0,0.0
36401,100068,멜론매거진이벤트,'엄마친구아들' 댓글 이벤트 #2,2024-09-13 14:00,2024-09-27 23:59,남,60대이상,174,125,6,4.8,0,0.0
36401,100068,멜론매거진이벤트,'엄마친구아들' 댓글 이벤트 #2,2024-09-13 14:00,2024-09-27 23:59,여,10대이하,3941,2114,534,25.26,11,2.06
36401,100068,멜론매거진이벤트,'엄마친구아들' 댓글 이벤트 #2,2024-09-13 14:00,2024-09-27 23:59,여,20대,4024,2534,354,13.97,2,0.56
36401,100068,멜론매거진이벤트,'엄마친구아들' 댓글 이벤트 #2,2024-09-13 14:00,2024-09-27 23:59,여,30대,2951,1955,97,4.96,2,2.06
36401,100068,멜론매거진이벤트,'엄마친구아들' 댓글 이벤트 #2,2024-09-13 14:00,2024-09-27 23:59,여,40대,3955,2272,276,12.15,3,1.09
36401,100068,멜론매거진이벤트,'엄마친구아들' 댓글 이벤트 #2,2024-09-13 14:00,2024-09-27 23:59,여,50대,1038,765,60,7.84,0,0.0
36401,100068,멜론매거진이벤트,'엄마친구아들' 댓글 이벤트 #2,2024-09-13 14:00,2024-09-27 23:59,여,60대이상,234,181,10,5.52,1,10.0
36404,100068,멜론매거진이벤트,아이유 아티스트 & 무드 댓글 이벤트,2024-09-13 12:00,2024-09-23 23:59,남,10대이하,2409,1492,182,12.2,5,2.75
36404,100068,멜론매거진이벤트,아이유 아티스트 & 무드 댓글 이벤트,2024-09-13 12:00,2024-09-23 23:59,남,20대,5261,3958,305,7.71,8,2.62
36404,100068,멜론매거진이벤트,아이유 아티스트 & 무드 댓글 이벤트,2024-09-13 12:00,2024-09-23 23:59,남,30대,5525,4226,264,6.25,7,2.65
36404,100068,멜론매거진이벤트,아이유 아티스트 & 무드 댓글 이벤트,2024-09-13 12:00,2024-09-23 23:59,남,40대,5941,4291,217,5.06,1,0.46
36404,100068,멜론매거진이벤트,아이유 아티스트 & 무드 댓글 이벤트,2024-09-13 12:00,2024-09-23 23:59,남,50대,3025,2217,98,4.42,1,1.02
36404,100068,멜론매거진이벤트,아이유 아티스트 & 무드 댓글 이벤트,2024-09-13 12:00,2024-09-23 23:59,남,60대이상,815,616,17,2.76,1,5.88
36404,100068,멜론매거진이벤트,아이유 아티스트 & 무드 댓글 이벤트,2024-09-13 12:00,2024-09-23 23:59,여,10대이하,4036,2747,277,10.08,10,3.61
36404,100068,멜론매거진이벤트,아이유 아티스트 & 무드 댓글 이벤트,2024-09-13 12:00,2024-09-23 23:59,여,20대,9592,7418,580,7.82,7,1.21
36404,100068,멜론매거진이벤트,아이유 아티스트 & 무드 댓글 이벤트,2024-09-13 12:00,2024-09-23 23:59,여,30대,8333,6675,336,5.03,8,2.38
36404,100068,멜론매거진이벤트,아이유 아티스트 & 무드 댓글 이벤트,2024-09-13 12:00,2024-09-23 23:59,여,40대,9497,6874,325,4.73,2,0.62
36404,100068,멜론매거진이벤트,아이유 아티스트 & 무드 댓글 이벤트,2024-09-13 12:00,2024-09-23 23:59,여,50대,3696,2809,118,4.2,1,0.85
36404,100068,멜론매거진이벤트,아이유 아티스트 & 무드 댓글 이벤트,2024-09-13 12:00,2024-09-23 23:59,여,60대이상,862,670,11,1.64,0,0.0
36405,100068,멜론매거진이벤트,LIVE CLUB DAY 댓글 이벤트,2024-09-13 14:00,2024-09-19 23:59,남,10대이하,618,550,9,1.64,0,0.0
36405,100068,멜론매거진이벤트,LIVE CLUB DAY 댓글 이벤트,2024-09-13 14:00,2024-09-19 23:59,남,20대,2507,2233,47,2.1,0,0.0
36405,100068,멜론매거진이벤트,LIVE CLUB DAY 댓글 이벤트,2024-09-13 14:00,2024-09-19 23:59,남,30대,2860,2452,80,3.26,0,0.0
36405,100068,멜론매거진이벤트,LIVE CLUB DAY 댓글 이벤트,2024-09-13 14:00,2024-09-19 23:59,남,40대,2078,1755,31,1.77,0,0.0
36405,100068,멜론매거진이벤트,LIVE CLUB DAY 댓글 이벤트,2024-09-13 14:00,2024-09-19 23:59,남,50대,1311,1121,33,2.94,1,3.03
36405,100068,멜론매거진이벤트,LIVE CLUB DAY 댓글 이벤트,2024-09-13 14:00,2024-09-19 23:59,남,60대이상,491,387,5,1.29,0,0.0
36405,100068,멜론매거진이벤트,LIVE CLUB DAY 댓글 이벤트,2024-09-13 14:00,2024-09-19 23:59,여,10대이하,1427,1240,41,3.31,0,0.0
36405,100068,멜론매거진이벤트,LIVE CLUB DAY 댓글 이벤트,2024-09-13 14:00,2024-09-19 23:59,여,20대,4578,3942,253,6.42,2,0.79
36405,100068,멜론매거진이벤트,LIVE CLUB DAY 댓글 이벤트,2024-09-13 14:00,2024-09-19 23:59,여,30대,4565,3954,151,3.82,1,0.66
36405,100068,멜론매거진이벤트,LIVE CLUB DAY 댓글 이벤트,2024-09-13 14:00,2024-09-19 23:59,여,40대,3869,3330,78,2.34,2,2.56
36405,100068,멜론매거진이벤트,LIVE CLUB DAY 댓글 이벤트,2024-09-13 14:00,2024-09-19 23:59,여,50대,1997,1583,48,3.03,0,0.0
36405,100068,멜론매거진이벤트,LIVE CLUB DAY 댓글 이벤트,2024-09-13 14:00,2024-09-19 23:59,여,60대이상,658,542,12,2.21,0,0.0
36406,100068,멜론매거진이벤트,플리마켓 셀러모집 댓글 이벤트,2024-09-13 12:00,2024-10-31 23:59,남,10대이하,3175,1726,467,27.06,12,2.57
36406,100068,멜론매거진이벤트,플리마켓 셀러모집 댓글 이벤트,2024-09-13 12:00,2024-10-31 23:59,남,20대,5334,3609,501,13.88,13,2.59
36406,100068,멜론매거진이벤트,플리마켓 셀러모집 댓글 이벤트,2024-09-13 12:00,2024-10-31 23:59,남,30대,4343,3215,281,8.74,4,1.42
36406,100068,멜론매거진이벤트,플리마켓 셀러모집 댓글 이벤트,2024-09-13 12:00,2024-10-31 23:59,남,40대,5124,3299,404,12.25,2,0.5
36406,100068,멜론매거진이벤트,플리마켓 셀러모집 댓글 이벤트,2024-09-13 12:00,2024-10-31 23:59,남,50대,3309,2091,297,14.2,2,0.67
36406,100068,멜론매거진이벤트,플리마켓 셀러모집 댓글 이벤트,2024-09-13 12:00,2024-10-31 23:59,남,60대이상,1154,782,82,10.49,1,1.22
36406,100068,멜론매거진이벤트,플리마켓 셀러모집 댓글 이벤트,2024-09-13 12:00,2024-10-31 23:59,여,10대이하,8131,4074,1272,31.22,38,2.99
36406,100068,멜론매거진이벤트,플리마켓 셀러모집 댓글 이벤트,2024-09-13 12:00,2024-10-31 23:59,여,20대,17479,9869,2590,26.24,25,0.97
36406,100068,멜론매거진이벤트,플리마켓 셀러모집 댓글 이벤트,2024-09-13 12:00,2024-10-31 23:59,여,30대,11532,7155,1056,14.76,6,0.57
36406,100068,멜론매거진이벤트,플리마켓 셀러모집 댓글 이벤트,2024-09-13 12:00,2024-10-31 23:59,여,40대,11974,7588,1095,14.43,9,0.82
36406,100068,멜론매거진이벤트,플리마켓 셀러모집 댓글 이벤트,2024-09-13 12:00,2024-10-31 23:59,여,50대,5872,3386,563,16.63,1,0.18
36406,100068,멜론매거진이벤트,플리마켓 셀러모집 댓글 이벤트,2024-09-13 12:00,2024-10-31 23:59,여,60대이상,4332,1748,467,26.72,2,0.43
36410,100068,멜론매거진이벤트,연준 댓글 이벤트,2024-09-19 18:00,2024-10-03 23:59,남,10대이하,680,516,32,6.2,1,3.13
36410,100068,멜론매거진이벤트,연준 댓글 이벤트,2024-09-19 18:00,2024-10-03 23:59,남,20대,1357,1153,38,3.3,1,2.63
36410,100068,멜론매거진이벤트,연준 댓글 이벤트,2024-09-19 18:00,2024-10-03 23:59,남,30대,1615,1289,27,2.09,0,0.0
36410,100068,멜론매거진이벤트,연준 댓글 이벤트,2024-09-19 18:00,2024-10-03 23:59,남,40대,3070,1830,190,10.38,1,0.53
36410,100068,멜론매거진이벤트,연준 댓글 이벤트,2024-09-19 18:00,2024-10-03 23:59,남,50대,1452,966,88,9.11,2,2.27
36410,100068,멜론매거진이벤트,연준 댓글 이벤트,2024-09-19 18:00,2024-10-03 23:59,남,60대이상,287,203,11,5.42,0,0.0
36410,100068,멜론매거진이벤트,연준 댓글 이벤트,2024-09-19 18:00,2024-10-03 23:59,여,10대이하,7852,3753,991,26.41,91,9.18
36410,100068,멜론매거진이벤트,연준 댓글 이벤트,2024-09-19 18:00,2024-10-03 23:59,여,20대,4789,3201,424,13.25,37,8.73
36410,100068,멜론매거진이벤트,연준 댓글 이벤트,2024-09-19 18:00,2024-10-03 23:59,여,30대,3716,2512,185,7.36,13,7.03
36410,100068,멜론매거진이벤트,연준 댓글 이벤트,2024-09-19 18:00,2024-10-03 23:59,여,40대,8363,4338,573,13.21,12,2.09
36410,100068,멜론매거진이벤트,연준 댓글 이벤트,2024-09-19 18:00,2024-10-03 23:59,여,50대,2176,1326,123,9.28,5,4.07
36410,100068,멜론매거진이벤트,연준 댓글 이벤트,2024-09-19 18:00,2024-10-03 23:59,여,60대이상,481,340,11,3.24,0,0.0
36418,100068,멜론매거진이벤트,FIFTY FIFTY 댓글 이벤트,2024-09-20 13:00,2024-10-04 23:59,남,10대이하,785,554,37,6.68,4,10.81
36418,100068,멜론매거진이벤트,FIFTY FIFTY 댓글 이벤트,2024-09-20 13:00,2024-10-04 23:59,남,20대,2088,1739,66,3.8,2,3.03
36418,100068,멜론매거진이벤트,FIFTY FIFTY 댓글 이벤트,2024-09-20 13:00,2024-10-04 23:59,남,30대,2627,2150,61,2.84,1,1.64
36418,100068,멜론매거진이벤트,FIFTY FIFTY 댓글 이벤트,2024-09-20 13:00,2024-10-04 23:59,남,40대,3143,2139,104,4.86,10,9.62
36418,100068,멜론매거진이벤트,FIFTY FIFTY 댓글 이벤트,2024-09-20 13:00,2024-10-04 23:59,남,50대,1779,1137,58,5.1,4,6.9
36418,100068,멜론매거진이벤트,FIFTY FIFTY 댓글 이벤트,2024-09-20 13:00,2024-10-04 23:59,남,60대이상,399,303,5,1.65,0,0.0
36418,100068,멜론매거진이벤트,FIFTY FIFTY 댓글 이벤트,2024-09-20 13:00,2024-10-04 23:59,여,10대이하,1942,1411,95,6.73,3,3.16
36418,100068,멜론매거진이벤트,FIFTY FIFTY 댓글 이벤트,2024-09-20 13:00,2024-10-04 23:59,여,20대,3696,3109,78,2.51,2,2.56
36418,100068,멜론매거진이벤트,FIFTY FIFTY 댓글 이벤트,2024-09-20 13:00,2024-10-04 23:59,여,30대,3809,3187,63,1.98,3,4.76
36418,100068,멜론매거진이벤트,FIFTY FIFTY 댓글 이벤트,2024-09-20 13:00,2024-10-04 23:59,여,40대,4435,3399,89,2.62,3,3.37
36418,100068,멜론매거진이벤트,FIFTY FIFTY 댓글 이벤트,2024-09-20 13:00,2024-10-04 23:59,여,50대,2072,1539,34,2.21,3,8.82
36418,100068,멜론매거진이벤트,FIFTY FIFTY 댓글 이벤트,2024-09-20 13:00,2024-10-04 23:59,여,60대이상,649,470,5,1.06,0,0.0
36419,100068,멜론매거진이벤트,키 (KEY) 댓글 이벤트,2024-09-23 18:00,2024-10-07 23:59,남,10대이하,257,215,3,1.4,0,0.0
36419,100068,멜론매거진이벤트,키 (KEY) 댓글 이벤트,2024-09-23 18:00,2024-10-07 23:59,남,20대,912,793,14,1.77,2,14.29
36419,100068,멜론매거진이벤트,키 (KEY) 댓글 이벤트,2024-09-23 18:00,2024-10-07 23:59,남,30대,1204,953,22,2.31,1,4.55
36419,100068,멜론매거진이벤트,키 (KEY) 댓글 이벤트,2024-09-23 18:00,2024-10-07 23:59,남,40대,1012,774,27,3.49,0,0.0
36419,100068,멜론매거진이벤트,키 (KEY) 댓글 이벤트,2024-09-23 18:00,2024-10-07 23:59,남,50대,525,406,13,3.2,1,7.69
36419,100068,멜론매거진이벤트,키 (KEY) 댓글 이벤트,2024-09-23 18:00,2024-10-07 23:59,남,60대이상,138,112,4,3.57,0,0.0
36419,100068,멜론매거진이벤트,키 (KEY) 댓글 이벤트,2024-09-23 18:00,2024-10-07 23:59,여,10대이하,1049,636,105,16.51,5,4.76
36419,100068,멜론매거진이벤트,키 (KEY) 댓글 이벤트,2024-09-23 18:00,2024-10-07 23:59,여,20대,3995,2330,362,15.54,38,10.5
36419,100068,멜론매거진이벤트,키 (KEY) 댓글 이벤트,2024-09-23 18:00,2024-10-07 23:59,여,30대,4694,2705,324,11.98,41,12.65
36419,100068,멜론매거진이벤트,키 (KEY) 댓글 이벤트,2024-09-23 18:00,2024-10-07 23:59,여,40대,3093,1994,128,6.42,5,3.91
36419,100068,멜론매거진이벤트,키 (KEY) 댓글 이벤트,2024-09-23 18:00,2024-10-07 23:59,여,50대,1142,795,42,5.28,2,4.76
36419,100068,멜론매거진이벤트,키 (KEY) 댓글 이벤트,2024-09-23 18:00,2024-10-07 23:59,여,60대이상,303,232,10,4.31,1,10.0
36420,100068,멜론매거진이벤트,QWER 댓글 이벤트,2024-09-23 18:00,2024-10-07 23:59,남,10대이하,3079,1611,279,17.32,16,5.73
36420,100068,멜론매거진이벤트,QWER 댓글 이벤트,2024-09-23 18:00,2024-10-07 23:59,남,20대,6334,4393,573,13.04,22,3.84
36420,100068,멜론매거진이벤트,QWER 댓글 이벤트,2024-09-23 18:00,2024-10-07 23:59,남,30대,7322,4939,620,12.55,26,4.19
36420,100068,멜론매거진이벤트,QWER 댓글 이벤트,2024-09-23 18:00,2024-10-07 23:59,남,40대,5515,3563,370,10.38,12,3.24
36420,100068,멜론매거진이벤트,QWER 댓글 이벤트,2024-09-23 18:00,2024-10-07 23:59,남,50대,2113,1471,112,7.61,2,1.79
36420,100068,멜론매거진이벤트,QWER 댓글 이벤트,2024-09-23 18:00,2024-10-07 23:59,남,60대이상,455,367,10,2.72,1,10.0
36420,100068,멜론매거진이벤트,QWER 댓글 이벤트,2024-09-23 18:00,2024-10-07 23:59,여,10대이하,2596,1829,164,8.97,7,4.27
36420,100068,멜론매거진이벤트,QWER 댓글 이벤트,2024-09-23 18:00,2024-10-07 23:59,여,20대,5809,4739,204,4.3,5,2.45
36420,100068,멜론매거진이벤트,QWER 댓글 이벤트,2024-09-23 18:00,2024-10-07 23:59,여,30대,5322,4342,118,2.72,1,0.85
36420,100068,멜론매거진이벤트,QWER 댓글 이벤트,2024-09-23 18:00,2024-10-07 23:59,여,40대,6676,4732,285,6.02,3,1.05
36420,100068,멜론매거진이벤트,QWER 댓글 이벤트,2024-09-23 18:00,2024-10-07 23:59,여,50대,2526,1946,102,5.24,0,0.0
36420,100068,멜론매거진이벤트,QWER 댓글 이벤트,2024-09-23 18:00,2024-10-07 23:59,여,60대이상,691,532,16,3.01,1,6.25
36423,100068,멜론매거진이벤트,강다니엘 댓글 이벤트,2024-09-23 18:00,2024-10-07 23:59,남,10대이하,217,181,5,2.76,0,0.0
36423,100068,멜론매거진이벤트,강다니엘 댓글 이벤트,2024-09-23 18:00,2024-10-07 23:59,남,20대,748,648,18,2.78,1,5.56
36423,100068,멜론매거진이벤트,강다니엘 댓글 이벤트,2024-09-23 18:00,2024-10-07 23:59,남,30대,851,714,18,2.52,1,5.56
36423,100068,멜론매거진이벤트,강다니엘 댓글 이벤트,2024-09-23 18:00,2024-10-07 23:59,남,40대,701,546,9,1.65,1,11.11
36423,100068,멜론매거진이벤트,강다니엘 댓글 이벤트,2024-09-23 18:00,2024-10-07 23:59,남,50대,410,341,8,2.35,0,0.0
36423,100068,멜론매거진이벤트,강다니엘 댓글 이벤트,2024-09-23 18:00,2024-10-07 23:59,남,60대이상,197,127,2,1.57,0,0.0
36423,100068,멜론매거진이벤트,강다니엘 댓글 이벤트,2024-09-23 18:00,2024-10-07 23:59,여,10대이하,456,376,27,7.18,0,0.0
36423,100068,멜론매거진이벤트,강다니엘 댓글 이벤트,2024-09-23 18:00,2024-10-07 23:59,여,20대,1357,1155,30,2.6,2,6.67
36423,100068,멜론매거진이벤트,강다니엘 댓글 이벤트,2024-09-23 18:00,2024-10-07 23:59,여,30대,1894,1313,108,8.23,13,12.04
36423,100068,멜론매거진이벤트,강다니엘 댓글 이벤트,2024-09-23 18:00,2024-10-07 23:59,여,40대,3076,1699,233,13.71,22,9.44
36423,100068,멜론매거진이벤트,강다니엘 댓글 이벤트,2024-09-23 18:00,2024-10-07 23:59,여,50대,2393,1102,144,13.07,10,6.94
36423,100068,멜론매거진이벤트,강다니엘 댓글 이벤트,2024-09-23 18:00,2024-10-07 23:59,여,60대이상,510,294,9,3.06,2,22.22
36425,100068,멜론매거진이벤트,NCT WISH 댓글 이벤트,2024-09-24 18:00,2024-10-08 23:59,남,10대이하,582,433,43,9.93,2,4.65
36425,100068,멜론매거진이벤트,NCT WISH 댓글 이벤트,2024-09-24 18:00,2024-10-08 23:59,남,20대,1517,1219,64,5.25,3,4.69
36425,100068,멜론매거진이벤트,NCT WISH 댓글 이벤트,2024-09-24 18:00,2024-10-08 23:59,남,30대,1810,1444,40,2.77,0,0.0
36425,100068,멜론매거진이벤트,NCT WISH 댓글 이벤트,2024-09-24 18:00,2024-10-08 23:59,남,40대,1911,1371,141,10.28,1,0.71
36425,100068,멜론매거진이벤트,NCT WISH 댓글 이벤트,2024-09-24 18:00,2024-10-08 23:59,남,50대,1552,1025,157,15.32,5,3.18
36425,100068,멜론매거진이벤트,NCT WISH 댓글 이벤트,2024-09-24 18:00,2024-10-08 23:59,남,60대이상,315,225,13,5.78,0,0.0
36425,100068,멜론매거진이벤트,NCT WISH 댓글 이벤트,2024-09-24 18:00,2024-10-08 23:59,여,10대이하,8133,3532,1216,34.43,86,7.07
36425,100068,멜론매거진이벤트,NCT WISH 댓글 이벤트,2024-09-24 18:00,2024-10-08 23:59,여,20대,10405,5455,1499,27.48,113,7.54
36425,100068,멜론매거진이벤트,NCT WISH 댓글 이벤트,2024-09-24 18:00,2024-10-08 23:59,여,30대,5925,3052,317,10.39,13,4.1
36425,100068,멜론매거진이벤트,NCT WISH 댓글 이벤트,2024-09-24 18:00,2024-10-08 23:59,여,40대,4765,3042,404,13.28,8,1.98
36425,100068,멜론매거진이벤트,NCT WISH 댓글 이벤트,2024-09-24 18:00,2024-10-08 23:59,여,50대,2382,1527,208,13.62,2,0.96
36425,100068,멜론매거진이벤트,NCT WISH 댓글 이벤트,2024-09-24 18:00,2024-10-08 23:59,여,60대이상,520,385,19,4.94,0,0.0
36426,100068,멜론매거진이벤트,멜론 데이터랩 댓글 이벤트 #42,2024-09-27 12:00,2024-10-11 23:59,남,10대이하,641,453,34,7.51,1,2.94
36426,100068,멜론매거진이벤트,멜론 데이터랩 댓글 이벤트 #42,2024-09-27 12:00,2024-10-11 23:59,남,20대,1366,1118,58,5.19,2,3.45
36426,100068,멜론매거진이벤트,멜론 데이터랩 댓글 이벤트 #42,2024-09-27 12:00,2024-10-11 23:59,남,30대,1477,1194,50,4.19,0,0.0
36426,100068,멜론매거진이벤트,멜론 데이터랩 댓글 이벤트 #42,2024-09-27 12:00,2024-10-11 23:59,남,40대,1326,1060,30,2.83,0,0.0
36426,100068,멜론매거진이벤트,멜론 데이터랩 댓글 이벤트 #42,2024-09-27 12:00,2024-10-11 23:59,남,50대,806,613,19,3.1,1,5.26
36426,100068,멜론매거진이벤트,멜론 데이터랩 댓글 이벤트 #42,2024-09-27 12:00,2024-10-11 23:59,남,60대이상,218,158,4,2.53,0,0.0
36426,100068,멜론매거진이벤트,멜론 데이터랩 댓글 이벤트 #42,2024-09-27 12:00,2024-10-11 23:59,여,10대이하,1908,1412,112,7.93,3,2.68
36426,100068,멜론매거진이벤트,멜론 데이터랩 댓글 이벤트 #42,2024-09-27 12:00,2024-10-11 23:59,여,20대,3678,2905,230,7.92,4,1.74
36426,100068,멜론매거진이벤트,멜론 데이터랩 댓글 이벤트 #42,2024-09-27 12:00,2024-10-11 23:59,여,30대,2781,2321,88,3.79,0,0.0
36426,100068,멜론매거진이벤트,멜론 데이터랩 댓글 이벤트 #42,2024-09-27 12:00,2024-10-11 23:59,여,40대,2721,2114,86,4.07,1,1.16
36426,100068,멜론매거진이벤트,멜론 데이터랩 댓글 이벤트 #42,2024-09-27 12:00,2024-10-11 23:59,여,50대,1307,1008,49,4.86,0,0.0
36426,100068,멜론매거진이벤트,멜론 데이터랩 댓글 이벤트 #42,2024-09-27 12:00,2024-10-11 23:59,여,60대이상,340,272,5,1.84,0,0.0
36428,100068,멜론매거진이벤트,DAY6 댓글 이벤트,2024-09-26 14:00,2024-10-09 23:59,남,10대이하,674,482,58,12.03,5,8.62
36428,100068,멜론매거진이벤트,DAY6 댓글 이벤트,2024-09-26 14:00,2024-10-09 23:59,남,20대,1901,1533,112,7.31,3,2.68
36428,100068,멜론매거진이벤트,DAY6 댓글 이벤트,2024-09-26 14:00,2024-10-09 23:59,남,30대,2291,1782,89,4.99,1,1.12
36428,100068,멜론매거진이벤트,DAY6 댓글 이벤트,2024-09-26 14:00,2024-10-09 23:59,남,40대,2811,2048,107,5.22,2,1.87
36428,100068,멜론매거진이벤트,DAY6 댓글 이벤트,2024-09-26 14:00,2024-10-09 23:59,남,50대,1560,1054,147,13.95,1,0.68
36428,100068,멜론매거진이벤트,DAY6 댓글 이벤트,2024-09-26 14:00,2024-10-09 23:59,남,60대이상,344,240,31,12.92,0,0.0
36428,100068,멜론매거진이벤트,DAY6 댓글 이벤트,2024-09-26 14:00,2024-10-09 23:59,여,10대이하,5070,2489,820,32.94,36,4.39
36428,100068,멜론매거진이벤트,DAY6 댓글 이벤트,2024-09-26 14:00,2024-10-09 23:59,여,20대,18224,9377,3361,35.84,99,2.95
36428,100068,멜론매거진이벤트,DAY6 댓글 이벤트,2024-09-26 14:00,2024-10-09 23:59,여,30대,11796,6232,1584,25.42,28,1.77
36428,100068,멜론매거진이벤트,DAY6 댓글 이벤트,2024-09-26 14:00,2024-10-09 23:59,여,40대,6945,4485,485,10.81,7,1.44
36428,100068,멜론매거진이벤트,DAY6 댓글 이벤트,2024-09-26 14:00,2024-10-09 23:59,여,50대,2396,1499,252,16.81,2,0.79
36428,100068,멜론매거진이벤트,DAY6 댓글 이벤트,2024-09-26 14:00,2024-10-09 23:59,여,60대이상,562,346,35,10.12,0,0.0
36429,100068,멜론매거진이벤트,'엄마친구아들' 댓글 이벤트 #3,2024-10-05 19:00,2024-10-20 23:59,남,10대이하,1063,753,95,12.62,3,3.16
36429,100068,멜론매거진이벤트,'엄마친구아들' 댓글 이벤트 #3,2024-10-05 19:00,2024-10-20 23:59,남,20대,2722,2271,108,4.76,0,0.0
36429,100068,멜론매거진이벤트,'엄마친구아들' 댓글 이벤트 #3,2024-10-05 19:00,2024-10-20 23:59,남,30대,2807,2299,56,2.44,1,1.79
36429,100068,멜론매거진이벤트,'엄마친구아들' 댓글 이벤트 #3,2024-10-05 19:00,2024-10-20 23:59,남,40대,5027,3633,206,5.67,1,0.49
36429,100068,멜론매거진이벤트,'엄마친구아들' 댓글 이벤트 #3,2024-10-05 19:00,2024-10-20 23:59,남,50대,1742,1151,109,9.47,0,0.0
36429,100068,멜론매거진이벤트,'엄마친구아들' 댓글 이벤트 #3,2024-10-05 19:00,2024-10-20 23:59,남,60대이상,286,197,12,6.09,0,0.0
36429,100068,멜론매거진이벤트,'엄마친구아들' 댓글 이벤트 #3,2024-10-05 19:00,2024-10-20 23:59,여,10대이하,5562,3350,782,23.34,30,3.84
36429,100068,멜론매거진이벤트,'엄마친구아들' 댓글 이벤트 #3,2024-10-05 19:00,2024-10-20 23:59,여,20대,7547,5729,687,11.99,13,1.89
36429,100068,멜론매거진이벤트,'엄마친구아들' 댓글 이벤트 #3,2024-10-05 19:00,2024-10-20 23:59,여,30대,6065,4260,269,6.31,3,1.12
36429,100068,멜론매거진이벤트,'엄마친구아들' 댓글 이벤트 #3,2024-10-05 19:00,2024-10-20 23:59,여,40대,11067,7568,527,6.96,9,1.71
36429,100068,멜론매거진이벤트,'엄마친구아들' 댓글 이벤트 #3,2024-10-05 19:00,2024-10-20 23:59,여,50대,2990,1775,176,9.92,2,1.14
36429,100068,멜론매거진이벤트,'엄마친구아들' 댓글 이벤트 #3,2024-10-05 19:00,2024-10-20 23:59,여,60대이상,490,343,18,5.25,0,0.0
36432,100068,멜론매거진이벤트,Christopher X 이영지 댓글 이벤트,2024-09-27 12:00,2024-10-11 23:59,남,10대이하,882,659,63,9.56,0,0.0
36432,100068,멜론매거진이벤트,Christopher X 이영지 댓글 이벤트,2024-09-27 12:00,2024-10-11 23:59,남,20대,1925,1704,47,2.76,2,4.26
36432,100068,멜론매거진이벤트,Christopher X 이영지 댓글 이벤트,2024-09-27 12:00,2024-10-11 23:59,남,30대,2520,2105,32,1.52,0,0.0
36432,100068,멜론매거진이벤트,Christopher X 이영지 댓글 이벤트,2024-09-27 12:00,2024-10-11 23:59,남,40대,2342,1884,44,2.34,0,0.0
36432,100068,멜론매거진이벤트,Christopher X 이영지 댓글 이벤트,2024-09-27 12:00,2024-10-11 23:59,남,50대,1291,1064,32,3.01,0,0.0
36432,100068,멜론매거진이벤트,Christopher X 이영지 댓글 이벤트,2024-09-27 12:00,2024-10-11 23:59,남,60대이상,367,305,7,2.3,0,0.0
36432,100068,멜론매거진이벤트,Christopher X 이영지 댓글 이벤트,2024-09-27 12:00,2024-10-11 23:59,여,10대이하,2063,1614,147,9.11,2,1.36
36432,100068,멜론매거진이벤트,Christopher X 이영지 댓글 이벤트,2024-09-27 12:00,2024-10-11 23:59,여,20대,4354,3751,163,4.35,3,1.84
36432,100068,멜론매거진이벤트,Christopher X 이영지 댓글 이벤트,2024-09-27 12:00,2024-10-11 23:59,여,30대,4468,3767,112,2.97,0,0.0
36432,100068,멜론매거진이벤트,Christopher X 이영지 댓글 이벤트,2024-09-27 12:00,2024-10-11 23:59,여,40대,4982,3892,122,3.13,0,0.0
36432,100068,멜론매거진이벤트,Christopher X 이영지 댓글 이벤트,2024-09-27 12:00,2024-10-11 23:59,여,50대,2156,1649,54,3.27,1,1.85
36432,100068,멜론매거진이벤트,Christopher X 이영지 댓글 이벤트,2024-09-27 12:00,2024-10-11 23:59,여,60대이상,549,443,2,0.45,0,0.0
36439,100068,멜론매거진이벤트,Coldplay 댓글 이벤트,2024-10-04 00:00,2024-10-18 23:59,남,10대이하,1038,636,174,27.36,4,2.3
36439,100068,멜론매거진이벤트,Coldplay 댓글 이벤트,2024-10-04 00:00,2024-10-18 23:59,남,20대,2010,1368,345,25.22,2,0.58
36439,100068,멜론매거진이벤트,Coldplay 댓글 이벤트,2024-10-04 00:00,2024-10-18 23:59,남,30대,1653,1114,257,23.07,3,1.17
36439,100068,멜론매거진이벤트,Coldplay 댓글 이벤트,2024-10-04 00:00,2024-10-18 23:59,남,40대,1384,893,157,17.58,0,0.0
36439,100068,멜론매거진이벤트,Coldplay 댓글 이벤트,2024-10-04 00:00,2024-10-18 23:59,남,50대,867,556,104,18.71,3,2.88
36439,100068,멜론매거진이벤트,Coldplay 댓글 이벤트,2024-10-04 00:00,2024-10-18 23:59,남,60대이상,190,124,14,11.29,0,0.0
36439,100068,멜론매거진이벤트,Coldplay 댓글 이벤트,2024-10-04 00:00,2024-10-18 23:59,여,10대이하,1357,904,232,25.66,3,1.29
36439,100068,멜론매거진이벤트,Coldplay 댓글 이벤트,2024-10-04 00:00,2024-10-18 23:59,여,20대,3055,2132,542,25.42,6,1.11
36439,100068,멜론매거진이벤트,Coldplay 댓글 이벤트,2024-10-04 00:00,2024-10-18 23:59,여,30대,3171,2063,510,24.72,4,0.78
36439,100068,멜론매거진이벤트,Coldplay 댓글 이벤트,2024-10-04 00:00,2024-10-18 23:59,여,40대,2982,1898,339,17.86,3,0.88
36439,100068,멜론매거진이벤트,Coldplay 댓글 이벤트,2024-10-04 00:00,2024-10-18 23:59,여,50대,1408,916,165,18.01,1,0.61
36439,100068,멜론매거진이벤트,Coldplay 댓글 이벤트,2024-10-04 00:00,2024-10-18 23:59,여,60대이상,301,193,31,16.06,1,3.23
36440,100068,멜론매거진이벤트,플리마켓 인생 플리 상담소 댓글 이벤트,2024-10-02 10:00,2024-10-31 23:59,남,10대이하,7884,4505,813,18.05,20,2.46
36440,100068,멜론매거진이벤트,플리마켓 인생 플리 상담소 댓글 이벤트,2024-10-02 10:00,2024-10-31 23:59,남,20대,8498,5205,909,17.46,21,2.31
36440,100068,멜론매거진이벤트,플리마켓 인생 플리 상담소 댓글 이벤트,2024-10-02 10:00,2024-10-31 23:59,남,30대,4179,2661,419,15.75,1,0.24
36440,100068,멜론매거진이벤트,플리마켓 인생 플리 상담소 댓글 이벤트,2024-10-02 10:00,2024-10-31 23:59,남,40대,4732,2618,483,18.45,5,1.04
36440,100068,멜론매거진이벤트,플리마켓 인생 플리 상담소 댓글 이벤트,2024-10-02 10:00,2024-10-31 23:59,남,50대,2988,1730,342,19.77,2,0.58
36440,100068,멜론매거진이벤트,플리마켓 인생 플리 상담소 댓글 이벤트,2024-10-02 10:00,2024-10-31 23:59,남,60대이상,667,322,74,22.98,2,2.7
36440,100068,멜론매거진이벤트,플리마켓 인생 플리 상담소 댓글 이벤트,2024-10-02 10:00,2024-10-31 23:59,여,10대이하,15049,7904,1937,24.51,34,1.76
36440,100068,멜론매거진이벤트,플리마켓 인생 플리 상담소 댓글 이벤트,2024-10-02 10:00,2024-10-31 23:59,여,20대,21291,11573,2571,22.22,41,1.59
36440,100068,멜론매거진이벤트,플리마켓 인생 플리 상담소 댓글 이벤트,2024-10-02 10:00,2024-10-31 23:59,여,30대,10630,6192,1068,17.25,11,1.03
36440,100068,멜론매거진이벤트,플리마켓 인생 플리 상담소 댓글 이벤트,2024-10-02 10:00,2024-10-31 23:59,여,40대,11187,5929,1110,18.72,15,1.35
36440,100068,멜론매거진이벤트,플리마켓 인생 플리 상담소 댓글 이벤트,2024-10-02 10:00,2024-10-31 23:59,여,50대,5014,2688,467,17.37,4,0.86
36440,100068,멜론매거진이벤트,플리마켓 인생 플리 상담소 댓글 이벤트,2024-10-02 10:00,2024-10-31 23:59,여,60대이상,1543,761,136,17.87,1,0.74
36443,100068,멜론매거진이벤트,YENA (최예나) 댓글 이벤트,2024-09-30 18:00,2024-10-14 23:59,남,10대이하,896,521,140,26.87,8,5.71
36443,100068,멜론매거진이벤트,YENA (최예나) 댓글 이벤트,2024-09-30 18:00,2024-10-14 23:59,남,20대,1370,935,168,17.97,2,1.19
36443,100068,멜론매거진이벤트,YENA (최예나) 댓글 이벤트,2024-09-30 18:00,2024-10-14 23:59,남,30대,1020,745,106,14.23,4,3.77
36443,100068,멜론매거진이벤트,YENA (최예나) 댓글 이벤트,2024-09-30 18:00,2024-10-14 23:59,남,40대,979,674,72,10.68,5,6.94
36443,100068,멜론매거진이벤트,YENA (최예나) 댓글 이벤트,2024-09-30 18:00,2024-10-14 23:59,남,50대,533,395,47,11.9,1,2.13
36443,100068,멜론매거진이벤트,YENA (최예나) 댓글 이벤트,2024-09-30 18:00,2024-10-14 23:59,남,60대이상,114,95,1,1.05,0,0.0
36443,100068,멜론매거진이벤트,YENA (최예나) 댓글 이벤트,2024-09-30 18:00,2024-10-14 23:59,여,10대이하,1185,783,157,20.05,9,5.73
36443,100068,멜론매거진이벤트,YENA (최예나) 댓글 이벤트,2024-09-30 18:00,2024-10-14 23:59,여,20대,1829,1436,173,12.05,5,2.89
36443,100068,멜론매거진이벤트,YENA (최예나) 댓글 이벤트,2024-09-30 18:00,2024-10-14 23:59,여,30대,1091,883,40,4.53,0,0.0
36443,100068,멜론매거진이벤트,YENA (최예나) 댓글 이벤트,2024-09-30 18:00,2024-10-14 23:59,여,40대,1735,1203,101,8.4,1,0.99
36443,100068,멜론매거진이벤트,YENA (최예나) 댓글 이벤트,2024-09-30 18:00,2024-10-14 23:59,여,50대,690,502,31,6.18,0,0.0
36443,100068,멜론매거진이벤트,YENA (최예나) 댓글 이벤트,2024-09-30 18:00,2024-10-14 23:59,여,60대이상,182,156,4,2.56,0,0.0
36445,100068,멜론매거진이벤트,박재범 댓글 이벤트,2024-10-08 18:00,2024-10-22 23:59,남,10대이하,541,356,69,19.38,1,1.45
36445,100068,멜론매거진이벤트,박재범 댓글 이벤트,2024-10-08 18:00,2024-10-22 23:59,남,20대,1275,887,130,14.66,2,1.54
36445,100068,멜론매거진이벤트,박재범 댓글 이벤트,2024-10-08 18:00,2024-10-22 23:59,남,30대,1358,912,145,15.9,4,2.76
36445,100068,멜론매거진이벤트,박재범 댓글 이벤트,2024-10-08 18:00,2024-10-22 23:59,남,40대,934,644,52,8.07,0,0.0
36445,100068,멜론매거진이벤트,박재범 댓글 이벤트,2024-10-08 18:00,2024-10-22 23:59,남,50대,532,373,38,10.19,0,0.0
36445,100068,멜론매거진이벤트,박재범 댓글 이벤트,2024-10-08 18:00,2024-10-22 23:59,남,60대이상,105,81,6,7.41,0,0.0
36445,100068,멜론매거진이벤트,박재범 댓글 이벤트,2024-10-08 18:00,2024-10-22 23:59,여,10대이하,1357,731,210,28.73,4,1.9
36445,100068,멜론매거진이벤트,박재범 댓글 이벤트,2024-10-08 18:00,2024-10-22 23:59,여,20대,2333,1371,315,22.98,8,2.54
36445,100068,멜론매거진이벤트,박재범 댓글 이벤트,2024-10-08 18:00,2024-10-22 23:59,여,30대,3734,2039,423,20.75,13,3.07
36445,100068,멜론매거진이벤트,박재범 댓글 이벤트,2024-10-08 18:00,2024-10-22 23:59,여,40대,3448,1813,244,13.46,7,2.87
36445,100068,멜론매거진이벤트,박재범 댓글 이벤트,2024-10-08 18:00,2024-10-22 23:59,여,50대,1183,712,73,10.25,4,5.48
36445,100068,멜론매거진이벤트,박재범 댓글 이벤트,2024-10-08 18:00,2024-10-22 23:59,여,60대이상,258,164,16,9.76,0,0.0
36446,100068,멜론매거진이벤트,이창섭 댓글 이벤트,2024-10-02 18:00,2024-10-16 23:59,남,10대이하,1020,691,60,8.68,1,1.67
36446,100068,멜론매거진이벤트,이창섭 댓글 이벤트,2024-10-02 18:00,2024-10-16 23:59,남,20대,1958,1664,56,3.37,0,0.0
36446,100068,멜론매거진이벤트,이창섭 댓글 이벤트,2024-10-02 18:00,2024-10-16 23:59,남,30대,2626,2228,58,2.6,0,0.0
36446,100068,멜론매거진이벤트,이창섭 댓글 이벤트,2024-10-02 18:00,2024-10-16 23:59,남,40대,2565,1882,86,4.57,3,3.49
36446,100068,멜론매거진이벤트,이창섭 댓글 이벤트,2024-10-02 18:00,2024-10-16 23:59,남,50대,1379,1025,55,5.37,1,1.82
36446,100068,멜론매거진이벤트,이창섭 댓글 이벤트,2024-10-02 18:00,2024-10-16 23:59,남,60대이상,413,297,8,2.69,0,0.0
36446,100068,멜론매거진이벤트,이창섭 댓글 이벤트,2024-10-02 18:00,2024-10-16 23:59,여,10대이하,3640,1927,399,20.71,10,2.51
36446,100068,멜론매거진이벤트,이창섭 댓글 이벤트,2024-10-02 18:00,2024-10-16 23:59,여,20대,6836,4478,527,11.77,23,4.36
36446,100068,멜론매거진이벤트,이창섭 댓글 이벤트,2024-10-02 18:00,2024-10-16 23:59,여,30대,7398,4861,417,8.58,15,3.6
36446,100068,멜론매거진이벤트,이창섭 댓글 이벤트,2024-10-02 18:00,2024-10-16 23:59,여,40대,7412,4607,388,8.42,13,3.35
36446,100068,멜론매거진이벤트,이창섭 댓글 이벤트,2024-10-02 18:00,2024-10-16 23:59,여,50대,2827,1795,104,5.79,3,2.88
36446,100068,멜론매거진이벤트,이창섭 댓글 이벤트,2024-10-02 18:00,2024-10-16 23:59,여,60대이상,613,492,11,2.24,0,0.0
36450,100068,멜론매거진이벤트,이무진 댓글 이벤트,2024-10-07 18:00,2024-10-21 23:59,남,10대이하,673,439,78,17.77,4,5.13
36450,100068,멜론매거진이벤트,이무진 댓글 이벤트,2024-10-07 18:00,2024-10-21 23:59,남,20대,1287,1059,51,4.82,0,0.0
36450,100068,멜론매거진이벤트,이무진 댓글 이벤트,2024-10-07 18:00,2024-10-21 23:59,남,30대,1312,1095,39,3.56,1,2.56
36450,100068,멜론매거진이벤트,이무진 댓글 이벤트,2024-10-07 18:00,2024-10-21 23:59,남,40대,1419,956,65,6.8,0,0.0
36450,100068,멜론매거진이벤트,이무진 댓글 이벤트,2024-10-07 18:00,2024-10-21 23:59,남,50대,620,473,34,7.19,1,2.94
36450,100068,멜론매거진이벤트,이무진 댓글 이벤트,2024-10-07 18:00,2024-10-21 23:59,남,60대이상,162,131,1,0.76,0,0.0
36450,100068,멜론매거진이벤트,이무진 댓글 이벤트,2024-10-07 18:00,2024-10-21 23:59,여,10대이하,1119,735,113,15.37,6,5.31
36450,100068,멜론매거진이벤트,이무진 댓글 이벤트,2024-10-07 18:00,2024-10-21 23:59,여,20대,2609,1898,150,7.9,7,4.67
36450,100068,멜론매거진이벤트,이무진 댓글 이벤트,2024-10-07 18:00,2024-10-21 23:59,여,30대,2461,1886,96,5.09,2,2.08
36450,100068,멜론매거진이벤트,이무진 댓글 이벤트,2024-10-07 18:00,2024-10-21 23:59,여,40대,3714,2114,192,9.08,5,2.6
36450,100068,멜론매거진이벤트,이무진 댓글 이벤트,2024-10-07 18:00,2024-10-21 23:59,여,50대,1996,999,78,7.81,3,3.85
36450,100068,멜론매거진이벤트,이무진 댓글 이벤트,2024-10-07 18:00,2024-10-21 23:59,여,60대이상,402,249,10,4.02,0,0.0
36453,100068,멜론매거진이벤트,"아뭘듣 스페셜! 유재석, 미미미누, 노을이, 다나카는 뭘 듣니? 댓글 이벤트",2024-10-11 18:00,2024-10-24 23:59,남,10대이하,2422,1487,53,3.56,0,0.0
36453,100068,멜론매거진이벤트,"아뭘듣 스페셜! 유재석, 미미미누, 노을이, 다나카는 뭘 듣니? 댓글 이벤트",2024-10-11 18:00,2024-10-24 23:59,남,20대,4687,3531,80,2.27,0,0.0
36453,100068,멜론매거진이벤트,"아뭘듣 스페셜! 유재석, 미미미누, 노을이, 다나카는 뭘 듣니? 댓글 이벤트",2024-10-11 18:00,2024-10-24 23:59,남,30대,4211,3332,68,2.04,0,0.0
36453,100068,멜론매거진이벤트,"아뭘듣 스페셜! 유재석, 미미미누, 노을이, 다나카는 뭘 듣니? 댓글 이벤트",2024-10-11 18:00,2024-10-24 23:59,남,40대,4769,3307,64,1.94,0,0.0
36453,100068,멜론매거진이벤트,"아뭘듣 스페셜! 유재석, 미미미누, 노을이, 다나카는 뭘 듣니? 댓글 이벤트",2024-10-11 18:00,2024-10-24 23:59,남,50대,2483,1776,33,1.86,0,0.0
36453,100068,멜론매거진이벤트,"아뭘듣 스페셜! 유재석, 미미미누, 노을이, 다나카는 뭘 듣니? 댓글 이벤트",2024-10-11 18:00,2024-10-24 23:59,남,60대이상,533,422,8,1.9,0,0.0
36453,100068,멜론매거진이벤트,"아뭘듣 스페셜! 유재석, 미미미누, 노을이, 다나카는 뭘 듣니? 댓글 이벤트",2024-10-11 18:00,2024-10-24 23:59,여,10대이하,3721,2450,128,5.22,0,0.0
36453,100068,멜론매거진이벤트,"아뭘듣 스페셜! 유재석, 미미미누, 노을이, 다나카는 뭘 듣니? 댓글 이벤트",2024-10-11 18:00,2024-10-24 23:59,여,20대,8578,6488,223,3.44,3,1.35
36453,100068,멜론매거진이벤트,"아뭘듣 스페셜! 유재석, 미미미누, 노을이, 다나카는 뭘 듣니? 댓글 이벤트",2024-10-11 18:00,2024-10-24 23:59,여,30대,7511,5790,127,2.19,2,1.57
36453,100068,멜론매거진이벤트,"아뭘듣 스페셜! 유재석, 미미미누, 노을이, 다나카는 뭘 듣니? 댓글 이벤트",2024-10-11 18:00,2024-10-24 23:59,여,40대,9747,6730,134,1.99,2,1.49
36453,100068,멜론매거진이벤트,"아뭘듣 스페셜! 유재석, 미미미누, 노을이, 다나카는 뭘 듣니? 댓글 이벤트",2024-10-11 18:00,2024-10-24 23:59,여,50대,4110,2946,41,1.39,0,0.0
36453,100068,멜론매거진이벤트,"아뭘듣 스페셜! 유재석, 미미미누, 노을이, 다나카는 뭘 듣니? 댓글 이벤트",2024-10-11 18:00,2024-10-24 23:59,여,60대이상,880,673,11,1.63,0,0.0
36456,100068,멜론매거진이벤트,LIVE CLUB DAY 댓글 이벤트,2024-10-11 18:00,2024-10-18 23:59,남,10대이하,430,356,14,3.93,0,0.0
36456,100068,멜론매거진이벤트,LIVE CLUB DAY 댓글 이벤트,2024-10-11 18:00,2024-10-18 23:59,남,20대,1675,1403,115,8.2,3,2.61
36456,100068,멜론매거진이벤트,LIVE CLUB DAY 댓글 이벤트,2024-10-11 18:00,2024-10-18 23:59,남,30대,1821,1496,126,8.42,0,0.0
36456,100068,멜론매거진이벤트,LIVE CLUB DAY 댓글 이벤트,2024-10-11 18:00,2024-10-18 23:59,남,40대,1376,1108,76,6.86,0,0.0
36456,100068,멜론매거진이벤트,LIVE CLUB DAY 댓글 이벤트,2024-10-11 18:00,2024-10-18 23:59,남,50대,778,656,38,5.79,1,2.63
36456,100068,멜론매거진이벤트,LIVE CLUB DAY 댓글 이벤트,2024-10-11 18:00,2024-10-18 23:59,남,60대이상,262,218,6,2.75,0,0.0
36456,100068,멜론매거진이벤트,LIVE CLUB DAY 댓글 이벤트,2024-10-11 18:00,2024-10-18 23:59,여,10대이하,859,768,29,3.78,0,0.0
36456,100068,멜론매거진이벤트,LIVE CLUB DAY 댓글 이벤트,2024-10-11 18:00,2024-10-18 23:59,여,20대,3064,2559,268,10.47,6,2.24
36456,100068,멜론매거진이벤트,LIVE CLUB DAY 댓글 이벤트,2024-10-11 18:00,2024-10-18 23:59,여,30대,2773,2308,196,8.49,0,0.0
36456,100068,멜론매거진이벤트,LIVE CLUB DAY 댓글 이벤트,2024-10-11 18:00,2024-10-18 23:59,여,40대,2417,2052,110,5.36,3,2.73
36456,100068,멜론매거진이벤트,LIVE CLUB DAY 댓글 이벤트,2024-10-11 18:00,2024-10-18 23:59,여,50대,1186,975,53,5.44,0,0.0
36456,100068,멜론매거진이벤트,LIVE CLUB DAY 댓글 이벤트,2024-10-11 18:00,2024-10-18 23:59,여,60대이상,389,320,10,3.13,0,0.0
36460,100068,멜론매거진이벤트,세븐틴 (SEVENTEEN) 댓글 이벤트,2024-10-14 18:00,2024-10-28 23:59,남,10대이하,588,381,74,19.42,5,6.76
36460,100068,멜론매거진이벤트,세븐틴 (SEVENTEEN) 댓글 이벤트,2024-10-14 18:00,2024-10-28 23:59,남,20대,1026,859,86,10.01,0,0.0
36460,100068,멜론매거진이벤트,세븐틴 (SEVENTEEN) 댓글 이벤트,2024-10-14 18:00,2024-10-28 23:59,남,30대,1333,995,71,7.14,1,1.41
36460,100068,멜론매거진이벤트,세븐틴 (SEVENTEEN) 댓글 이벤트,2024-10-14 18:00,2024-10-28 23:59,남,40대,3348,1702,274,16.1,7,2.55
36460,100068,멜론매거진이벤트,세븐틴 (SEVENTEEN) 댓글 이벤트,2024-10-14 18:00,2024-10-28 23:59,남,50대,1625,938,189,20.15,1,0.53
36460,100068,멜론매거진이벤트,세븐틴 (SEVENTEEN) 댓글 이벤트,2024-10-14 18:00,2024-10-28 23:59,남,60대이상,308,195,18,9.23,1,5.56
36460,100068,멜론매거진이벤트,세븐틴 (SEVENTEEN) 댓글 이벤트,2024-10-14 18:00,2024-10-28 23:59,여,10대이하,10015,4282,1508,35.22,152,10.08
36460,100068,멜론매거진이벤트,세븐틴 (SEVENTEEN) 댓글 이벤트,2024-10-14 18:00,2024-10-28 23:59,여,20대,8930,4867,1395,28.66,114,8.17
36460,100068,멜론매거진이벤트,세븐틴 (SEVENTEEN) 댓글 이벤트,2024-10-14 18:00,2024-10-28 23:59,여,30대,7056,3712,903,24.33,73,8.08
36460,100068,멜론매거진이벤트,세븐틴 (SEVENTEEN) 댓글 이벤트,2024-10-14 18:00,2024-10-28 23:59,여,40대,8363,4108,833,20.28,26,3.12
36460,100068,멜론매거진이벤트,세븐틴 (SEVENTEEN) 댓글 이벤트,2024-10-14 18:00,2024-10-28 23:59,여,50대,2095,1255,207,16.49,11,5.31
36460,100068,멜론매거진이벤트,세븐틴 (SEVENTEEN) 댓글 이벤트,2024-10-14 18:00,2024-10-28 23:59,여,60대이상,407,271,25,9.23,3,12.0
36461,100068,멜론매거진이벤트,KISS OF LIFE 댓글 이벤트,2024-10-15 18:00,2024-10-29 23:59,남,10대이하,979,617,121,19.61,5,4.13
36461,100068,멜론매거진이벤트,KISS OF LIFE 댓글 이벤트,2024-10-15 18:00,2024-10-29 23:59,남,20대,2060,1579,172,10.89,7,4.07
36461,100068,멜론매거진이벤트,KISS OF LIFE 댓글 이벤트,2024-10-15 18:00,2024-10-29 23:59,남,30대,1693,1356,69,5.09,2,2.9
36461,100068,멜론매거진이벤트,KISS OF LIFE 댓글 이벤트,2024-10-15 18:00,2024-10-29 23:59,남,40대,1934,1328,138,10.39,3,2.17
36461,100068,멜론매거진이벤트,KISS OF LIFE 댓글 이벤트,2024-10-15 18:00,2024-10-29 23:59,남,50대,1115,813,81,9.96,0,0.0
36461,100068,멜론매거진이벤트,KISS OF LIFE 댓글 이벤트,2024-10-15 18:00,2024-10-29 23:59,남,60대이상,234,179,7,3.91,0,0.0
36461,100068,멜론매거진이벤트,KISS OF LIFE 댓글 이벤트,2024-10-15 18:00,2024-10-29 23:59,여,10대이하,2724,1604,367,22.88,16,4.36
36461,100068,멜론매거진이벤트,KISS OF LIFE 댓글 이벤트,2024-10-15 18:00,2024-10-29 23:59,여,20대,4055,3006,310,10.31,10,3.23
36461,100068,멜론매거진이벤트,KISS OF LIFE 댓글 이벤트,2024-10-15 18:00,2024-10-29 23:59,여,30대,2332,1903,76,3.99,2,2.63
36461,100068,멜론매거진이벤트,KISS OF LIFE 댓글 이벤트,2024-10-15 18:00,2024-10-29 23:59,여,40대,3358,2356,203,8.62,0,0.0
36461,100068,멜론매거진이벤트,KISS OF LIFE 댓글 이벤트,2024-10-15 18:00,2024-10-29 23:59,여,50대,1464,1129,69,6.11,2,2.9
36461,100068,멜론매거진이벤트,KISS OF LIFE 댓글 이벤트,2024-10-15 18:00,2024-10-29 23:59,여,60대이상,488,372,10,2.69,1,10.0
36466,100068,멜론매거진이벤트,로이킴 댓글 이벤트,2024-10-16 18:00,2024-10-30 23:59,남,10대이하,318,233,38,16.31,0,0.0
36466,100068,멜론매거진이벤트,로이킴 댓글 이벤트,2024-10-16 18:00,2024-10-30 23:59,남,20대,996,810,93,11.48,0,0.0
36466,100068,멜론매거진이벤트,로이킴 댓글 이벤트,2024-10-16 18:00,2024-10-30 23:59,남,30대,862,689,67,9.72,2,2.99
36466,100068,멜론매거진이벤트,로이킴 댓글 이벤트,2024-10-16 18:00,2024-10-30 23:59,남,40대,653,507,35,6.9,0,0.0
36466,100068,멜론매거진이벤트,로이킴 댓글 이벤트,2024-10-16 18:00,2024-10-30 23:59,남,50대,430,334,22,6.59,0,0.0
36466,100068,멜론매거진이벤트,로이킴 댓글 이벤트,2024-10-16 18:00,2024-10-30 23:59,남,60대이상,122,93,3,3.23,0,0.0
36466,100068,멜론매거진이벤트,로이킴 댓글 이벤트,2024-10-16 18:00,2024-10-30 23:59,여,10대이하,644,448,83,18.53,3,3.61
36466,100068,멜론매거진이벤트,로이킴 댓글 이벤트,2024-10-16 18:00,2024-10-30 23:59,여,20대,1837,1283,176,13.72,9,5.11
36466,100068,멜론매거진이벤트,로이킴 댓글 이벤트,2024-10-16 18:00,2024-10-30 23:59,여,30대,1364,1142,75,6.57,3,4.0
36466,100068,멜론매거진이벤트,로이킴 댓글 이벤트,2024-10-16 18:00,2024-10-30 23:59,여,40대,1713,1231,105,8.53,1,0.95
36466,100068,멜론매거진이벤트,로이킴 댓글 이벤트,2024-10-16 18:00,2024-10-30 23:59,여,50대,799,624,49,7.85,1,2.04
36466,100068,멜론매거진이벤트,로이킴 댓글 이벤트,2024-10-16 18:00,2024-10-30 23:59,여,60대이상,247,157,6,3.82,1,16.67
36467,100068,멜론매거진이벤트,제니 (JENNIE) 댓글 이벤트,2024-10-16 12:00,2024-10-30 23:59,남,10대이하,884,612,116,18.95,1,0.86
36467,100068,멜론매거진이벤트,제니 (JENNIE) 댓글 이벤트,2024-10-16 12:00,2024-10-30 23:59,남,20대,2634,1946,246,12.64,6,2.44
36467,100068,멜론매거진이벤트,제니 (JENNIE) 댓글 이벤트,2024-10-16 12:00,2024-10-30 23:59,남,30대,2688,2184,125,5.72,1,0.8
36467,100068,멜론매거진이벤트,제니 (JENNIE) 댓글 이벤트,2024-10-16 12:00,2024-10-30 23:59,남,40대,2632,1918,150,7.82,2,1.33
36467,100068,멜론매거진이벤트,제니 (JENNIE) 댓글 이벤트,2024-10-16 12:00,2024-10-30 23:59,남,50대,1520,1110,120,10.81,0,0.0
36467,100068,멜론매거진이벤트,제니 (JENNIE) 댓글 이벤트,2024-10-16 12:00,2024-10-30 23:59,남,60대이상,470,298,11,3.69,0,0.0
36467,100068,멜론매거진이벤트,제니 (JENNIE) 댓글 이벤트,2024-10-16 12:00,2024-10-30 23:59,여,10대이하,2348,1565,330,21.09,10,3.03
36467,100068,멜론매거진이벤트,제니 (JENNIE) 댓글 이벤트,2024-10-16 12:00,2024-10-30 23:59,여,20대,6980,5019,655,13.05,11,1.68
36467,100068,멜론매거진이벤트,제니 (JENNIE) 댓글 이벤트,2024-10-16 12:00,2024-10-30 23:59,여,30대,5392,4484,251,5.6,4,1.59
36467,100068,멜론매거진이벤트,제니 (JENNIE) 댓글 이벤트,2024-10-16 12:00,2024-10-30 23:59,여,40대,4976,3677,286,7.78,4,1.4
36467,100068,멜론매거진이벤트,제니 (JENNIE) 댓글 이벤트,2024-10-16 12:00,2024-10-30 23:59,여,50대,2138,1655,122,7.37,0,0.0
36467,100068,멜론매거진이벤트,제니 (JENNIE) 댓글 이벤트,2024-10-16 12:00,2024-10-30 23:59,여,60대이상,570,468,19,4.06,2,10.53
36470,100068,멜론매거진이벤트,아모레몰X러브이즈트루 댓글 이벤트,2024-10-21 12:00,2024-10-31 23:59,남,10대이하,143,120,11,9.17,0,0.0
36470,100068,멜론매거진이벤트,아모레몰X러브이즈트루 댓글 이벤트,2024-10-21 12:00,2024-10-31 23:59,남,20대,309,269,36,13.38,0,0.0
36470,100068,멜론매거진이벤트,아모레몰X러브이즈트루 댓글 이벤트,2024-10-21 12:00,2024-10-31 23:59,남,30대,352,303,28,9.24,1,3.57
36470,100068,멜론매거진이벤트,아모레몰X러브이즈트루 댓글 이벤트,2024-10-21 12:00,2024-10-31 23:59,남,40대,356,279,29,10.39,0,0.0
36470,100068,멜론매거진이벤트,아모레몰X러브이즈트루 댓글 이벤트,2024-10-21 12:00,2024-10-31 23:59,남,50대,220,164,20,12.2,0,0.0
36470,100068,멜론매거진이벤트,아모레몰X러브이즈트루 댓글 이벤트,2024-10-21 12:00,2024-10-31 23:59,남,60대이상,59,44,4,9.09,0,0.0
36470,100068,멜론매거진이벤트,아모레몰X러브이즈트루 댓글 이벤트,2024-10-21 12:00,2024-10-31 23:59,여,10대이하,616,457,110,24.07,1,0.91
36470,100068,멜론매거진이벤트,아모레몰X러브이즈트루 댓글 이벤트,2024-10-21 12:00,2024-10-31 23:59,여,20대,1487,1090,253,23.21,5,1.98
36470,100068,멜론매거진이벤트,아모레몰X러브이즈트루 댓글 이벤트,2024-10-21 12:00,2024-10-31 23:59,여,30대,879,650,89,13.69,2,2.25
36470,100068,멜론매거진이벤트,아모레몰X러브이즈트루 댓글 이벤트,2024-10-21 12:00,2024-10-31 23:59,여,40대,767,594,75,12.63,0,0.0
36470,100068,멜론매거진이벤트,아모레몰X러브이즈트루 댓글 이벤트,2024-10-21 12:00,2024-10-31 23:59,여,50대,309,258,24,9.3,0,0.0
36470,100068,멜론매거진이벤트,아모레몰X러브이즈트루 댓글 이벤트,2024-10-21 12:00,2024-10-31 23:59,여,60대이상,94,76,7,9.21,1,14.29
36471,100068,멜론매거진이벤트,ITZY (있지) 댓글 이벤트 ,2024-10-18 18:00,2024-11-01 23:59,남,10대이하,614,446,101,22.65,4,3.96
36471,100068,멜론매거진이벤트,ITZY (있지) 댓글 이벤트 ,2024-10-18 18:00,2024-11-01 23:59,남,20대,1859,1409,221,15.68,6,2.71
36471,100068,멜론매거진이벤트,ITZY (있지) 댓글 이벤트 ,2024-10-18 18:00,2024-11-01 23:59,남,30대,1632,1254,140,11.16,2,1.43
36471,100068,멜론매거진이벤트,ITZY (있지) 댓글 이벤트 ,2024-10-18 18:00,2024-11-01 23:59,남,40대,1301,989,88,8.9,2,2.27
36471,100068,멜론매거진이벤트,ITZY (있지) 댓글 이벤트 ,2024-10-18 18:00,2024-11-01 23:59,남,50대,753,585,38,6.5,0,0.0
36471,100068,멜론매거진이벤트,ITZY (있지) 댓글 이벤트 ,2024-10-18 18:00,2024-11-01 23:59,남,60대이상,222,151,5,3.31,0,0.0
36471,100068,멜론매거진이벤트,ITZY (있지) 댓글 이벤트 ,2024-10-18 18:00,2024-11-01 23:59,여,10대이하,1297,891,162,18.18,2,1.23
36471,100068,멜론매거진이벤트,ITZY (있지) 댓글 이벤트 ,2024-10-18 18:00,2024-11-01 23:59,여,20대,2498,2086,169,8.1,5,2.96
36471,100068,멜론매거진이벤트,ITZY (있지) 댓글 이벤트 ,2024-10-18 18:00,2024-11-01 23:59,여,30대,1991,1706,71,4.16,1,1.41
36471,100068,멜론매거진이벤트,ITZY (있지) 댓글 이벤트 ,2024-10-18 18:00,2024-11-01 23:59,여,40대,2179,1719,108,6.28,0,0.0
36471,100068,멜론매거진이벤트,ITZY (있지) 댓글 이벤트 ,2024-10-18 18:00,2024-11-01 23:59,여,50대,950,739,48,6.5,1,2.08
36471,100068,멜론매거진이벤트,ITZY (있지) 댓글 이벤트 ,2024-10-18 18:00,2024-11-01 23:59,여,60대이상,300,247,6,2.43,0,0.0
36473,100068,멜론매거진이벤트,조용필 댓글 이벤트,2024-10-22 18:00,2024-11-05 23:59,남,10대이하,538,387,43,11.11,1,2.33
36473,100068,멜론매거진이벤트,조용필 댓글 이벤트,2024-10-22 18:00,2024-11-05 23:59,남,20대,1756,1308,160,12.23,6,3.75
36473,100068,멜론매거진이벤트,조용필 댓글 이벤트,2024-10-22 18:00,2024-11-05 23:59,남,30대,2897,2015,305,15.14,2,0.66
36473,100068,멜론매거진이벤트,조용필 댓글 이벤트,2024-10-22 18:00,2024-11-05 23:59,남,40대,2385,1664,200,12.02,3,1.5
36473,100068,멜론매거진이벤트,조용필 댓글 이벤트,2024-10-22 18:00,2024-11-05 23:59,남,50대,2273,1375,161,11.71,1,0.62
36473,100068,멜론매거진이벤트,조용필 댓글 이벤트,2024-10-22 18:00,2024-11-05 23:59,남,60대이상,960,546,43,7.88,1,2.33
36473,100068,멜론매거진이벤트,조용필 댓글 이벤트,2024-10-22 18:00,2024-11-05 23:59,여,10대이하,756,569,93,16.34,1,1.08
36473,100068,멜론매거진이벤트,조용필 댓글 이벤트,2024-10-22 18:00,2024-11-05 23:59,여,20대,3279,2368,446,18.83,4,0.9
36473,100068,멜론매거진이벤트,조용필 댓글 이벤트,2024-10-22 18:00,2024-11-05 23:59,여,30대,4905,3416,704,20.61,10,1.42
36473,100068,멜론매거진이벤트,조용필 댓글 이벤트,2024-10-22 18:00,2024-11-05 23:59,여,40대,4049,2978,438,14.71,5,1.14
36473,100068,멜론매거진이벤트,조용필 댓글 이벤트,2024-10-22 18:00,2024-11-05 23:59,여,50대,5445,2619,406,15.5,19,4.68
36473,100068,멜론매거진이벤트,조용필 댓글 이벤트,2024-10-22 18:00,2024-11-05 23:59,여,60대이상,1421,849,87,10.25,2,2.3
36476,100068,멜론매거진이벤트, 아일릿(ILLIT) 댓글 이벤트,2024-10-21 18:00,2024-11-04 23:59,남,10대이하,1612,964,191,19.81,9,4.71
36476,100068,멜론매거진이벤트, 아일릿(ILLIT) 댓글 이벤트,2024-10-21 18:00,2024-11-04 23:59,남,20대,3254,2317,380,16.4,14,3.68
36476,100068,멜론매거진이벤트, 아일릿(ILLIT) 댓글 이벤트,2024-10-21 18:00,2024-11-04 23:59,남,30대,3578,2643,251,9.5,4,1.59
36476,100068,멜론매거진이벤트, 아일릿(ILLIT) 댓글 이벤트,2024-10-21 18:00,2024-11-04 23:59,남,40대,3552,2460,270,10.98,2,0.74
36476,100068,멜론매거진이벤트, 아일릿(ILLIT) 댓글 이벤트,2024-10-21 18:00,2024-11-04 23:59,남,50대,1696,1315,124,9.43,0,0.0
36476,100068,멜론매거진이벤트, 아일릿(ILLIT) 댓글 이벤트,2024-10-21 18:00,2024-11-04 23:59,남,60대이상,356,276,17,6.16,0,0.0
36476,100068,멜론매거진이벤트, 아일릿(ILLIT) 댓글 이벤트,2024-10-21 18:00,2024-11-04 23:59,여,10대이하,3269,2078,411,19.78,25,6.08
36476,100068,멜론매거진이벤트, 아일릿(ILLIT) 댓글 이벤트,2024-10-21 18:00,2024-11-04 23:59,여,20대,5565,3962,473,11.94,18,3.81
36476,100068,멜론매거진이벤트, 아일릿(ILLIT) 댓글 이벤트,2024-10-21 18:00,2024-11-04 23:59,여,30대,3760,3096,132,4.26,0,0.0
36476,100068,멜론매거진이벤트, 아일릿(ILLIT) 댓글 이벤트,2024-10-21 18:00,2024-11-04 23:59,여,40대,5571,4047,321,7.93,2,0.62
36476,100068,멜론매거진이벤트, 아일릿(ILLIT) 댓글 이벤트,2024-10-21 18:00,2024-11-04 23:59,여,50대,2267,1773,135,7.61,3,2.22
36476,100068,멜론매거진이벤트, 아일릿(ILLIT) 댓글 이벤트,2024-10-21 18:00,2024-11-04 23:59,여,60대이상,580,447,15,3.36,0,0.0
36478,100068,멜론매거진이벤트,로제 (ROSÉ) 댓글 이벤트,2024-10-21 12:00,2024-11-04 23:59,남,10대이하,1283,856,226,26.4,5,2.21
36478,100068,멜론매거진이벤트,로제 (ROSÉ) 댓글 이벤트,2024-10-21 12:00,2024-11-04 23:59,남,20대,2914,2186,476,21.77,13,2.73
36478,100068,멜론매거진이벤트,로제 (ROSÉ) 댓글 이벤트,2024-10-21 12:00,2024-11-04 23:59,남,30대,3253,2434,361,14.83,5,1.39
36478,100068,멜론매거진이벤트,로제 (ROSÉ) 댓글 이벤트,2024-10-21 12:00,2024-11-04 23:59,남,40대,3968,2823,356,12.61,2,0.56
36478,100068,멜론매거진이벤트,로제 (ROSÉ) 댓글 이벤트,2024-10-21 12:00,2024-11-04 23:59,남,50대,1961,1414,203,14.36,0,0.0
36478,100068,멜론매거진이벤트,로제 (ROSÉ) 댓글 이벤트,2024-10-21 12:00,2024-11-04 23:59,남,60대이상,441,282,30,10.64,1,3.33
36478,100068,멜론매거진이벤트,로제 (ROSÉ) 댓글 이벤트,2024-10-21 12:00,2024-11-04 23:59,여,10대이하,2502,1730,542,31.33,18,3.32
36478,100068,멜론매거진이벤트,로제 (ROSÉ) 댓글 이벤트,2024-10-21 12:00,2024-11-04 23:59,여,20대,5627,4167,892,21.41,11,1.23
36478,100068,멜론매거진이벤트,로제 (ROSÉ) 댓글 이벤트,2024-10-21 12:00,2024-11-04 23:59,여,30대,5156,4001,516,12.9,1,0.19
36478,100068,멜론매거진이벤트,로제 (ROSÉ) 댓글 이벤트,2024-10-21 12:00,2024-11-04 23:59,여,40대,6855,4970,572,11.51,3,0.52
36478,100068,멜론매거진이벤트,로제 (ROSÉ) 댓글 이벤트,2024-10-21 12:00,2024-11-04 23:59,여,50대,2569,1944,278,14.3,2,0.72
36478,100068,멜론매거진이벤트,로제 (ROSÉ) 댓글 이벤트,2024-10-21 12:00,2024-11-04 23:59,여,60대이상,549,426,43,10.09,0,0.0
36482,100068,멜론매거진이벤트,tripleS (트리플에스) 댓글 이벤트,2024-10-23 18:00,2024-11-06 23:59,남,10대이하,517,321,61,19.0,3,4.92
36482,100068,멜론매거진이벤트,tripleS (트리플에스) 댓글 이벤트,2024-10-23 18:00,2024-11-06 23:59,남,20대,1313,874,124,14.19,4,3.23
36482,100068,멜론매거진이벤트,tripleS (트리플에스) 댓글 이벤트,2024-10-23 18:00,2024-11-06 23:59,남,30대,1049,839,47,5.6,2,4.26
36482,100068,멜론매거진이벤트,tripleS (트리플에스) 댓글 이벤트,2024-10-23 18:00,2024-11-06 23:59,남,40대,1113,814,60,7.37,2,3.33
36482,100068,멜론매거진이벤트,tripleS (트리플에스) 댓글 이벤트,2024-10-23 18:00,2024-11-06 23:59,남,50대,561,424,29,6.84,0,0.0
36482,100068,멜론매거진이벤트,tripleS (트리플에스) 댓글 이벤트,2024-10-23 18:00,2024-11-06 23:59,남,60대이상,150,122,2,1.64,0,0.0
36482,100068,멜론매거진이벤트,tripleS (트리플에스) 댓글 이벤트,2024-10-23 18:00,2024-11-06 23:59,여,10대이하,1184,745,141,18.93,7,4.96
36482,100068,멜론매거진이벤트,tripleS (트리플에스) 댓글 이벤트,2024-10-23 18:00,2024-11-06 23:59,여,20대,1811,1373,104,7.57,5,4.81
36482,100068,멜론매거진이벤트,tripleS (트리플에스) 댓글 이벤트,2024-10-23 18:00,2024-11-06 23:59,여,30대,1470,1182,28,2.37,0,0.0
36482,100068,멜론매거진이벤트,tripleS (트리플에스) 댓글 이벤트,2024-10-23 18:00,2024-11-06 23:59,여,40대,1680,1338,58,4.33,0,0.0
36482,100068,멜론매거진이벤트,tripleS (트리플에스) 댓글 이벤트,2024-10-23 18:00,2024-11-06 23:59,여,50대,897,653,26,3.98,1,3.85
36482,100068,멜론매거진이벤트,tripleS (트리플에스) 댓글 이벤트,2024-10-23 18:00,2024-11-06 23:59,여,60대이상,246,210,3,1.43,0,0.0
36483,100068,멜론매거진이벤트,멜론 서포터즈 15기 모집 댓글 이벤트,2024-10-22 12:00,2024-11-03 23:59,남,10대이하,519,362,29,8.01,0,0.0
36483,100068,멜론매거진이벤트,멜론 서포터즈 15기 모집 댓글 이벤트,2024-10-22 12:00,2024-11-03 23:59,남,20대,3084,2431,139,5.72,2,1.44
36483,100068,멜론매거진이벤트,멜론 서포터즈 15기 모집 댓글 이벤트,2024-10-22 12:00,2024-11-03 23:59,남,30대,761,629,25,3.97,0,0.0
36483,100068,멜론매거진이벤트,멜론 서포터즈 15기 모집 댓글 이벤트,2024-10-22 12:00,2024-11-03 23:59,남,40대,505,375,15,4.0,0,0.0
36483,100068,멜론매거진이벤트,멜론 서포터즈 15기 모집 댓글 이벤트,2024-10-22 12:00,2024-11-03 23:59,남,50대,494,371,26,7.01,1,3.85
36483,100068,멜론매거진이벤트,멜론 서포터즈 15기 모집 댓글 이벤트,2024-10-22 12:00,2024-11-03 23:59,남,60대이상,81,70,2,2.86,1,50.0
36483,100068,멜론매거진이벤트,멜론 서포터즈 15기 모집 댓글 이벤트,2024-10-22 12:00,2024-11-03 23:59,여,10대이하,1656,1243,98,7.88,0,0.0
36483,100068,멜론매거진이벤트,멜론 서포터즈 15기 모집 댓글 이벤트,2024-10-22 12:00,2024-11-03 23:59,여,20대,11960,8738,775,8.87,18,2.32
36483,100068,멜론매거진이벤트,멜론 서포터즈 15기 모집 댓글 이벤트,2024-10-22 12:00,2024-11-03 23:59,여,30대,1734,1428,52,3.64,1,1.92
36483,100068,멜론매거진이벤트,멜론 서포터즈 15기 모집 댓글 이벤트,2024-10-22 12:00,2024-11-03 23:59,여,40대,1126,875,63,7.2,0,0.0
36483,100068,멜론매거진이벤트,멜론 서포터즈 15기 모집 댓글 이벤트,2024-10-22 12:00,2024-11-03 23:59,여,50대,655,487,31,6.37,0,0.0
36483,100068,멜론매거진이벤트,멜론 서포터즈 15기 모집 댓글 이벤트,2024-10-22 12:00,2024-11-03 23:59,여,60대이상,186,121,7,5.79,0,0.0
36489,100068,멜론매거진이벤트,볼빨간사춘기 댓글 이벤트,2024-10-23 18:00,2024-11-06 23:59,남,10대이하,809,450,76,16.89,6,7.89
36489,100068,멜론매거진이벤트,볼빨간사춘기 댓글 이벤트,2024-10-23 18:00,2024-11-06 23:59,남,20대,1696,1226,144,11.75,7,4.86
36489,100068,멜론매거진이벤트,볼빨간사춘기 댓글 이벤트,2024-10-23 18:00,2024-11-06 23:59,남,30대,1349,1098,72,6.56,3,4.17
36489,100068,멜론매거진이벤트,볼빨간사춘기 댓글 이벤트,2024-10-23 18:00,2024-11-06 23:59,남,40대,1160,853,60,7.03,1,1.67
36489,100068,멜론매거진이벤트,볼빨간사춘기 댓글 이벤트,2024-10-23 18:00,2024-11-06 23:59,남,50대,597,457,25,5.47,1,4.0
36489,100068,멜론매거진이벤트,볼빨간사춘기 댓글 이벤트,2024-10-23 18:00,2024-11-06 23:59,남,60대이상,133,106,1,0.94,0,0.0
36489,100068,멜론매거진이벤트,볼빨간사춘기 댓글 이벤트,2024-10-23 18:00,2024-11-06 23:59,여,10대이하,857,625,65,10.4,2,3.08
36489,100068,멜론매거진이벤트,볼빨간사춘기 댓글 이벤트,2024-10-23 18:00,2024-11-06 23:59,여,20대,1777,1519,66,4.34,4,6.06
36489,100068,멜론매거진이벤트,볼빨간사춘기 댓글 이벤트,2024-10-23 18:00,2024-11-06 23:59,여,30대,1643,1445,21,1.45,0,0.0
36489,100068,멜론매거진이벤트,볼빨간사춘기 댓글 이벤트,2024-10-23 18:00,2024-11-06 23:59,여,40대,1929,1536,70,4.56,0,0.0
36489,100068,멜론매거진이벤트,볼빨간사춘기 댓글 이벤트,2024-10-23 18:00,2024-11-06 23:59,여,50대,830,656,24,3.66,1,4.17
36489,100068,멜론매거진이벤트,볼빨간사춘기 댓글 이벤트,2024-10-23 18:00,2024-11-06 23:59,여,60대이상,248,185,4,2.16,0,0.0
36490,100068,멜론매거진이벤트,하현상 댓글 이벤트,2024-10-23 18:00,2024-11-06 23:59,남,10대이하,77,48,14,29.17,0,0.0
36490,100068,멜론매거진이벤트,하현상 댓글 이벤트,2024-10-23 18:00,2024-11-06 23:59,남,20대,249,169,38,22.49,0,0.0
36490,100068,멜론매거진이벤트,하현상 댓글 이벤트,2024-10-23 18:00,2024-11-06 23:59,남,30대,216,133,20,15.04,0,0.0
36490,100068,멜론매거진이벤트,하현상 댓글 이벤트,2024-10-23 18:00,2024-11-06 23:59,남,40대,190,126,15,11.9,1,6.67
36490,100068,멜론매거진이벤트,하현상 댓글 이벤트,2024-10-23 18:00,2024-11-06 23:59,남,50대,232,140,36,25.71,0,0.0
36490,100068,멜론매거진이벤트,하현상 댓글 이벤트,2024-10-23 18:00,2024-11-06 23:59,남,60대이상,25,21,3,14.29,0,0.0
36490,100068,멜론매거진이벤트,하현상 댓글 이벤트,2024-10-23 18:00,2024-11-06 23:59,여,10대이하,905,405,160,39.51,12,7.5
36490,100068,멜론매거진이벤트,하현상 댓글 이벤트,2024-10-23 18:00,2024-11-06 23:59,여,20대,1938,919,333,36.24,18,5.41
36490,100068,멜론매거진이벤트,하현상 댓글 이벤트,2024-10-23 18:00,2024-11-06 23:59,여,30대,544,361,48,13.3,1,2.08
36490,100068,멜론매거진이벤트,하현상 댓글 이벤트,2024-10-23 18:00,2024-11-06 23:59,여,40대,581,321,53,16.51,2,3.77
36490,100068,멜론매거진이벤트,하현상 댓글 이벤트,2024-10-23 18:00,2024-11-06 23:59,여,50대,494,242,53,21.9,1,1.89
36490,100068,멜론매거진이벤트,하현상 댓글 이벤트,2024-10-23 18:00,2024-11-06 23:59,여,60대이상,48,34,6,17.65,0,0.0
36491,100068,멜론매거진이벤트,이승윤 댓글 이벤트,2024-10-24 18:00,2024-11-07 23:59,남,10대이하,232,160,19,11.88,0,0.0
36491,100068,멜론매거진이벤트,이승윤 댓글 이벤트,2024-10-24 18:00,2024-11-07 23:59,남,20대,681,502,35,6.97,0,0.0
36491,100068,멜론매거진이벤트,이승윤 댓글 이벤트,2024-10-24 18:00,2024-11-07 23:59,남,30대,852,682,21,3.08,1,4.76
36491,100068,멜론매거진이벤트,이승윤 댓글 이벤트,2024-10-24 18:00,2024-11-07 23:59,남,40대,693,525,25,4.76,0,0.0
36491,100068,멜론매거진이벤트,이승윤 댓글 이벤트,2024-10-24 18:00,2024-11-07 23:59,남,50대,531,348,29,8.33,2,6.9
36491,100068,멜론매거진이벤트,이승윤 댓글 이벤트,2024-10-24 18:00,2024-11-07 23:59,남,60대이상,228,143,17,11.89,1,5.88
36491,100068,멜론매거진이벤트,이승윤 댓글 이벤트,2024-10-24 18:00,2024-11-07 23:59,여,10대이하,476,310,51,16.45,4,7.84
36491,100068,멜론매거진이벤트,이승윤 댓글 이벤트,2024-10-24 18:00,2024-11-07 23:59,여,20대,1651,963,116,12.05,6,5.17
36491,100068,멜론매거진이벤트,이승윤 댓글 이벤트,2024-10-24 18:00,2024-11-07 23:59,여,30대,2022,1315,117,8.9,7,5.98
36491,100068,멜론매거진이벤트,이승윤 댓글 이벤트,2024-10-24 18:00,2024-11-07 23:59,여,40대,3788,1656,307,18.54,12,3.91
36491,100068,멜론매거진이벤트,이승윤 댓글 이벤트,2024-10-24 18:00,2024-11-07 23:59,여,50대,5454,1693,443,26.17,20,4.51
36491,100068,멜론매거진이벤트,이승윤 댓글 이벤트,2024-10-24 18:00,2024-11-07 23:59,여,60대이상,2143,691,124,17.95,1,0.81
36494,100068,멜론매거진이벤트,재현 (JAEHYUN) 댓글 이벤트,2024-10-24 18:00,2024-11-07 23:59,남,10대이하,278,223,14,6.28,0,0.0
36494,100068,멜론매거진이벤트,재현 (JAEHYUN) 댓글 이벤트,2024-10-24 18:00,2024-11-07 23:59,남,20대,943,784,45,5.74,3,6.67
36494,100068,멜론매거진이벤트,재현 (JAEHYUN) 댓글 이벤트,2024-10-24 18:00,2024-11-07 23:59,남,30대,943,835,18,2.16,0,0.0
36494,100068,멜론매거진이벤트,재현 (JAEHYUN) 댓글 이벤트,2024-10-24 18:00,2024-11-07 23:59,남,40대,1095,845,68,8.05,0,0.0
36494,100068,멜론매거진이벤트,재현 (JAEHYUN) 댓글 이벤트,2024-10-24 18:00,2024-11-07 23:59,남,50대,804,580,78,13.45,0,0.0
36494,100068,멜론매거진이벤트,재현 (JAEHYUN) 댓글 이벤트,2024-10-24 18:00,2024-11-07 23:59,남,60대이상,185,148,4,2.7,0,0.0
36494,100068,멜론매거진이벤트,재현 (JAEHYUN) 댓글 이벤트,2024-10-24 18:00,2024-11-07 23:59,여,10대이하,3176,1645,467,28.39,12,2.57
36494,100068,멜론매거진이벤트,재현 (JAEHYUN) 댓글 이벤트,2024-10-24 18:00,2024-11-07 23:59,여,20대,5186,2945,567,19.25,21,3.7
36494,100068,멜론매거진이벤트,재현 (JAEHYUN) 댓글 이벤트,2024-10-24 18:00,2024-11-07 23:59,여,30대,2706,1918,168,8.76,3,1.79
36494,100068,멜론매거진이벤트,재현 (JAEHYUN) 댓글 이벤트,2024-10-24 18:00,2024-11-07 23:59,여,40대,2430,1796,167,9.3,1,0.6
36494,100068,멜론매거진이벤트,재현 (JAEHYUN) 댓글 이벤트,2024-10-24 18:00,2024-11-07 23:59,여,50대,1264,915,89,9.73,1,1.12
36494,100068,멜론매거진이벤트,재현 (JAEHYUN) 댓글 이벤트,2024-10-24 18:00,2024-11-07 23:59,여,60대이상,302,237,9,3.8,0,0.0
36501,100068,멜론매거진이벤트,더보이즈 (THE BOYZ) 댓글 이벤트,2024-10-28 18:00,2024-11-11 23:59,남,10대이하,292,215,21,9.77,1,4.76
36501,100068,멜론매거진이벤트,더보이즈 (THE BOYZ) 댓글 이벤트,2024-10-28 18:00,2024-11-11 23:59,남,20대,955,842,31,3.68,2,6.45
36501,100068,멜론매거진이벤트,더보이즈 (THE BOYZ) 댓글 이벤트,2024-10-28 18:00,2024-11-11 23:59,남,30대,1156,981,16,1.63,2,12.5
36501,100068,멜론매거진이벤트,더보이즈 (THE BOYZ) 댓글 이벤트,2024-10-28 18:00,2024-11-11 23:59,남,40대,1151,850,63,7.41,0,0.0
36501,100068,멜론매거진이벤트,더보이즈 (THE BOYZ) 댓글 이벤트,2024-10-28 18:00,2024-11-11 23:59,남,50대,669,472,62,13.14,1,1.61
36501,100068,멜론매거진이벤트,더보이즈 (THE BOYZ) 댓글 이벤트,2024-10-28 18:00,2024-11-11 23:59,남,60대이상,299,133,6,4.51,0,0.0
36501,100068,멜론매거진이벤트,더보이즈 (THE BOYZ) 댓글 이벤트,2024-10-28 18:00,2024-11-11 23:59,여,10대이하,3647,1658,640,38.6,57,8.91
36501,100068,멜론매거진이벤트,더보이즈 (THE BOYZ) 댓글 이벤트,2024-10-28 18:00,2024-11-11 23:59,여,20대,5660,3139,776,24.72,73,9.41
36501,100068,멜론매거진이벤트,더보이즈 (THE BOYZ) 댓글 이벤트,2024-10-28 18:00,2024-11-11 23:59,여,30대,2738,1925,204,10.6,18,8.82
36501,100068,멜론매거진이벤트,더보이즈 (THE BOYZ) 댓글 이벤트,2024-10-28 18:00,2024-11-11 23:59,여,40대,2328,1668,167,10.01,6,3.59
36501,100068,멜론매거진이벤트,더보이즈 (THE BOYZ) 댓글 이벤트,2024-10-28 18:00,2024-11-11 23:59,여,50대,1344,941,82,8.71,0,0.0
36501,100068,멜론매거진이벤트,더보이즈 (THE BOYZ) 댓글 이벤트,2024-10-28 18:00,2024-11-11 23:59,여,60대이상,341,253,7,2.77,0,0.0
36503,100068,멜론매거진이벤트,블루노트 85주년 댓글 이벤트 #4,2024-10-31 14:00,2024-11-14 23:59,남,10대이하,156,126,10,7.94,0,0.0
36503,100068,멜론매거진이벤트,블루노트 85주년 댓글 이벤트 #4,2024-10-31 14:00,2024-11-14 23:59,남,20대,590,493,51,10.34,2,3.92
36503,100068,멜론매거진이벤트,블루노트 85주년 댓글 이벤트 #4,2024-10-31 14:00,2024-11-14 23:59,남,30대,751,605,61,10.08,0,0.0
36503,100068,멜론매거진이벤트,블루노트 85주년 댓글 이벤트 #4,2024-10-31 14:00,2024-11-14 23:59,남,40대,584,457,46,10.07,1,2.17
36503,100068,멜론매거진이벤트,블루노트 85주년 댓글 이벤트 #4,2024-10-31 14:00,2024-11-14 23:59,남,50대,415,344,37,10.76,0,0.0
36503,100068,멜론매거진이벤트,블루노트 85주년 댓글 이벤트 #4,2024-10-31 14:00,2024-11-14 23:59,남,60대이상,133,97,6,6.19,0,0.0
36503,100068,멜론매거진이벤트,블루노트 85주년 댓글 이벤트 #4,2024-10-31 14:00,2024-11-14 23:59,여,10대이하,317,265,27,10.19,1,3.7
36503,100068,멜론매거진이벤트,블루노트 85주년 댓글 이벤트 #4,2024-10-31 14:00,2024-11-14 23:59,여,20대,1249,1067,115,10.78,3,2.61
36503,100068,멜론매거진이벤트,블루노트 85주년 댓글 이벤트 #4,2024-10-31 14:00,2024-11-14 23:59,여,30대,1179,1027,81,7.89,1,1.23
36503,100068,멜론매거진이벤트,블루노트 85주년 댓글 이벤트 #4,2024-10-31 14:00,2024-11-14 23:59,여,40대,1118,918,72,7.84,0,0.0
36503,100068,멜론매거진이벤트,블루노트 85주년 댓글 이벤트 #4,2024-10-31 14:00,2024-11-14 23:59,여,50대,818,612,59,9.64,0,0.0
36503,100068,멜론매거진이벤트,블루노트 85주년 댓글 이벤트 #4,2024-10-31 14:00,2024-11-14 23:59,여,60대이상,167,134,12,8.96,0,0.0
36505,100068,멜론매거진이벤트,STAYC(스테이씨) 댓글 이벤트,2024-10-30 18:00,2024-11-13 23:59,남,10대이하,682,372,63,16.94,4,6.35
36505,100068,멜론매거진이벤트,STAYC(스테이씨) 댓글 이벤트,2024-10-30 18:00,2024-11-13 23:59,남,20대,1921,1257,163,12.97,19,11.66
36505,100068,멜론매거진이벤트,STAYC(스테이씨) 댓글 이벤트,2024-10-30 18:00,2024-11-13 23:59,남,30대,1514,1189,56,4.71,2,3.57
36505,100068,멜론매거진이벤트,STAYC(스테이씨) 댓글 이벤트,2024-10-30 18:00,2024-11-13 23:59,남,40대,1464,1043,60,5.75,1,1.67
36505,100068,멜론매거진이벤트,STAYC(스테이씨) 댓글 이벤트,2024-10-30 18:00,2024-11-13 23:59,남,50대,761,565,32,5.66,2,6.25
36505,100068,멜론매거진이벤트,STAYC(스테이씨) 댓글 이벤트,2024-10-30 18:00,2024-11-13 23:59,남,60대이상,247,187,4,2.14,0,0.0
36505,100068,멜론매거진이벤트,STAYC(스테이씨) 댓글 이벤트,2024-10-30 18:00,2024-11-13 23:59,여,10대이하,1344,809,137,16.93,5,3.65
36505,100068,멜론매거진이벤트,STAYC(스테이씨) 댓글 이벤트,2024-10-30 18:00,2024-11-13 23:59,여,20대,2764,1841,177,9.61,11,6.21
36505,100068,멜론매거진이벤트,STAYC(스테이씨) 댓글 이벤트,2024-10-30 18:00,2024-11-13 23:59,여,30대,2205,1812,44,2.43,4,9.09
36505,100068,멜론매거진이벤트,STAYC(스테이씨) 댓글 이벤트,2024-10-30 18:00,2024-11-13 23:59,여,40대,2367,1812,89,4.91,0,0.0
36505,100068,멜론매거진이벤트,STAYC(스테이씨) 댓글 이벤트,2024-10-30 18:00,2024-11-13 23:59,여,50대,1211,903,35,3.88,1,2.86
36505,100068,멜론매거진이벤트,STAYC(스테이씨) 댓글 이벤트,2024-10-30 18:00,2024-11-13 23:59,여,60대이상,324,269,9,3.35,0,0.0
36509,100068,멜론매거진이벤트,투모로우바이투게더 댓글 이벤트,2024-11-04 18:00,2024-11-18 23:59,남,10대이하,711,380,74,19.47,5,6.76
36509,100068,멜론매거진이벤트,투모로우바이투게더 댓글 이벤트,2024-11-04 18:00,2024-11-18 23:59,남,20대,894,600,77,12.83,0,0.0
36509,100068,멜론매거진이벤트,투모로우바이투게더 댓글 이벤트,2024-11-04 18:00,2024-11-18 23:59,남,30대,1167,764,65,8.51,0,0.0
36509,100068,멜론매거진이벤트,투모로우바이투게더 댓글 이벤트,2024-11-04 18:00,2024-11-18 23:59,남,40대,4424,2155,356,16.52,6,1.69
36509,100068,멜론매거진이벤트,투모로우바이투게더 댓글 이벤트,2024-11-04 18:00,2024-11-18 23:59,남,50대,1920,979,178,18.18,5,2.81
36509,100068,멜론매거진이벤트,투모로우바이투게더 댓글 이벤트,2024-11-04 18:00,2024-11-18 23:59,남,60대이상,286,173,15,8.67,0,0.0
36509,100068,멜론매거진이벤트,투모로우바이투게더 댓글 이벤트,2024-11-04 18:00,2024-11-18 23:59,여,10대이하,14322,5973,1839,30.79,159,8.65
36509,100068,멜론매거진이벤트,투모로우바이투게더 댓글 이벤트,2024-11-04 18:00,2024-11-18 23:59,여,20대,6141,2969,820,27.62,40,4.88
36509,100068,멜론매거진이벤트,투모로우바이투게더 댓글 이벤트,2024-11-04 18:00,2024-11-18 23:59,여,30대,3811,1968,347,17.63,12,3.46
36509,100068,멜론매거진이벤트,투모로우바이투게더 댓글 이벤트,2024-11-04 18:00,2024-11-18 23:59,여,40대,12206,5391,1063,19.72,21,1.98
36509,100068,멜론매거진이벤트,투모로우바이투게더 댓글 이벤트,2024-11-04 18:00,2024-11-18 23:59,여,50대,2946,1492,235,15.75,10,4.26
36509,100068,멜론매거진이벤트,투모로우바이투게더 댓글 이벤트,2024-11-04 18:00,2024-11-18 23:59,여,60대이상,479,287,25,8.71,1,4.0
36510,100068,멜론매거진이벤트,BABYMONSTER 댓글 이벤트,2024-11-01 13:00,2024-11-15 23:59,남,10대이하,464,242,66,27.27,2,3.03
36510,100068,멜론매거진이벤트,BABYMONSTER 댓글 이벤트,2024-11-01 13:00,2024-11-15 23:59,남,20대,791,513,110,21.44,4,3.64
36510,100068,멜론매거진이벤트,BABYMONSTER 댓글 이벤트,2024-11-01 13:00,2024-11-15 23:59,남,30대,763,586,61,10.41,2,3.28
36510,100068,멜론매거진이벤트,BABYMONSTER 댓글 이벤트,2024-11-01 13:00,2024-11-15 23:59,남,40대,927,576,65,11.28,1,1.54
36510,100068,멜론매거진이벤트,BABYMONSTER 댓글 이벤트,2024-11-01 13:00,2024-11-15 23:59,남,50대,455,278,38,13.67,0,0.0
36510,100068,멜론매거진이벤트,BABYMONSTER 댓글 이벤트,2024-11-01 13:00,2024-11-15 23:59,남,60대이상,96,64,5,7.81,0,0.0
36510,100068,멜론매거진이벤트,BABYMONSTER 댓글 이벤트,2024-11-01 13:00,2024-11-15 23:59,여,10대이하,848,489,137,28.02,2,1.46
36510,100068,멜론매거진이벤트,BABYMONSTER 댓글 이벤트,2024-11-01 13:00,2024-11-15 23:59,여,20대,1339,882,151,17.12,13,8.61
36510,100068,멜론매거진이벤트,BABYMONSTER 댓글 이벤트,2024-11-01 13:00,2024-11-15 23:59,여,30대,953,768,34,4.43,0,0.0
36510,100068,멜론매거진이벤트,BABYMONSTER 댓글 이벤트,2024-11-01 13:00,2024-11-15 23:59,여,40대,1281,911,91,9.99,0,0.0
36510,100068,멜론매거진이벤트,BABYMONSTER 댓글 이벤트,2024-11-01 13:00,2024-11-15 23:59,여,50대,618,404,33,8.17,0,0.0
36510,100068,멜론매거진이벤트,BABYMONSTER 댓글 이벤트,2024-11-01 13:00,2024-11-15 23:59,여,60대이상,172,130,9,6.92,0,0.0
36511,100068,멜론매거진이벤트,멜론 데이터랩 댓글 이벤트 #43,2024-10-31 12:00,2024-11-14 23:59,남,10대이하,1626,1170,82,7.01,1,1.22
36511,100068,멜론매거진이벤트,멜론 데이터랩 댓글 이벤트 #43,2024-10-31 12:00,2024-11-14 23:59,남,20대,3187,2611,120,4.6,2,1.67
36511,100068,멜론매거진이벤트,멜론 데이터랩 댓글 이벤트 #43,2024-10-31 12:00,2024-11-14 23:59,남,30대,2892,2393,87,3.64,0,0.0
36511,100068,멜론매거진이벤트,멜론 데이터랩 댓글 이벤트 #43,2024-10-31 12:00,2024-11-14 23:59,남,40대,3354,2710,78,2.88,3,3.85
36511,100068,멜론매거진이벤트,멜론 데이터랩 댓글 이벤트 #43,2024-10-31 12:00,2024-11-14 23:59,남,50대,1801,1454,47,3.23,0,0.0
36511,100068,멜론매거진이벤트,멜론 데이터랩 댓글 이벤트 #43,2024-10-31 12:00,2024-11-14 23:59,남,60대이상,387,286,7,2.45,0,0.0
36511,100068,멜론매거진이벤트,멜론 데이터랩 댓글 이벤트 #43,2024-10-31 12:00,2024-11-14 23:59,여,10대이하,3787,2955,212,7.17,4,1.89
36511,100068,멜론매거진이벤트,멜론 데이터랩 댓글 이벤트 #43,2024-10-31 12:00,2024-11-14 23:59,여,20대,7289,5851,407,6.96,4,0.98
36511,100068,멜론매거진이벤트,멜론 데이터랩 댓글 이벤트 #43,2024-10-31 12:00,2024-11-14 23:59,여,30대,5254,4328,175,4.04,5,2.86
36511,100068,멜론매거진이벤트,멜론 데이터랩 댓글 이벤트 #43,2024-10-31 12:00,2024-11-14 23:59,여,40대,6679,5316,150,2.82,1,0.67
36511,100068,멜론매거진이벤트,멜론 데이터랩 댓글 이벤트 #43,2024-10-31 12:00,2024-11-14 23:59,여,50대,2868,2309,75,3.25,1,1.33
36511,100068,멜론매거진이벤트,멜론 데이터랩 댓글 이벤트 #43,2024-10-31 12:00,2024-11-14 23:59,여,60대이상,556,464,11,2.37,0,0.0
36514,100068,멜론매거진이벤트,민호 (MINHO) 댓글 이벤트,2024-11-04 18:00,2024-11-18 23:59,남,10대이하,209,169,10,5.92,1,10.0
36514,100068,멜론매거진이벤트,민호 (MINHO) 댓글 이벤트,2024-11-04 18:00,2024-11-18 23:59,남,20대,856,752,18,2.39,0,0.0
36514,100068,멜론매거진이벤트,민호 (MINHO) 댓글 이벤트,2024-11-04 18:00,2024-11-18 23:59,남,30대,958,805,17,2.11,0,0.0
36514,100068,멜론매거진이벤트,민호 (MINHO) 댓글 이벤트,2024-11-04 18:00,2024-11-18 23:59,남,40대,673,568,13,2.29,0,0.0
36514,100068,멜론매거진이벤트,민호 (MINHO) 댓글 이벤트,2024-11-04 18:00,2024-11-18 23:59,남,50대,431,351,7,1.99,0,0.0
36514,100068,멜론매거진이벤트,민호 (MINHO) 댓글 이벤트,2024-11-04 18:00,2024-11-18 23:59,남,60대이상,138,119,1,0.84,0,0.0
36514,100068,멜론매거진이벤트,민호 (MINHO) 댓글 이벤트,2024-11-04 18:00,2024-11-18 23:59,여,10대이하,593,423,56,13.24,4,7.14
36514,100068,멜론매거진이벤트,민호 (MINHO) 댓글 이벤트,2024-11-04 18:00,2024-11-18 23:59,여,20대,2268,1542,194,12.58,13,6.7
36514,100068,멜론매거진이벤트,민호 (MINHO) 댓글 이벤트,2024-11-04 18:00,2024-11-18 23:59,여,30대,2271,1539,159,10.33,14,8.81
36514,100068,멜론매거진이벤트,민호 (MINHO) 댓글 이벤트,2024-11-04 18:00,2024-11-18 23:59,여,40대,1675,1246,59,4.74,0,0.0
36514,100068,멜론매거진이벤트,민호 (MINHO) 댓글 이벤트,2024-11-04 18:00,2024-11-18 23:59,여,50대,766,618,17,2.75,0,0.0
36514,100068,멜론매거진이벤트,민호 (MINHO) 댓글 이벤트,2024-11-04 18:00,2024-11-18 23:59,여,60대이상,297,233,10,4.29,0,0.0
36515,100068,멜론매거진이벤트,성진 댓글 이벤트,2024-11-05 18:00,2024-11-19 23:59,남,10대이하,326,222,22,9.91,0,0.0
36515,100068,멜론매거진이벤트,성진 댓글 이벤트,2024-11-05 18:00,2024-11-19 23:59,남,20대,728,546,51,9.34,1,1.96
36515,100068,멜론매거진이벤트,성진 댓글 이벤트,2024-11-05 18:00,2024-11-19 23:59,남,30대,775,579,49,8.46,2,4.08
36515,100068,멜론매거진이벤트,성진 댓글 이벤트,2024-11-05 18:00,2024-11-19 23:59,남,40대,736,508,35,6.89,0,0.0
36515,100068,멜론매거진이벤트,성진 댓글 이벤트,2024-11-05 18:00,2024-11-19 23:59,남,50대,529,350,42,12.0,0,0.0
36515,100068,멜론매거진이벤트,성진 댓글 이벤트,2024-11-05 18:00,2024-11-19 23:59,남,60대이상,134,80,7,8.75,0,0.0
36515,100068,멜론매거진이벤트,성진 댓글 이벤트,2024-11-05 18:00,2024-11-19 23:59,여,10대이하,2543,1249,364,29.14,16,4.4
36515,100068,멜론매거진이벤트,성진 댓글 이벤트,2024-11-05 18:00,2024-11-19 23:59,여,20대,6766,3163,894,28.26,43,4.81
36515,100068,멜론매거진이벤트,성진 댓글 이벤트,2024-11-05 18:00,2024-11-19 23:59,여,30대,5483,2373,648,27.31,39,6.02
36515,100068,멜론매거진이벤트,성진 댓글 이벤트,2024-11-05 18:00,2024-11-19 23:59,여,40대,2621,1422,226,15.89,11,4.87
36515,100068,멜론매거진이벤트,성진 댓글 이벤트,2024-11-05 18:00,2024-11-19 23:59,여,50대,1165,672,96,14.29,4,4.17
36515,100068,멜론매거진이벤트,성진 댓글 이벤트,2024-11-05 18:00,2024-11-19 23:59,여,60대이상,228,149,14,9.4,2,14.29
36519,100068,멜론매거진이벤트,헤이즈 (Heize) 댓글 이벤트,2024-11-06 18:00,2024-11-20 23:59,남,10대이하,339,236,35,14.83,2,5.71
36519,100068,멜론매거진이벤트,헤이즈 (Heize) 댓글 이벤트,2024-11-06 18:00,2024-11-20 23:59,남,20대,1184,871,106,12.17,4,3.77
36519,100068,멜론매거진이벤트,헤이즈 (Heize) 댓글 이벤트,2024-11-06 18:00,2024-11-20 23:59,남,30대,1302,1030,76,7.38,0,0.0
36519,100068,멜론매거진이벤트,헤이즈 (Heize) 댓글 이벤트,2024-11-06 18:00,2024-11-20 23:59,남,40대,1015,792,42,5.3,0,0.0
36519,100068,멜론매거진이벤트,헤이즈 (Heize) 댓글 이벤트,2024-11-06 18:00,2024-11-20 23:59,남,50대,531,420,9,2.14,0,0.0
36519,100068,멜론매거진이벤트,헤이즈 (Heize) 댓글 이벤트,2024-11-06 18:00,2024-11-20 23:59,남,60대이상,173,138,1,0.72,0,0.0
36519,100068,멜론매거진이벤트,헤이즈 (Heize) 댓글 이벤트,2024-11-06 18:00,2024-11-20 23:59,여,10대이하,421,307,47,15.31,2,4.26
36519,100068,멜론매거진이벤트,헤이즈 (Heize) 댓글 이벤트,2024-11-06 18:00,2024-11-20 23:59,여,20대,1461,1132,72,6.36,5,6.94
36519,100068,멜론매거진이벤트,헤이즈 (Heize) 댓글 이벤트,2024-11-06 18:00,2024-11-20 23:59,여,30대,1699,1368,41,3.0,2,4.88
36519,100068,멜론매거진이벤트,헤이즈 (Heize) 댓글 이벤트,2024-11-06 18:00,2024-11-20 23:59,여,40대,1527,1241,39,3.14,0,0.0
36519,100068,멜론매거진이벤트,헤이즈 (Heize) 댓글 이벤트,2024-11-06 18:00,2024-11-20 23:59,여,50대,780,601,33,5.49,1,3.03
36519,100068,멜론매거진이벤트,헤이즈 (Heize) 댓글 이벤트,2024-11-06 18:00,2024-11-20 23:59,여,60대이상,238,194,7,3.61,1,14.29
36524,100068,멜론매거진이벤트,VIVIZ (비비지) 댓글 이벤트,2024-11-07 18:00,2024-11-21 23:59,남,10대이하,503,260,53,20.38,1,1.89
36524,100068,멜론매거진이벤트,VIVIZ (비비지) 댓글 이벤트,2024-11-07 18:00,2024-11-21 23:59,남,20대,1147,738,112,15.18,3,2.68
36524,100068,멜론매거진이벤트,VIVIZ (비비지) 댓글 이벤트,2024-11-07 18:00,2024-11-21 23:59,남,30대,960,729,56,7.68,0,0.0
36524,100068,멜론매거진이벤트,VIVIZ (비비지) 댓글 이벤트,2024-11-07 18:00,2024-11-21 23:59,남,40대,928,689,59,8.56,2,3.39
36524,100068,멜론매거진이벤트,VIVIZ (비비지) 댓글 이벤트,2024-11-07 18:00,2024-11-21 23:59,남,50대,433,310,24,7.74,0,0.0
36524,100068,멜론매거진이벤트,VIVIZ (비비지) 댓글 이벤트,2024-11-07 18:00,2024-11-21 23:59,남,60대이상,118,94,4,4.26,1,25.0
36524,100068,멜론매거진이벤트,VIVIZ (비비지) 댓글 이벤트,2024-11-07 18:00,2024-11-21 23:59,여,10대이하,1134,584,155,26.54,9,5.81
36524,100068,멜론매거진이벤트,VIVIZ (비비지) 댓글 이벤트,2024-11-07 18:00,2024-11-21 23:59,여,20대,1654,1098,154,14.03,7,4.55
36524,100068,멜론매거진이벤트,VIVIZ (비비지) 댓글 이벤트,2024-11-07 18:00,2024-11-21 23:59,여,30대,1349,1062,37,3.48,0,0.0
36524,100068,멜론매거진이벤트,VIVIZ (비비지) 댓글 이벤트,2024-11-07 18:00,2024-11-21 23:59,여,40대,1544,1121,84,7.49,2,2.38
36524,100068,멜론매거진이벤트,VIVIZ (비비지) 댓글 이벤트,2024-11-07 18:00,2024-11-21 23:59,여,50대,635,473,28,5.92,1,3.57
36524,100068,멜론매거진이벤트,VIVIZ (비비지) 댓글 이벤트,2024-11-07 18:00,2024-11-21 23:59,여,60대이상,211,164,8,4.88,0,0.0
36525,100068,멜론매거진이벤트,NCT DREAM 댓글 이벤트,2024-11-11 18:00,2024-11-25 23:59,남,10대이하,447,279,36,12.9,1,2.78
36525,100068,멜론매거진이벤트,NCT DREAM 댓글 이벤트,2024-11-11 18:00,2024-11-25 23:59,남,20대,826,537,66,12.29,1,1.52
36525,100068,멜론매거진이벤트,NCT DREAM 댓글 이벤트,2024-11-11 18:00,2024-11-25 23:59,남,30대,721,467,45,9.64,0,0.0
36525,100068,멜론매거진이벤트,NCT DREAM 댓글 이벤트,2024-11-11 18:00,2024-11-25 23:59,남,40대,2303,1333,163,12.23,0,0.0
36525,100068,멜론매거진이벤트,NCT DREAM 댓글 이벤트,2024-11-11 18:00,2024-11-25 23:59,남,50대,2074,1259,171,13.58,1,0.58
36525,100068,멜론매거진이벤트,NCT DREAM 댓글 이벤트,2024-11-11 18:00,2024-11-25 23:59,남,60대이상,257,170,14,8.24,1,7.14
36525,100068,멜론매거진이벤트,NCT DREAM 댓글 이벤트,2024-11-11 18:00,2024-11-25 23:59,여,10대이하,13761,6472,1815,28.04,62,3.42
36525,100068,멜론매거진이벤트,NCT DREAM 댓글 이벤트,2024-11-11 18:00,2024-11-25 23:59,여,20대,12322,6980,1573,22.54,51,3.24
36525,100068,멜론매거진이벤트,NCT DREAM 댓글 이벤트,2024-11-11 18:00,2024-11-25 23:59,여,30대,4813,2483,493,19.86,19,3.85
36525,100068,멜론매거진이벤트,NCT DREAM 댓글 이벤트,2024-11-11 18:00,2024-11-25 23:59,여,40대,6585,3766,471,12.51,7,1.49
36525,100068,멜론매거진이벤트,NCT DREAM 댓글 이벤트,2024-11-11 18:00,2024-11-25 23:59,여,50대,2603,1621,194,11.97,2,1.03
36525,100068,멜론매거진이벤트,NCT DREAM 댓글 이벤트,2024-11-11 18:00,2024-11-25 23:59,여,60대이상,426,261,21,8.05,0,0.0
36526,100068,멜론매거진이벤트,Jamie xx 댓글 이벤트 ,2024-11-08 15:00,2024-11-19 23:59,남,10대이하,344,292,20,6.85,2,10.0
36526,100068,멜론매거진이벤트,Jamie xx 댓글 이벤트 ,2024-11-08 15:00,2024-11-19 23:59,남,20대,812,725,48,6.62,1,2.08
36526,100068,멜론매거진이벤트,Jamie xx 댓글 이벤트 ,2024-11-08 15:00,2024-11-19 23:59,남,30대,990,811,60,7.4,1,1.67
36526,100068,멜론매거진이벤트,Jamie xx 댓글 이벤트 ,2024-11-08 15:00,2024-11-19 23:59,남,40대,756,615,33,5.37,0,0.0
36526,100068,멜론매거진이벤트,Jamie xx 댓글 이벤트 ,2024-11-08 15:00,2024-11-19 23:59,남,50대,456,382,25,6.54,1,4.0
36526,100068,멜론매거진이벤트,Jamie xx 댓글 이벤트 ,2024-11-08 15:00,2024-11-19 23:59,남,60대이상,142,122,5,4.1,0,0.0
36526,100068,멜론매거진이벤트,Jamie xx 댓글 이벤트 ,2024-11-08 15:00,2024-11-19 23:59,여,10대이하,670,576,52,9.03,1,1.92
36526,100068,멜론매거진이벤트,Jamie xx 댓글 이벤트 ,2024-11-08 15:00,2024-11-19 23:59,여,20대,1586,1407,120,8.53,4,3.33
36526,100068,멜론매거진이벤트,Jamie xx 댓글 이벤트 ,2024-11-08 15:00,2024-11-19 23:59,여,30대,1679,1413,115,8.14,1,0.87
36526,100068,멜론매거진이벤트,Jamie xx 댓글 이벤트 ,2024-11-08 15:00,2024-11-19 23:59,여,40대,1662,1372,64,4.66,0,0.0
36526,100068,멜론매거진이벤트,Jamie xx 댓글 이벤트 ,2024-11-08 15:00,2024-11-19 23:59,여,50대,751,650,30,4.62,0,0.0
36526,100068,멜론매거진이벤트,Jamie xx 댓글 이벤트 ,2024-11-08 15:00,2024-11-19 23:59,여,60대이상,255,209,6,2.87,0,0.0
36530,100068,멜론매거진이벤트,더 그레이트 OST 댓글 이벤트,2024-11-12 18:00,2024-11-18 23:59,남,10대이하,3880,1735,181,10.43,8,4.42
36530,100068,멜론매거진이벤트,더 그레이트 OST 댓글 이벤트,2024-11-12 18:00,2024-11-18 23:59,남,20대,4476,2532,249,9.83,4,1.61
36530,100068,멜론매거진이벤트,더 그레이트 OST 댓글 이벤트,2024-11-12 18:00,2024-11-18 23:59,남,30대,4190,2597,197,7.59,0,0.0
36530,100068,멜론매거진이벤트,더 그레이트 OST 댓글 이벤트,2024-11-12 18:00,2024-11-18 23:59,남,40대,6058,3430,233,6.79,0,0.0
36530,100068,멜론매거진이벤트,더 그레이트 OST 댓글 이벤트,2024-11-12 18:00,2024-11-18 23:59,남,50대,1991,1310,37,2.82,0,0.0
36530,100068,멜론매거진이벤트,더 그레이트 OST 댓글 이벤트,2024-11-12 18:00,2024-11-18 23:59,남,60대이상,493,326,10,3.07,0,0.0
36530,100068,멜론매거진이벤트,더 그레이트 OST 댓글 이벤트,2024-11-12 18:00,2024-11-18 23:59,여,10대이하,4045,2450,130,5.31,4,3.08
36530,100068,멜론매거진이벤트,더 그레이트 OST 댓글 이벤트,2024-11-12 18:00,2024-11-18 23:59,여,20대,4596,3291,141,4.28,3,2.13
36530,100068,멜론매거진이벤트,더 그레이트 OST 댓글 이벤트,2024-11-12 18:00,2024-11-18 23:59,여,30대,4896,3530,107,3.03,2,1.87
36530,100068,멜론매거진이벤트,더 그레이트 OST 댓글 이벤트,2024-11-12 18:00,2024-11-18 23:59,여,40대,9242,5462,274,5.02,5,1.82
36530,100068,멜론매거진이벤트,더 그레이트 OST 댓글 이벤트,2024-11-12 18:00,2024-11-18 23:59,여,50대,2542,1770,54,3.05,0,0.0
36530,100068,멜론매거진이벤트,더 그레이트 OST 댓글 이벤트,2024-11-12 18:00,2024-11-18 23:59,여,60대이상,650,450,16,3.56,0,0.0
36532,100068,멜론매거진이벤트,엔하이픈 (ENHYPEN) 댓글 이벤트,2024-11-11 18:00,2024-11-25 23:59,남,10대이하,132,84,10,11.9,0,0.0
36532,100068,멜론매거진이벤트,엔하이픈 (ENHYPEN) 댓글 이벤트,2024-11-11 18:00,2024-11-25 23:59,남,20대,392,349,18,5.16,0,0.0
36532,100068,멜론매거진이벤트,엔하이픈 (ENHYPEN) 댓글 이벤트,2024-11-11 18:00,2024-11-25 23:59,남,30대,665,429,10,2.33,0,0.0
36532,100068,멜론매거진이벤트,엔하이픈 (ENHYPEN) 댓글 이벤트,2024-11-11 18:00,2024-11-25 23:59,남,40대,542,389,25,6.43,0,0.0
36532,100068,멜론매거진이벤트,엔하이픈 (ENHYPEN) 댓글 이벤트,2024-11-11 18:00,2024-11-25 23:59,남,50대,320,249,19,7.63,0,0.0
36532,100068,멜론매거진이벤트,엔하이픈 (ENHYPEN) 댓글 이벤트,2024-11-11 18:00,2024-11-25 23:59,남,60대이상,96,83,2,2.41,1,50.0
36532,100068,멜론매거진이벤트,엔하이픈 (ENHYPEN) 댓글 이벤트,2024-11-11 18:00,2024-11-25 23:59,여,10대이하,1252,576,165,28.65,6,3.64
36532,100068,멜론매거진이벤트,엔하이픈 (ENHYPEN) 댓글 이벤트,2024-11-11 18:00,2024-11-25 23:59,여,20대,1469,922,148,16.05,4,2.7
36532,100068,멜론매거진이벤트,엔하이픈 (ENHYPEN) 댓글 이벤트,2024-11-11 18:00,2024-11-25 23:59,여,30대,1024,762,32,4.2,2,6.25
36532,100068,멜론매거진이벤트,엔하이픈 (ENHYPEN) 댓글 이벤트,2024-11-11 18:00,2024-11-25 23:59,여,40대,1504,863,83,9.62,4,4.82
36532,100068,멜론매거진이벤트,엔하이픈 (ENHYPEN) 댓글 이벤트,2024-11-11 18:00,2024-11-25 23:59,여,50대,569,385,33,8.57,0,0.0
36532,100068,멜론매거진이벤트,엔하이픈 (ENHYPEN) 댓글 이벤트,2024-11-11 18:00,2024-11-25 23:59,여,60대이상,190,154,4,2.6,0,0.0
36533,100068,멜론매거진이벤트,LIVE CLUB DAY 댓글 이벤트,2024-11-13 12:00,2024-11-21 23:59,남,10대이하,331,252,15,5.95,0,0.0
36533,100068,멜론매거진이벤트,LIVE CLUB DAY 댓글 이벤트,2024-11-13 12:00,2024-11-21 23:59,남,20대,1161,988,77,7.79,3,3.9
36533,100068,멜론매거진이벤트,LIVE CLUB DAY 댓글 이벤트,2024-11-13 12:00,2024-11-21 23:59,남,30대,1371,1092,101,9.25,1,0.99
36533,100068,멜론매거진이벤트,LIVE CLUB DAY 댓글 이벤트,2024-11-13 12:00,2024-11-21 23:59,남,40대,999,812,49,6.03,1,2.04
36533,100068,멜론매거진이벤트,LIVE CLUB DAY 댓글 이벤트,2024-11-13 12:00,2024-11-21 23:59,남,50대,612,492,34,6.91,0,0.0
36533,100068,멜론매거진이벤트,LIVE CLUB DAY 댓글 이벤트,2024-11-13 12:00,2024-11-21 23:59,남,60대이상,182,134,10,7.46,0,0.0
36533,100068,멜론매거진이벤트,LIVE CLUB DAY 댓글 이벤트,2024-11-13 12:00,2024-11-21 23:59,여,10대이하,665,577,26,4.51,0,0.0
36533,100068,멜론매거진이벤트,LIVE CLUB DAY 댓글 이벤트,2024-11-13 12:00,2024-11-21 23:59,여,20대,2531,2065,249,12.06,8,3.21
36533,100068,멜론매거진이벤트,LIVE CLUB DAY 댓글 이벤트,2024-11-13 12:00,2024-11-21 23:59,여,30대,2161,1794,161,8.97,0,0.0
36533,100068,멜론매거진이벤트,LIVE CLUB DAY 댓글 이벤트,2024-11-13 12:00,2024-11-21 23:59,여,40대,1998,1631,100,6.13,2,2.0
36533,100068,멜론매거진이벤트,LIVE CLUB DAY 댓글 이벤트,2024-11-13 12:00,2024-11-21 23:59,여,50대,984,812,58,7.14,2,3.45
36533,100068,멜론매거진이벤트,LIVE CLUB DAY 댓글 이벤트,2024-11-13 12:00,2024-11-21 23:59,여,60대이상,400,330,6,1.82,0,0.0
36543,100068,멜론매거진이벤트,진 댓글 이벤트,2024-11-15 14:00,2024-11-29 23:59,남,10대이하,519,397,60,15.11,2,3.33
36543,100068,멜론매거진이벤트,진 댓글 이벤트,2024-11-15 14:00,2024-11-29 23:59,남,20대,1290,1066,128,12.01,3,2.34
36543,100068,멜론매거진이벤트,진 댓글 이벤트,2024-11-15 14:00,2024-11-29 23:59,남,30대,1374,1061,116,10.93,0,0.0
36543,100068,멜론매거진이벤트,진 댓글 이벤트,2024-11-15 14:00,2024-11-29 23:59,남,40대,1672,1115,142,12.74,2,1.41
36543,100068,멜론매거진이벤트,진 댓글 이벤트,2024-11-15 14:00,2024-11-29 23:59,남,50대,900,644,108,16.77,1,0.93
36543,100068,멜론매거진이벤트,진 댓글 이벤트,2024-11-15 14:00,2024-11-29 23:59,남,60대이상,296,189,27,14.29,0,0.0
36543,100068,멜론매거진이벤트,진 댓글 이벤트,2024-11-15 14:00,2024-11-29 23:59,여,10대이하,2551,1610,422,26.21,15,3.55
36543,100068,멜론매거진이벤트,진 댓글 이벤트,2024-11-15 14:00,2024-11-29 23:59,여,20대,4546,2797,646,23.1,18,2.79
36543,100068,멜론매거진이벤트,진 댓글 이벤트,2024-11-15 14:00,2024-11-29 23:59,여,30대,5328,3076,670,21.78,16,2.39
36543,100068,멜론매거진이벤트,진 댓글 이벤트,2024-11-15 14:00,2024-11-29 23:59,여,40대,6986,3888,782,20.11,15,1.92
36543,100068,멜론매거진이벤트,진 댓글 이벤트,2024-11-15 14:00,2024-11-29 23:59,여,50대,3262,1756,276,15.72,8,2.9
36543,100068,멜론매거진이벤트,진 댓글 이벤트,2024-11-15 14:00,2024-11-29 23:59,여,60대이상,735,408,56,13.73,1,1.79
36544,100068,멜론매거진이벤트,LINKIN PARK 댓글 이벤트,2024-11-15 12:00,2024-11-29 23:59,남,10대이하,459,311,50,16.08,2,4.0
36544,100068,멜론매거진이벤트,LINKIN PARK 댓글 이벤트,2024-11-15 12:00,2024-11-29 23:59,남,20대,1100,913,126,13.8,1,0.79
36544,100068,멜론매거진이벤트,LINKIN PARK 댓글 이벤트,2024-11-15 12:00,2024-11-29 23:59,남,30대,1475,1111,203,18.27,2,0.99
36544,100068,멜론매거진이벤트,LINKIN PARK 댓글 이벤트,2024-11-15 12:00,2024-11-29 23:59,남,40대,1223,857,113,13.19,4,3.54
36544,100068,멜론매거진이벤트,LINKIN PARK 댓글 이벤트,2024-11-15 12:00,2024-11-29 23:59,남,50대,600,459,55,11.98,0,0.0
36544,100068,멜론매거진이벤트,LINKIN PARK 댓글 이벤트,2024-11-15 12:00,2024-11-29 23:59,남,60대이상,158,125,14,11.2,0,0.0
36544,100068,멜론매거진이벤트,LINKIN PARK 댓글 이벤트,2024-11-15 12:00,2024-11-29 23:59,여,10대이하,411,343,40,11.66,3,7.5
36544,100068,멜론매거진이벤트,LINKIN PARK 댓글 이벤트,2024-11-15 12:00,2024-11-29 23:59,여,20대,1181,994,124,12.47,2,1.61
36544,100068,멜론매거진이벤트,LINKIN PARK 댓글 이벤트,2024-11-15 12:00,2024-11-29 23:59,여,30대,1452,1148,132,11.5,2,1.52
36544,100068,멜론매거진이벤트,LINKIN PARK 댓글 이벤트,2024-11-15 12:00,2024-11-29 23:59,여,40대,1665,1247,98,7.86,3,3.06
36544,100068,멜론매거진이벤트,LINKIN PARK 댓글 이벤트,2024-11-15 12:00,2024-11-29 23:59,여,50대,834,651,61,9.37,1,1.64
36544,100068,멜론매거진이벤트,LINKIN PARK 댓글 이벤트,2024-11-15 12:00,2024-11-29 23:59,여,60대이상,282,216,12,5.56,0,0.0
36546,100068,멜론매거진이벤트,태연 (TAEYEON) 댓글 이벤트,2024-11-18 18:00,2024-12-02 23:59,남,10대이하,716,504,48,9.52,1,2.08
36546,100068,멜론매거진이벤트,태연 (TAEYEON) 댓글 이벤트,2024-11-18 18:00,2024-12-02 23:59,남,20대,3128,2281,198,8.68,4,2.02
36546,100068,멜론매거진이벤트,태연 (TAEYEON) 댓글 이벤트,2024-11-18 18:00,2024-12-02 23:59,남,30대,3433,2481,214,8.63,1,0.47
36546,100068,멜론매거진이벤트,태연 (TAEYEON) 댓글 이벤트,2024-11-18 18:00,2024-12-02 23:59,남,40대,2430,1717,123,7.16,0,0.0
36546,100068,멜론매거진이벤트,태연 (TAEYEON) 댓글 이벤트,2024-11-18 18:00,2024-12-02 23:59,남,50대,1257,946,40,4.23,1,2.5
36546,100068,멜론매거진이벤트,태연 (TAEYEON) 댓글 이벤트,2024-11-18 18:00,2024-12-02 23:59,남,60대이상,459,293,12,4.1,0,0.0
36546,100068,멜론매거진이벤트,태연 (TAEYEON) 댓글 이벤트,2024-11-18 18:00,2024-12-02 23:59,여,10대이하,2045,1352,162,11.98,6,3.7
36546,100068,멜론매거진이벤트,태연 (TAEYEON) 댓글 이벤트,2024-11-18 18:00,2024-12-02 23:59,여,20대,7452,5472,464,8.48,17,3.66
36546,100068,멜론매거진이벤트,태연 (TAEYEON) 댓글 이벤트,2024-11-18 18:00,2024-12-02 23:59,여,30대,5540,4162,258,6.2,6,2.33
36546,100068,멜론매거진이벤트,태연 (TAEYEON) 댓글 이벤트,2024-11-18 18:00,2024-12-02 23:59,여,40대,3549,2770,125,4.51,4,3.2
36546,100068,멜론매거진이벤트,태연 (TAEYEON) 댓글 이벤트,2024-11-18 18:00,2024-12-02 23:59,여,50대,1802,1418,72,5.08,1,1.39
36546,100068,멜론매거진이벤트,태연 (TAEYEON) 댓글 이벤트,2024-11-18 18:00,2024-12-02 23:59,여,60대이상,529,418,14,3.35,0,0.0
36548,100068,멜론매거진이벤트,MEOVV (미야오) 댓글 이벤트,2024-11-18 18:00,2024-12-02 23:59,남,10대이하,577,298,29,9.73,0,0.0
36548,100068,멜론매거진이벤트,MEOVV (미야오) 댓글 이벤트,2024-11-18 18:00,2024-12-02 23:59,남,20대,1038,790,71,8.99,2,2.82
36548,100068,멜론매거진이벤트,MEOVV (미야오) 댓글 이벤트,2024-11-18 18:00,2024-12-02 23:59,남,30대,1106,810,47,5.8,1,2.13
36548,100068,멜론매거진이벤트,MEOVV (미야오) 댓글 이벤트,2024-11-18 18:00,2024-12-02 23:59,남,40대,1027,752,41,5.45,0,0.0
36548,100068,멜론매거진이벤트,MEOVV (미야오) 댓글 이벤트,2024-11-18 18:00,2024-12-02 23:59,남,50대,570,448,15,3.35,0,0.0
36548,100068,멜론매거진이벤트,MEOVV (미야오) 댓글 이벤트,2024-11-18 18:00,2024-12-02 23:59,남,60대이상,151,108,4,3.7,0,0.0
36548,100068,멜론매거진이벤트,MEOVV (미야오) 댓글 이벤트,2024-11-18 18:00,2024-12-02 23:59,여,10대이하,1609,923,106,11.48,6,5.66
36548,100068,멜론매거진이벤트,MEOVV (미야오) 댓글 이벤트,2024-11-18 18:00,2024-12-02 23:59,여,20대,3033,1930,145,7.51,6,4.14
36548,100068,멜론매거진이벤트,MEOVV (미야오) 댓글 이벤트,2024-11-18 18:00,2024-12-02 23:59,여,30대,1525,1276,26,2.04,3,11.54
36548,100068,멜론매거진이벤트,MEOVV (미야오) 댓글 이벤트,2024-11-18 18:00,2024-12-02 23:59,여,40대,1758,1338,47,3.51,2,4.26
36548,100068,멜론매거진이벤트,MEOVV (미야오) 댓글 이벤트,2024-11-18 18:00,2024-12-02 23:59,여,50대,871,648,19,2.93,2,10.53
36548,100068,멜론매거진이벤트,MEOVV (미야오) 댓글 이벤트,2024-11-18 18:00,2024-12-02 23:59,여,60대이상,281,232,3,1.29,0,0.0
36563,100068,멜론매거진이벤트,디즈니 '모아나 2' OST 댓글 이벤트,2024-11-22 12:00,2024-11-27 23:59,남,10대이하,895,676,101,14.94,4,3.96
36563,100068,멜론매거진이벤트,디즈니 '모아나 2' OST 댓글 이벤트,2024-11-22 12:00,2024-11-27 23:59,남,20대,2160,1799,284,15.79,4,1.41
36563,100068,멜론매거진이벤트,디즈니 '모아나 2' OST 댓글 이벤트,2024-11-22 12:00,2024-11-27 23:59,남,30대,2856,2234,347,15.53,2,0.58
36563,100068,멜론매거진이벤트,디즈니 '모아나 2' OST 댓글 이벤트,2024-11-22 12:00,2024-11-27 23:59,남,40대,3269,2308,411,17.81,1,0.24
36563,100068,멜론매거진이벤트,디즈니 '모아나 2' OST 댓글 이벤트,2024-11-22 12:00,2024-11-27 23:59,남,50대,1693,1278,208,16.28,1,0.48
36563,100068,멜론매거진이벤트,디즈니 '모아나 2' OST 댓글 이벤트,2024-11-22 12:00,2024-11-27 23:59,남,60대이상,385,290,36,12.41,0,0.0
36563,100068,멜론매거진이벤트,디즈니 '모아나 2' OST 댓글 이벤트,2024-11-22 12:00,2024-11-27 23:59,여,10대이하,2526,1954,375,19.19,11,2.93
36563,100068,멜론매거진이벤트,디즈니 '모아나 2' OST 댓글 이벤트,2024-11-22 12:00,2024-11-27 23:59,여,20대,6695,5477,1084,19.79,14,1.29
36563,100068,멜론매거진이벤트,디즈니 '모아나 2' OST 댓글 이벤트,2024-11-22 12:00,2024-11-27 23:59,여,30대,6391,4964,967,19.48,7,0.72
36563,100068,멜론매거진이벤트,디즈니 '모아나 2' OST 댓글 이벤트,2024-11-22 12:00,2024-11-27 23:59,여,40대,6921,4906,888,18.1,10,1.13
36563,100068,멜론매거진이벤트,디즈니 '모아나 2' OST 댓글 이벤트,2024-11-22 12:00,2024-11-27 23:59,여,50대,2500,1943,292,15.03,3,1.03
36563,100068,멜론매거진이벤트,디즈니 '모아나 2' OST 댓글 이벤트,2024-11-22 12:00,2024-11-27 23:59,여,60대이상,586,450,55,12.22,0,0.0
36570,100068,멜론매거진이벤트,TWS (투어스) 댓글 이벤트,2024-11-25 18:00,2024-12-09 23:59,남,10대이하,498,312,38,12.18,2,5.26
36570,100068,멜론매거진이벤트,TWS (투어스) 댓글 이벤트,2024-11-25 18:00,2024-12-09 23:59,남,20대,1261,1004,49,4.88,2,4.08
36570,100068,멜론매거진이벤트,TWS (투어스) 댓글 이벤트,2024-11-25 18:00,2024-12-09 23:59,남,30대,1444,1210,37,3.06,0,0.0
36570,100068,멜론매거진이벤트,TWS (투어스) 댓글 이벤트,2024-11-25 18:00,2024-12-09 23:59,남,40대,1731,1138,73,6.41,0,0.0
36570,100068,멜론매거진이벤트,TWS (투어스) 댓글 이벤트,2024-11-25 18:00,2024-12-09 23:59,남,50대,904,621,45,7.25,2,4.44
36570,100068,멜론매거진이벤트,TWS (투어스) 댓글 이벤트,2024-11-25 18:00,2024-12-09 23:59,남,60대이상,237,184,4,2.17,0,0.0
36570,100068,멜론매거진이벤트,TWS (투어스) 댓글 이벤트,2024-11-25 18:00,2024-12-09 23:59,여,10대이하,2669,1266,333,26.3,17,5.11
36570,100068,멜론매거진이벤트,TWS (투어스) 댓글 이벤트,2024-11-25 18:00,2024-12-09 23:59,여,20대,4536,2616,381,14.56,22,5.77
36570,100068,멜론매거진이벤트,TWS (투어스) 댓글 이벤트,2024-11-25 18:00,2024-12-09 23:59,여,30대,4030,2513,211,8.4,5,2.37
36570,100068,멜론매거진이벤트,TWS (투어스) 댓글 이벤트,2024-11-25 18:00,2024-12-09 23:59,여,40대,4173,2566,243,9.47,1,0.41
36570,100068,멜론매거진이벤트,TWS (투어스) 댓글 이벤트,2024-11-25 18:00,2024-12-09 23:59,여,50대,1495,1094,56,5.12,1,1.79
36570,100068,멜론매거진이벤트,TWS (투어스) 댓글 이벤트,2024-11-25 18:00,2024-12-09 23:59,여,60대이상,399,325,7,2.15,1,14.29
36576,100068,멜론매거진이벤트,아이린 (IRENE) 댓글 이벤트,2024-11-26 18:00,2024-12-10 23:59,남,10대이하,530,317,51,16.09,1,1.96
36576,100068,멜론매거진이벤트,아이린 (IRENE) 댓글 이벤트,2024-11-26 18:00,2024-12-10 23:59,남,20대,1606,1068,117,10.96,4,3.42
36576,100068,멜론매거진이벤트,아이린 (IRENE) 댓글 이벤트,2024-11-26 18:00,2024-12-10 23:59,남,30대,1211,941,91,9.67,3,3.3
36576,100068,멜론매거진이벤트,아이린 (IRENE) 댓글 이벤트,2024-11-26 18:00,2024-12-10 23:59,남,40대,856,635,46,7.24,1,2.17
36576,100068,멜론매거진이벤트,아이린 (IRENE) 댓글 이벤트,2024-11-26 18:00,2024-12-10 23:59,남,50대,568,439,24,5.47,0,0.0
36576,100068,멜론매거진이벤트,아이린 (IRENE) 댓글 이벤트,2024-11-26 18:00,2024-12-10 23:59,남,60대이상,184,133,3,2.26,0,0.0
36576,100068,멜론매거진이벤트,아이린 (IRENE) 댓글 이벤트,2024-11-26 18:00,2024-12-10 23:59,여,10대이하,977,568,92,16.2,7,7.61
36576,100068,멜론매거진이벤트,아이린 (IRENE) 댓글 이벤트,2024-11-26 18:00,2024-12-10 23:59,여,20대,3198,2116,257,12.15,13,5.06
36576,100068,멜론매거진이벤트,아이린 (IRENE) 댓글 이벤트,2024-11-26 18:00,2024-12-10 23:59,여,30대,1836,1312,79,6.02,6,7.59
36576,100068,멜론매거진이벤트,아이린 (IRENE) 댓글 이벤트,2024-11-26 18:00,2024-12-10 23:59,여,40대,1487,1147,49,4.27,0,0.0
36576,100068,멜론매거진이벤트,아이린 (IRENE) 댓글 이벤트,2024-11-26 18:00,2024-12-10 23:59,여,50대,723,570,24,4.21,0,0.0
36576,100068,멜론매거진이벤트,아이린 (IRENE) 댓글 이벤트,2024-11-26 18:00,2024-12-10 23:59,여,60대이상,253,197,7,3.55,0,0.0
36578,100068,멜론매거진이벤트,멜론 데이터랩 댓글 이벤트 #44,2024-11-28 17:00,2024-12-12 23:59,남,10대이하,3029,2114,93,4.4,4,4.3
36578,100068,멜론매거진이벤트,멜론 데이터랩 댓글 이벤트 #44,2024-11-28 17:00,2024-12-12 23:59,남,20대,6060,4944,120,2.43,1,0.83
36578,100068,멜론매거진이벤트,멜론 데이터랩 댓글 이벤트 #44,2024-11-28 17:00,2024-12-12 23:59,남,30대,7951,6431,108,1.68,1,0.93
36578,100068,멜론매거진이벤트,멜론 데이터랩 댓글 이벤트 #44,2024-11-28 17:00,2024-12-12 23:59,남,40대,9509,7085,142,2.0,3,2.11
36578,100068,멜론매거진이벤트,멜론 데이터랩 댓글 이벤트 #44,2024-11-28 17:00,2024-12-12 23:59,남,50대,4675,3521,49,1.39,0,0.0
36578,100068,멜론매거진이벤트,멜론 데이터랩 댓글 이벤트 #44,2024-11-28 17:00,2024-12-12 23:59,남,60대이상,1021,761,6,0.79,0,0.0
36578,100068,멜론매거진이벤트,멜론 데이터랩 댓글 이벤트 #44,2024-11-28 17:00,2024-12-12 23:59,여,10대이하,6064,4501,246,5.47,4,1.63
36578,100068,멜론매거진이벤트,멜론 데이터랩 댓글 이벤트 #44,2024-11-28 17:00,2024-12-12 23:59,여,20대,13567,11115,350,3.15,7,2.0
36578,100068,멜론매거진이벤트,멜론 데이터랩 댓글 이벤트 #44,2024-11-28 17:00,2024-12-12 23:59,여,30대,16129,13146,247,1.88,6,2.43
36578,100068,멜론매거진이벤트,멜론 데이터랩 댓글 이벤트 #44,2024-11-28 17:00,2024-12-12 23:59,여,40대,18755,14114,289,2.05,3,1.04
36578,100068,멜론매거진이벤트,멜론 데이터랩 댓글 이벤트 #44,2024-11-28 17:00,2024-12-12 23:59,여,50대,6909,5278,90,1.71,0,0.0
36578,100068,멜론매거진이벤트,멜론 데이터랩 댓글 이벤트 #44,2024-11-28 17:00,2024-12-12 23:59,여,60대이상,1640,1261,20,1.59,0,0.0
36579,100068,멜론매거진이벤트,블루노트 85주년 댓글 이벤트 #5,2024-11-28 14:00,2024-12-12 23:59,남,10대이하,250,195,28,14.36,1,3.57
36579,100068,멜론매거진이벤트,블루노트 85주년 댓글 이벤트 #5,2024-11-28 14:00,2024-12-12 23:59,남,20대,663,557,75,13.46,1,1.33
36579,100068,멜론매거진이벤트,블루노트 85주년 댓글 이벤트 #5,2024-11-28 14:00,2024-12-12 23:59,남,30대,700,576,74,12.85,1,1.35
36579,100068,멜론매거진이벤트,블루노트 85주년 댓글 이벤트 #5,2024-11-28 14:00,2024-12-12 23:59,남,40대,559,452,47,10.4,1,2.13
36579,100068,멜론매거진이벤트,블루노트 85주년 댓글 이벤트 #5,2024-11-28 14:00,2024-12-12 23:59,남,50대,361,297,28,9.43,0,0.0
36579,100068,멜론매거진이벤트,블루노트 85주년 댓글 이벤트 #5,2024-11-28 14:00,2024-12-12 23:59,남,60대이상,105,82,8,9.76,0,0.0
36579,100068,멜론매거진이벤트,블루노트 85주년 댓글 이벤트 #5,2024-11-28 14:00,2024-12-12 23:59,여,10대이하,435,368,37,10.05,0,0.0
36579,100068,멜론매거진이벤트,블루노트 85주년 댓글 이벤트 #5,2024-11-28 14:00,2024-12-12 23:59,여,20대,1245,1072,133,12.41,4,3.01
36579,100068,멜론매거진이벤트,블루노트 85주년 댓글 이벤트 #5,2024-11-28 14:00,2024-12-12 23:59,여,30대,1159,972,103,10.6,0,0.0
36579,100068,멜론매거진이벤트,블루노트 85주년 댓글 이벤트 #5,2024-11-28 14:00,2024-12-12 23:59,여,40대,1075,911,80,8.78,0,0.0
36579,100068,멜론매거진이벤트,블루노트 85주년 댓글 이벤트 #5,2024-11-28 14:00,2024-12-12 23:59,여,50대,502,434,34,7.83,0,0.0
36579,100068,멜론매거진이벤트,블루노트 85주년 댓글 이벤트 #5,2024-11-28 14:00,2024-12-12 23:59,여,60대이상,173,143,8,5.59,0,0.0
36582,100068,멜론매거진이벤트,로열 클래식 발레단 '호두까기 인형' 댓글 이벤트,2024-12-02 18:00,2024-12-15 23:59,남,10대이하,74,56,9,16.07,0,0.0
36582,100068,멜론매거진이벤트,로열 클래식 발레단 '호두까기 인형' 댓글 이벤트,2024-12-02 18:00,2024-12-15 23:59,남,20대,202,147,38,25.85,1,2.63
36582,100068,멜론매거진이벤트,로열 클래식 발레단 '호두까기 인형' 댓글 이벤트,2024-12-02 18:00,2024-12-15 23:59,남,30대,262,215,38,17.67,0,0.0
36582,100068,멜론매거진이벤트,로열 클래식 발레단 '호두까기 인형' 댓글 이벤트,2024-12-02 18:00,2024-12-15 23:59,남,40대,282,210,41,19.52,0,0.0
36582,100068,멜론매거진이벤트,로열 클래식 발레단 '호두까기 인형' 댓글 이벤트,2024-12-02 18:00,2024-12-15 23:59,남,50대,163,138,30,21.74,0,0.0
36582,100068,멜론매거진이벤트,로열 클래식 발레단 '호두까기 인형' 댓글 이벤트,2024-12-02 18:00,2024-12-15 23:59,남,60대이상,39,19,5,26.32,1,20.0
36582,100068,멜론매거진이벤트,로열 클래식 발레단 '호두까기 인형' 댓글 이벤트,2024-12-02 18:00,2024-12-15 23:59,여,10대이하,344,273,50,18.32,2,4.0
36582,100068,멜론매거진이벤트,로열 클래식 발레단 '호두까기 인형' 댓글 이벤트,2024-12-02 18:00,2024-12-15 23:59,여,20대,901,746,146,19.57,2,1.37
36582,100068,멜론매거진이벤트,로열 클래식 발레단 '호두까기 인형' 댓글 이벤트,2024-12-02 18:00,2024-12-15 23:59,여,30대,895,694,128,18.44,0,0.0
36582,100068,멜론매거진이벤트,로열 클래식 발레단 '호두까기 인형' 댓글 이벤트,2024-12-02 18:00,2024-12-15 23:59,여,40대,884,660,116,17.58,2,1.72
36582,100068,멜론매거진이벤트,로열 클래식 발레단 '호두까기 인형' 댓글 이벤트,2024-12-02 18:00,2024-12-15 23:59,여,50대,329,245,35,14.29,0,0.0
36582,100068,멜론매거진이벤트,로열 클래식 발레단 '호두까기 인형' 댓글 이벤트,2024-12-02 18:00,2024-12-15 23:59,여,60대이상,71,51,7,13.73,0,0.0
36585,100068,멜론매거진이벤트,디에잇 (SEVENTEEN) 댓글 이벤트,2024-12-04 11:00,2024-12-18 23:59,남,10대이하,480,387,20,5.17,0,0.0
36585,100068,멜론매거진이벤트,디에잇 (SEVENTEEN) 댓글 이벤트,2024-12-04 11:00,2024-12-18 23:59,남,20대,1145,983,15,1.53,0,0.0
36585,100068,멜론매거진이벤트,디에잇 (SEVENTEEN) 댓글 이벤트,2024-12-04 11:00,2024-12-18 23:59,남,30대,1461,1164,24,2.06,2,8.33
36585,100068,멜론매거진이벤트,디에잇 (SEVENTEEN) 댓글 이벤트,2024-12-04 11:00,2024-12-18 23:59,남,40대,1797,1327,66,4.97,1,1.52
36585,100068,멜론매거진이벤트,디에잇 (SEVENTEEN) 댓글 이벤트,2024-12-04 11:00,2024-12-18 23:59,남,50대,933,733,27,3.68,0,0.0
36585,100068,멜론매거진이벤트,디에잇 (SEVENTEEN) 댓글 이벤트,2024-12-04 11:00,2024-12-18 23:59,남,60대이상,269,192,4,2.08,0,0.0
36585,100068,멜론매거진이벤트,디에잇 (SEVENTEEN) 댓글 이벤트,2024-12-04 11:00,2024-12-18 23:59,여,10대이하,3733,1977,318,16.08,14,4.4
36585,100068,멜론매거진이벤트,디에잇 (SEVENTEEN) 댓글 이벤트,2024-12-04 11:00,2024-12-18 23:59,여,20대,3722,2842,248,8.73,5,2.02
36585,100068,멜론매거진이벤트,디에잇 (SEVENTEEN) 댓글 이벤트,2024-12-04 11:00,2024-12-18 23:59,여,30대,3073,2236,132,5.9,4,3.03
36585,100068,멜론매거진이벤트,디에잇 (SEVENTEEN) 댓글 이벤트,2024-12-04 11:00,2024-12-18 23:59,여,40대,3685,2725,178,6.53,1,0.56
36585,100068,멜론매거진이벤트,디에잇 (SEVENTEEN) 댓글 이벤트,2024-12-04 11:00,2024-12-18 23:59,여,50대,1288,1021,34,3.33,2,5.88
36585,100068,멜론매거진이벤트,디에잇 (SEVENTEEN) 댓글 이벤트,2024-12-04 11:00,2024-12-18 23:59,여,60대이상,366,278,8,2.88,0,0.0
36588,100068,멜론매거진이벤트,TREASURE (트레저) 댓글 이벤트,2024-12-05 18:00,2024-12-19 23:59,남,10대이하,256,202,10,4.95,0,0.0
36588,100068,멜론매거진이벤트,TREASURE (트레저) 댓글 이벤트,2024-12-05 18:00,2024-12-19 23:59,남,20대,716,589,18,3.06,0,0.0
36588,100068,멜론매거진이벤트,TREASURE (트레저) 댓글 이벤트,2024-12-05 18:00,2024-12-19 23:59,남,30대,913,761,11,1.45,1,9.09
36588,100068,멜론매거진이벤트,TREASURE (트레저) 댓글 이벤트,2024-12-05 18:00,2024-12-19 23:59,남,40대,777,610,20,3.28,0,0.0
36588,100068,멜론매거진이벤트,TREASURE (트레저) 댓글 이벤트,2024-12-05 18:00,2024-12-19 23:59,남,50대,539,383,30,7.83,1,3.33
36588,100068,멜론매거진이벤트,TREASURE (트레저) 댓글 이벤트,2024-12-05 18:00,2024-12-19 23:59,여,10대이하,1505,757,175,23.12,26,14.86
36588,100068,멜론매거진이벤트,TREASURE (트레저) 댓글 이벤트,2024-12-05 18:00,2024-12-19 23:59,여,20대,2509,1442,220,15.26,26,11.82
36588,100068,멜론매거진이벤트,TREASURE (트레저) 댓글 이벤트,2024-12-05 18:00,2024-12-19 23:59,여,30대,1581,1241,32,2.58,2,6.25
36588,100068,멜론매거진이벤트,TREASURE (트레저) 댓글 이벤트,2024-12-05 18:00,2024-12-19 23:59,여,40대,1882,1347,69,5.12,1,1.45
36588,100068,멜론매거진이벤트,TREASURE (트레저) 댓글 이벤트,2024-12-05 18:00,2024-12-19 23:59,여,50대,950,701,47,6.7,1,2.13
36588,100068,멜론매거진이벤트,TREASURE (트레저) 댓글 이벤트,2024-12-05 18:00,2024-12-19 23:59,여,60대이상,273,190,6,3.16,0,0.0
36590,100068,멜론매거진이벤트,CRAVITY 댓글 이벤트,2024-12-05 18:00,2024-12-19 23:59,남,10대이하,204,155,7,4.52,0,0.0
36590,100068,멜론매거진이벤트,CRAVITY 댓글 이벤트,2024-12-05 18:00,2024-12-19 23:59,남,20대,569,484,13,2.69,0,0.0
36590,100068,멜론매거진이벤트,CRAVITY 댓글 이벤트,2024-12-05 18:00,2024-12-19 23:59,남,30대,624,547,9,1.65,0,0.0
36590,100068,멜론매거진이벤트,CRAVITY 댓글 이벤트,2024-12-05 18:00,2024-12-19 23:59,남,40대,733,532,23,4.32,0,0.0
36590,100068,멜론매거진이벤트,CRAVITY 댓글 이벤트,2024-12-05 18:00,2024-12-19 23:59,남,50대,356,282,13,4.61,0,0.0
36590,100068,멜론매거진이벤트,CRAVITY 댓글 이벤트,2024-12-05 18:00,2024-12-19 23:59,남,60대이상,84,71,1,1.41,1,100.0
36590,100068,멜론매거진이벤트,CRAVITY 댓글 이벤트,2024-12-05 18:00,2024-12-19 23:59,여,10대이하,1808,756,196,25.93,19,9.69
36590,100068,멜론매거진이벤트,CRAVITY 댓글 이벤트,2024-12-05 18:00,2024-12-19 23:59,여,20대,1951,1190,127,10.67,10,7.87
36590,100068,멜론매거진이벤트,CRAVITY 댓글 이벤트,2024-12-05 18:00,2024-12-19 23:59,여,30대,1358,992,43,4.33,3,6.98
36590,100068,멜론매거진이벤트,CRAVITY 댓글 이벤트,2024-12-05 18:00,2024-12-19 23:59,여,40대,1743,1116,68,6.09,0,0.0
36590,100068,멜론매거진이벤트,CRAVITY 댓글 이벤트,2024-12-05 18:00,2024-12-19 23:59,여,50대,605,482,18,3.73,0,0.0
36590,100068,멜론매거진이벤트,CRAVITY 댓글 이벤트,2024-12-05 18:00,2024-12-19 23:59,여,60대이상,219,162,5,3.09,0,0.0
36591,100068,멜론매거진이벤트,로제 (ROSÉ) 댓글 이벤트,2024-12-06 00:00,2024-12-20 23:59,남,10대이하,1991,1132,239,21.11,6,2.51
36591,100068,멜론매거진이벤트,로제 (ROSÉ) 댓글 이벤트,2024-12-06 00:00,2024-12-20 23:59,남,20대,4365,2861,587,20.52,4,0.68
36591,100068,멜론매거진이벤트,로제 (ROSÉ) 댓글 이벤트,2024-12-06 00:00,2024-12-20 23:59,남,30대,2842,2071,348,16.8,2,0.57
36591,100068,멜론매거진이벤트,로제 (ROSÉ) 댓글 이벤트,2024-12-06 00:00,2024-12-20 23:59,남,40대,3634,2521,265,10.51,0,0.0
36591,100068,멜론매거진이벤트,로제 (ROSÉ) 댓글 이벤트,2024-12-06 00:00,2024-12-20 23:59,남,50대,2584,1767,189,10.7,1,0.53
36591,100068,멜론매거진이벤트,로제 (ROSÉ) 댓글 이벤트,2024-12-06 00:00,2024-12-20 23:59,남,60대이상,481,303,20,6.6,0,0.0
36591,100068,멜론매거진이벤트,로제 (ROSÉ) 댓글 이벤트,2024-12-06 00:00,2024-12-20 23:59,여,10대이하,3647,2103,460,21.87,10,2.17
36591,100068,멜론매거진이벤트,로제 (ROSÉ) 댓글 이벤트,2024-12-06 00:00,2024-12-20 23:59,여,20대,8827,5863,1028,17.53,13,1.26
36591,100068,멜론매거진이벤트,로제 (ROSÉ) 댓글 이벤트,2024-12-06 00:00,2024-12-20 23:59,여,30대,4825,3430,433,12.62,2,0.46
36591,100068,멜론매거진이벤트,로제 (ROSÉ) 댓글 이벤트,2024-12-06 00:00,2024-12-20 23:59,여,40대,6526,4451,403,9.05,3,0.74
36591,100068,멜론매거진이벤트,로제 (ROSÉ) 댓글 이벤트,2024-12-06 00:00,2024-12-20 23:59,여,50대,3347,2205,223,10.11,2,0.9
36591,100068,멜론매거진이벤트,로제 (ROSÉ) 댓글 이벤트,2024-12-06 00:00,2024-12-20 23:59,여,60대이상,554,365,28,7.67,0,0.0
36599,100068,멜론매거진이벤트,TWICE (트와이스) 댓글 이벤트,2024-12-06 14:00,2024-12-20 23:59,남,10대이하,1371,954,102,10.69,4,3.92
36599,100068,멜론매거진이벤트,TWICE (트와이스) 댓글 이벤트,2024-12-06 14:00,2024-12-20 23:59,남,20대,2929,2348,169,7.2,8,4.73
36599,100068,멜론매거진이벤트,TWICE (트와이스) 댓글 이벤트,2024-12-06 14:00,2024-12-20 23:59,남,30대,3036,2451,137,5.59,2,1.46
36599,100068,멜론매거진이벤트,TWICE (트와이스) 댓글 이벤트,2024-12-06 14:00,2024-12-20 23:59,남,40대,2481,1944,92,4.73,1,1.09
36599,100068,멜론매거진이벤트,TWICE (트와이스) 댓글 이벤트,2024-12-06 14:00,2024-12-20 23:59,남,50대,1251,1023,35,3.42,1,2.86
36599,100068,멜론매거진이벤트,TWICE (트와이스) 댓글 이벤트,2024-12-06 14:00,2024-12-20 23:59,남,60대이상,295,239,3,1.26,1,33.33
36599,100068,멜론매거진이벤트,TWICE (트와이스) 댓글 이벤트,2024-12-06 14:00,2024-12-20 23:59,여,10대이하,1915,1553,115,7.41,7,6.09
36599,100068,멜론매거진이벤트,TWICE (트와이스) 댓글 이벤트,2024-12-06 14:00,2024-12-20 23:59,여,20대,4866,4069,138,3.39,8,5.8
36599,100068,멜론매거진이벤트,TWICE (트와이스) 댓글 이벤트,2024-12-06 14:00,2024-12-20 23:59,여,30대,4460,3783,78,2.06,5,6.41
36599,100068,멜론매거진이벤트,TWICE (트와이스) 댓글 이벤트,2024-12-06 14:00,2024-12-20 23:59,여,40대,4440,3535,113,3.2,1,0.88
36599,100068,멜론매거진이벤트,TWICE (트와이스) 댓글 이벤트,2024-12-06 14:00,2024-12-20 23:59,여,50대,1808,1482,37,2.5,1,2.7
36599,100068,멜론매거진이벤트,TWICE (트와이스) 댓글 이벤트,2024-12-06 14:00,2024-12-20 23:59,여,60대이상,522,426,9,2.11,1,11.11
36609,100068,멜론매거진이벤트,Mariah Carey 댓글 이벤트,2024-12-13 12:00,2024-12-27 23:59,남,10대이하,885,710,48,6.76,0,0.0
36609,100068,멜론매거진이벤트,Mariah Carey 댓글 이벤트,2024-12-13 12:00,2024-12-27 23:59,남,20대,2355,1935,100,5.17,2,2.0
36609,100068,멜론매거진이벤트,Mariah Carey 댓글 이벤트,2024-12-13 12:00,2024-12-27 23:59,남,30대,2934,2327,125,5.37,0,0.0
36609,100068,멜론매거진이벤트,Mariah Carey 댓글 이벤트,2024-12-13 12:00,2024-12-27 23:59,남,40대,4051,3099,100,3.23,4,4.0
36609,100068,멜론매거진이벤트,Mariah Carey 댓글 이벤트,2024-12-13 12:00,2024-12-27 23:59,남,50대,1923,1487,44,2.96,0,0.0
36609,100068,멜론매거진이벤트,Mariah Carey 댓글 이벤트,2024-12-13 12:00,2024-12-27 23:59,남,60대이상,431,346,3,0.87,0,0.0
36609,100068,멜론매거진이벤트,Mariah Carey 댓글 이벤트,2024-12-13 12:00,2024-12-27 23:59,여,10대이하,1794,1433,121,8.44,3,2.48
36609,100068,멜론매거진이벤트,Mariah Carey 댓글 이벤트,2024-12-13 12:00,2024-12-27 23:59,여,20대,4202,3558,214,6.01,8,3.74
36609,100068,멜론매거진이벤트,Mariah Carey 댓글 이벤트,2024-12-13 12:00,2024-12-27 23:59,여,30대,4928,4157,138,3.32,1,0.72
36609,100068,멜론매거진이벤트,Mariah Carey 댓글 이벤트,2024-12-13 12:00,2024-12-27 23:59,여,40대,7144,5503,152,2.76,2,1.32
36609,100068,멜론매거진이벤트,Mariah Carey 댓글 이벤트,2024-12-13 12:00,2024-12-27 23:59,여,50대,2531,1986,66,3.32,1,1.52
36609,100068,멜론매거진이벤트,Mariah Carey 댓글 이벤트,2024-12-13 12:00,2024-12-27 23:59,여,60대이상,612,480,15,3.13,1,6.67
36611,100068,멜론매거진이벤트,멜론 데이터랩 댓글 이벤트 #45,2024-12-12 12:00,2024-12-26 23:59,남,10대이하,1789,1278,66,5.16,3,4.55
36611,100068,멜론매거진이벤트,멜론 데이터랩 댓글 이벤트 #45,2024-12-12 12:00,2024-12-26 23:59,남,20대,3133,2563,65,2.54,2,3.08
36611,100068,멜론매거진이벤트,멜론 데이터랩 댓글 이벤트 #45,2024-12-12 12:00,2024-12-26 23:59,남,30대,3527,2812,83,2.95,0,0.0
36611,100068,멜론매거진이벤트,멜론 데이터랩 댓글 이벤트 #45,2024-12-12 12:00,2024-12-26 23:59,남,40대,4432,3431,69,2.01,0,0.0
36611,100068,멜론매거진이벤트,멜론 데이터랩 댓글 이벤트 #45,2024-12-12 12:00,2024-12-26 23:59,남,50대,2485,2010,28,1.39,0,0.0
36611,100068,멜론매거진이벤트,멜론 데이터랩 댓글 이벤트 #45,2024-12-12 12:00,2024-12-26 23:59,남,60대이상,468,361,5,1.39,0,0.0
36611,100068,멜론매거진이벤트,멜론 데이터랩 댓글 이벤트 #45,2024-12-12 12:00,2024-12-26 23:59,여,10대이하,4365,3343,130,3.89,4,3.08
36611,100068,멜론매거진이벤트,멜론 데이터랩 댓글 이벤트 #45,2024-12-12 12:00,2024-12-26 23:59,여,20대,7463,5990,247,4.12,5,2.02
36611,100068,멜론매거진이벤트,멜론 데이터랩 댓글 이벤트 #45,2024-12-12 12:00,2024-12-26 23:59,여,30대,7117,5657,181,3.2,1,0.55
36611,100068,멜론매거진이벤트,멜론 데이터랩 댓글 이벤트 #45,2024-12-12 12:00,2024-12-26 23:59,여,40대,9249,6980,162,2.32,0,0.0
36611,100068,멜론매거진이벤트,멜론 데이터랩 댓글 이벤트 #45,2024-12-12 12:00,2024-12-26 23:59,여,50대,4297,3109,66,2.12,0,0.0
36611,100068,멜론매거진이벤트,멜론 데이터랩 댓글 이벤트 #45,2024-12-12 12:00,2024-12-26 23:59,여,60대이상,1267,823,27,3.28,0,0.0
36613,100068,멜론매거진이벤트,Stray Kids (스트레이 키즈) 댓글 이벤트,2024-12-13 14:00,2024-12-27 23:59,남,10대이하,353,163,30,18.4,0,0.0
36613,100068,멜론매거진이벤트,Stray Kids (스트레이 키즈) 댓글 이벤트,2024-12-13 14:00,2024-12-27 23:59,남,20대,497,377,29,7.69,2,6.9
36613,100068,멜론매거진이벤트,Stray Kids (스트레이 키즈) 댓글 이벤트,2024-12-13 14:00,2024-12-27 23:59,남,30대,688,534,25,4.68,0,0.0
36613,100068,멜론매거진이벤트,Stray Kids (스트레이 키즈) 댓글 이벤트,2024-12-13 14:00,2024-12-27 23:59,남,40대,1332,689,96,13.93,1,1.04
36613,100068,멜론매거진이벤트,Stray Kids (스트레이 키즈) 댓글 이벤트,2024-12-13 14:00,2024-12-27 23:59,남,50대,485,314,48,15.29,0,0.0
36613,100068,멜론매거진이벤트,Stray Kids (스트레이 키즈) 댓글 이벤트,2024-12-13 14:00,2024-12-27 23:59,남,60대이상,98,66,3,4.55,2,66.67
36613,100068,멜론매거진이벤트,Stray Kids (스트레이 키즈) 댓글 이벤트,2024-12-13 14:00,2024-12-27 23:59,여,10대이하,2525,1152,402,34.9,30,7.46
36613,100068,멜론매거진이벤트,Stray Kids (스트레이 키즈) 댓글 이벤트,2024-12-13 14:00,2024-12-27 23:59,여,20대,2427,1276,336,26.33,18,5.36
36613,100068,멜론매거진이벤트,Stray Kids (스트레이 키즈) 댓글 이벤트,2024-12-13 14:00,2024-12-27 23:59,여,30대,1944,1160,195,16.81,22,11.28
36613,100068,멜론매거진이벤트,Stray Kids (스트레이 키즈) 댓글 이벤트,2024-12-13 14:00,2024-12-27 23:59,여,40대,2996,1476,268,18.16,10,3.73
36613,100068,멜론매거진이벤트,Stray Kids (스트레이 키즈) 댓글 이벤트,2024-12-13 14:00,2024-12-27 23:59,여,50대,763,491,69,14.05,0,0.0
36613,100068,멜론매거진이벤트,Stray Kids (스트레이 키즈) 댓글 이벤트,2024-12-13 14:00,2024-12-27 23:59,여,60대이상,174,118,8,6.78,0,0.0
36614,100068,멜론매거진이벤트,마크 (MARK) 댓글 이벤트,2024-12-16 18:00,2024-12-30 23:59,남,10대이하,478,359,16,4.46,0,0.0
36614,100068,멜론매거진이벤트,마크 (MARK) 댓글 이벤트,2024-12-16 18:00,2024-12-30 23:59,남,20대,1180,1025,32,3.12,1,3.13
36614,100068,멜론매거진이벤트,마크 (MARK) 댓글 이벤트,2024-12-16 18:00,2024-12-30 23:59,남,30대,1543,1318,15,1.14,1,6.67
36614,100068,멜론매거진이벤트,마크 (MARK) 댓글 이벤트,2024-12-16 18:00,2024-12-30 23:59,남,40대,1638,1224,77,6.29,1,1.3
36614,100068,멜론매거진이벤트,마크 (MARK) 댓글 이벤트,2024-12-16 18:00,2024-12-30 23:59,남,50대,983,754,53,7.03,1,1.89
36614,100068,멜론매거진이벤트,마크 (MARK) 댓글 이벤트,2024-12-16 18:00,2024-12-30 23:59,남,60대이상,268,183,10,5.46,1,10.0
36614,100068,멜론매거진이벤트,마크 (MARK) 댓글 이벤트,2024-12-16 18:00,2024-12-30 23:59,여,10대이하,4811,2520,596,23.65,42,7.05
36614,100068,멜론매거진이벤트,마크 (MARK) 댓글 이벤트,2024-12-16 18:00,2024-12-30 23:59,여,20대,6379,3918,603,15.39,40,6.63
36614,100068,멜론매거진이벤트,마크 (MARK) 댓글 이벤트,2024-12-16 18:00,2024-12-30 23:59,여,30대,4269,3056,206,6.74,10,4.85
36614,100068,멜론매거진이벤트,마크 (MARK) 댓글 이벤트,2024-12-16 18:00,2024-12-30 23:59,여,40대,4071,2893,205,7.09,1,0.49
36614,100068,멜론매거진이벤트,마크 (MARK) 댓글 이벤트,2024-12-16 18:00,2024-12-30 23:59,여,50대,1604,1157,91,7.87,0,0.0
36614,100068,멜론매거진이벤트,마크 (MARK) 댓글 이벤트,2024-12-16 18:00,2024-12-30 23:59,여,60대이상,438,335,10,2.99,0,0.0
36616,100068,멜론매거진이벤트,TWS (투어스) 댓글 이벤트,2024-12-17 14:00,2024-12-31 23:59,남,10대이하,845,524,76,14.5,3,3.95
36616,100068,멜론매거진이벤트,TWS (투어스) 댓글 이벤트,2024-12-17 14:00,2024-12-31 23:59,남,20대,1396,1049,81,7.72,0,0.0
36616,100068,멜론매거진이벤트,TWS (투어스) 댓글 이벤트,2024-12-17 14:00,2024-12-31 23:59,남,30대,1612,1180,73,6.19,0,0.0
36616,100068,멜론매거진이벤트,TWS (투어스) 댓글 이벤트,2024-12-17 14:00,2024-12-31 23:59,남,40대,2110,1327,114,8.59,0,0.0
36616,100068,멜론매거진이벤트,TWS (투어스) 댓글 이벤트,2024-12-17 14:00,2024-12-31 23:59,남,50대,989,672,66,9.82,0,0.0
36616,100068,멜론매거진이벤트,TWS (투어스) 댓글 이벤트,2024-12-17 14:00,2024-12-31 23:59,남,60대이상,247,167,12,7.19,1,8.33
36616,100068,멜론매거진이벤트,TWS (투어스) 댓글 이벤트,2024-12-17 14:00,2024-12-31 23:59,여,10대이하,4963,2483,694,27.95,20,2.88
36616,100068,멜론매거진이벤트,TWS (투어스) 댓글 이벤트,2024-12-17 14:00,2024-12-31 23:59,여,20대,5742,3181,691,21.72,11,1.59
36616,100068,멜론매거진이벤트,TWS (투어스) 댓글 이벤트,2024-12-17 14:00,2024-12-31 23:59,여,30대,4540,2744,358,13.05,4,1.12
36616,100068,멜론매거진이벤트,TWS (투어스) 댓글 이벤트,2024-12-17 14:00,2024-12-31 23:59,여,40대,5295,3210,393,12.24,6,1.53
36616,100068,멜론매거진이벤트,TWS (투어스) 댓글 이벤트,2024-12-17 14:00,2024-12-31 23:59,여,50대,1579,1092,87,7.97,1,1.15
36616,100068,멜론매거진이벤트,TWS (투어스) 댓글 이벤트,2024-12-17 14:00,2024-12-31 23:59,여,60대이상,421,321,19,5.92,0,0.0
36618,100068,멜론매거진이벤트,aespa 댓글 이벤트,2024-12-17 12:00,2024-12-31 23:59,남,10대이하,3493,1863,364,19.54,12,3.3
36618,100068,멜론매거진이벤트,aespa 댓글 이벤트,2024-12-17 12:00,2024-12-31 23:59,남,20대,4807,3182,447,14.05,6,1.34
36618,100068,멜론매거진이벤트,aespa 댓글 이벤트,2024-12-17 12:00,2024-12-31 23:59,남,30대,3427,2299,317,13.79,2,0.63
36618,100068,멜론매거진이벤트,aespa 댓글 이벤트,2024-12-17 12:00,2024-12-31 23:59,남,40대,4360,2830,238,8.41,2,0.84
36618,100068,멜론매거진이벤트,aespa 댓글 이벤트,2024-12-17 12:00,2024-12-31 23:59,남,50대,2221,1510,117,7.75,1,0.85
36618,100068,멜론매거진이벤트,aespa 댓글 이벤트,2024-12-17 12:00,2024-12-31 23:59,남,60대이상,467,270,8,2.96,2,25.0
36618,100068,멜론매거진이벤트,aespa 댓글 이벤트,2024-12-17 12:00,2024-12-31 23:59,여,10대이하,5808,3506,582,16.6,18,3.09
36618,100068,멜론매거진이벤트,aespa 댓글 이벤트,2024-12-17 12:00,2024-12-31 23:59,여,20대,10096,6394,725,11.34,14,1.93
36618,100068,멜론매거진이벤트,aespa 댓글 이벤트,2024-12-17 12:00,2024-12-31 23:59,여,30대,4490,3146,308,9.79,5,1.62
36618,100068,멜론매거진이벤트,aespa 댓글 이벤트,2024-12-17 12:00,2024-12-31 23:59,여,40대,7397,4926,409,8.3,4,0.98
36618,100068,멜론매거진이벤트,aespa 댓글 이벤트,2024-12-17 12:00,2024-12-31 23:59,여,50대,2696,1872,126,6.73,2,1.59
36618,100068,멜론매거진이벤트,aespa 댓글 이벤트,2024-12-17 12:00,2024-12-31 23:59,여,60대이상,613,387,14,3.62,0,0.0
36621,100068,멜론매거진이벤트,SMTOWN 댓글 이벤트 #1,2024-12-19 14:00,2024-12-29 23:59,남,10대이하,3362,2075,433,20.87,7,1.62
36621,100068,멜론매거진이벤트,SMTOWN 댓글 이벤트 #1,2024-12-19 14:00,2024-12-29 23:59,남,20대,6997,5358,916,17.1,10,1.09
36621,100068,멜론매거진이벤트,SMTOWN 댓글 이벤트 #1,2024-12-19 14:00,2024-12-29 23:59,남,30대,7253,5581,928,16.63,4,0.43
36621,100068,멜론매거진이벤트,SMTOWN 댓글 이벤트 #1,2024-12-19 14:00,2024-12-29 23:59,남,40대,6552,4627,587,12.69,3,0.51
36621,100068,멜론매거진이벤트,SMTOWN 댓글 이벤트 #1,2024-12-19 14:00,2024-12-29 23:59,남,50대,4405,3201,442,13.81,1,0.23
36621,100068,멜론매거진이벤트,SMTOWN 댓글 이벤트 #1,2024-12-19 14:00,2024-12-29 23:59,남,60대이상,890,666,72,10.81,1,1.39
36621,100068,멜론매거진이벤트,SMTOWN 댓글 이벤트 #1,2024-12-19 14:00,2024-12-29 23:59,여,10대이하,25058,14580,4148,28.45,95,2.29
36621,100068,멜론매거진이벤트,SMTOWN 댓글 이벤트 #1,2024-12-19 14:00,2024-12-29 23:59,여,20대,37494,25276,7057,27.92,83,1.18
36621,100068,멜론매거진이벤트,SMTOWN 댓글 이벤트 #1,2024-12-19 14:00,2024-12-29 23:59,여,30대,23375,15927,3919,24.61,37,0.94
36621,100068,멜론매거진이벤트,SMTOWN 댓글 이벤트 #1,2024-12-19 14:00,2024-12-29 23:59,여,40대,16345,10952,1825,16.66,6,0.33
36621,100068,멜론매거진이벤트,SMTOWN 댓글 이벤트 #1,2024-12-19 14:00,2024-12-29 23:59,여,50대,6852,4857,752,15.48,2,0.27
36621,100068,멜론매거진이벤트,SMTOWN 댓글 이벤트 #1,2024-12-19 14:00,2024-12-29 23:59,여,60대이상,1341,1005,100,9.95,1,1.0
36627,100068,멜론매거진이벤트,박효신 댓글 이벤트,2024-12-20 12:00,2025-01-03 23:59,남,10대이하,1960,1428,116,8.12,1,0.86
36627,100068,멜론매거진이벤트,박효신 댓글 이벤트,2024-12-20 12:00,2025-01-03 23:59,남,20대,8411,6078,595,9.79,18,3.03
36627,100068,멜론매거진이벤트,박효신 댓글 이벤트,2024-12-20 12:00,2025-01-03 23:59,남,30대,10721,7670,663,8.64,7,1.06
36627,100068,멜론매거진이벤트,박효신 댓글 이벤트,2024-12-20 12:00,2025-01-03 23:59,남,40대,7511,5519,226,4.09,2,0.88
36627,100068,멜론매거진이벤트,박효신 댓글 이벤트,2024-12-20 12:00,2025-01-03 23:59,남,50대,3489,2493,88,3.53,5,5.68
36627,100068,멜론매거진이벤트,박효신 댓글 이벤트,2024-12-20 12:00,2025-01-03 23:59,남,60대이상,909,670,31,4.63,1,3.23
36627,100068,멜론매거진이벤트,박효신 댓글 이벤트,2024-12-20 12:00,2025-01-03 23:59,여,10대이하,2494,1908,91,4.77,11,12.09
36627,100068,멜론매거진이벤트,박효신 댓글 이벤트,2024-12-20 12:00,2025-01-03 23:59,여,20대,13450,9160,844,9.21,41,4.86
36627,100068,멜론매거진이벤트,박효신 댓글 이벤트,2024-12-20 12:00,2025-01-03 23:59,여,30대,20725,12986,1699,13.08,62,3.65
36627,100068,멜론매거진이벤트,박효신 댓글 이벤트,2024-12-20 12:00,2025-01-03 23:59,여,40대,21478,12766,1232,9.65,62,5.03
36627,100068,멜론매거진이벤트,박효신 댓글 이벤트,2024-12-20 12:00,2025-01-03 23:59,여,50대,9677,5347,424,7.93,11,2.59
36627,100068,멜론매거진이벤트,박효신 댓글 이벤트,2024-12-20 12:00,2025-01-03 23:59,여,60대이상,1932,1172,63,5.38,1,1.59
36629,100068,멜론매거진이벤트,스포트라이트 하반기 결산 댓글 이벤트,2024-12-23 15:00,2025-01-06 23:59,남,10대이하,1454,1115,62,5.56,7,11.29
36629,100068,멜론매거진이벤트,스포트라이트 하반기 결산 댓글 이벤트,2024-12-23 15:00,2025-01-06 23:59,남,20대,2677,2240,91,4.06,3,3.3
36629,100068,멜론매거진이벤트,스포트라이트 하반기 결산 댓글 이벤트,2024-12-23 15:00,2025-01-06 23:59,남,30대,3560,2770,107,3.86,2,1.87
36629,100068,멜론매거진이벤트,스포트라이트 하반기 결산 댓글 이벤트,2024-12-23 15:00,2025-01-06 23:59,남,40대,3387,2673,113,4.23,1,0.88
36629,100068,멜론매거진이벤트,스포트라이트 하반기 결산 댓글 이벤트,2024-12-23 15:00,2025-01-06 23:59,남,50대,1834,1492,31,2.08,0,0.0
36629,100068,멜론매거진이벤트,스포트라이트 하반기 결산 댓글 이벤트,2024-12-23 15:00,2025-01-06 23:59,남,60대이상,522,417,8,1.92,0,0.0
36629,100068,멜론매거진이벤트,스포트라이트 하반기 결산 댓글 이벤트,2024-12-23 15:00,2025-01-06 23:59,여,10대이하,5631,4325,362,8.37,10,2.76
36629,100068,멜론매거진이벤트,스포트라이트 하반기 결산 댓글 이벤트,2024-12-23 15:00,2025-01-06 23:59,여,20대,10259,8259,562,6.8,7,1.25
36629,100068,멜론매거진이벤트,스포트라이트 하반기 결산 댓글 이벤트,2024-12-23 15:00,2025-01-06 23:59,여,30대,5811,4691,179,3.82,9,5.03
36629,100068,멜론매거진이벤트,스포트라이트 하반기 결산 댓글 이벤트,2024-12-23 15:00,2025-01-06 23:59,여,40대,6462,5121,222,4.34,1,0.45
36629,100068,멜론매거진이벤트,스포트라이트 하반기 결산 댓글 이벤트,2024-12-23 15:00,2025-01-06 23:59,여,50대,3021,2425,70,2.89,0,0.0
36629,100068,멜론매거진이벤트,스포트라이트 하반기 결산 댓글 이벤트,2024-12-23 15:00,2025-01-06 23:59,여,60대이상,990,745,17,2.28,0,0.0
36632,100068,멜론매거진이벤트,투모로우바이투게더 댓글 이벤트 ,2024-12-24 12:00,2025-01-07 23:59,남,10대이하,709,468,69,14.74,1,1.45
36632,100068,멜론매거진이벤트,투모로우바이투게더 댓글 이벤트 ,2024-12-24 12:00,2025-01-07 23:59,남,20대,1537,1301,64,4.92,3,4.69
36632,100068,멜론매거진이벤트,투모로우바이투게더 댓글 이벤트 ,2024-12-24 12:00,2025-01-07 23:59,남,30대,1487,1176,50,4.25,0,0.0
36632,100068,멜론매거진이벤트,투모로우바이투게더 댓글 이벤트 ,2024-12-24 12:00,2025-01-07 23:59,남,40대,3233,1862,323,17.35,2,0.62
36632,100068,멜론매거진이벤트,투모로우바이투게더 댓글 이벤트 ,2024-12-24 12:00,2025-01-07 23:59,남,50대,1482,899,141,15.68,0,0.0
36632,100068,멜론매거진이벤트,투모로우바이투게더 댓글 이벤트 ,2024-12-24 12:00,2025-01-07 23:59,남,60대이상,275,198,14,7.07,0,0.0
36632,100068,멜론매거진이벤트,투모로우바이투게더 댓글 이벤트 ,2024-12-24 12:00,2025-01-07 23:59,여,10대이하,10526,4324,1817,42.02,60,3.3
36632,100068,멜론매거진이벤트,투모로우바이투게더 댓글 이벤트 ,2024-12-24 12:00,2025-01-07 23:59,여,20대,6082,3642,742,20.37,30,4.04
36632,100068,멜론매거진이벤트,투모로우바이투게더 댓글 이벤트 ,2024-12-24 12:00,2025-01-07 23:59,여,30대,3950,2611,291,11.15,9,3.09
36632,100068,멜론매거진이벤트,투모로우바이투게더 댓글 이벤트 ,2024-12-24 12:00,2025-01-07 23:59,여,40대,7700,4166,851,20.43,9,1.06
36632,100068,멜론매거진이벤트,투모로우바이투게더 댓글 이벤트 ,2024-12-24 12:00,2025-01-07 23:59,여,50대,2191,1358,185,13.62,1,0.54
36632,100068,멜론매거진이벤트,투모로우바이투게더 댓글 이벤트 ,2024-12-24 12:00,2025-01-07 23:59,여,60대이상,473,354,17,4.8,0,0.0
36636,100068,멜론매거진이벤트,멜론 데이터랩 댓글 이벤트 #46,2024-12-30 12:00,2025-01-13 23:59,남,10대이하,1087,870,46,5.29,1,2.17
36636,100068,멜론매거진이벤트,멜론 데이터랩 댓글 이벤트 #46,2024-12-30 12:00,2025-01-13 23:59,남,20대,2018,1751,78,4.45,1,1.28
36636,100068,멜론매거진이벤트,멜론 데이터랩 댓글 이벤트 #46,2024-12-30 12:00,2025-01-13 23:59,남,30대,2247,1856,78,4.2,2,2.56
36636,100068,멜론매거진이벤트,멜론 데이터랩 댓글 이벤트 #46,2024-12-30 12:00,2025-01-13 23:59,남,40대,2498,1978,70,3.54,1,1.43
36636,100068,멜론매거진이벤트,멜론 데이터랩 댓글 이벤트 #46,2024-12-30 12:00,2025-01-13 23:59,남,50대,1490,1250,30,2.4,0,0.0
36636,100068,멜론매거진이벤트,멜론 데이터랩 댓글 이벤트 #46,2024-12-30 12:00,2025-01-13 23:59,남,60대이상,220,186,7,3.76,0,0.0
36636,100068,멜론매거진이벤트,멜론 데이터랩 댓글 이벤트 #46,2024-12-30 12:00,2025-01-13 23:59,여,10대이하,3218,2668,144,5.4,1,0.69
36636,100068,멜론매거진이벤트,멜론 데이터랩 댓글 이벤트 #46,2024-12-30 12:00,2025-01-13 23:59,여,20대,4948,3943,298,7.56,5,1.68
36636,100068,멜론매거진이벤트,멜론 데이터랩 댓글 이벤트 #46,2024-12-30 12:00,2025-01-13 23:59,여,30대,4093,3235,152,4.7,2,1.32
36636,100068,멜론매거진이벤트,멜론 데이터랩 댓글 이벤트 #46,2024-12-30 12:00,2025-01-13 23:59,여,40대,4820,3830,163,4.26,2,1.23
36636,100068,멜론매거진이벤트,멜론 데이터랩 댓글 이벤트 #46,2024-12-30 12:00,2025-01-13 23:59,여,50대,2097,1701,45,2.65,1,2.22
36636,100068,멜론매거진이벤트,멜론 데이터랩 댓글 이벤트 #46,2024-12-30 12:00,2025-01-13 23:59,여,60대이상,464,345,8,2.32,0,0.0
36638,100068,멜론매거진이벤트,IVE (아이브) 댓글 이벤트,2025-01-06 12:00,2025-01-20 23:59,남,10대이하,3165,1380,394,28.55,15,3.81
36638,100068,멜론매거진이벤트,IVE (아이브) 댓글 이벤트,2025-01-06 12:00,2025-01-20 23:59,남,20대,4312,2415,502,20.79,22,4.38
36638,100068,멜론매거진이벤트,IVE (아이브) 댓글 이벤트,2025-01-06 12:00,2025-01-20 23:59,남,30대,3252,1969,336,17.06,9,2.68
36638,100068,멜론매거진이벤트,IVE (아이브) 댓글 이벤트,2025-01-06 12:00,2025-01-20 23:59,남,40대,5219,2726,482,17.68,10,2.07
36638,100068,멜론매거진이벤트,IVE (아이브) 댓글 이벤트,2025-01-06 12:00,2025-01-20 23:59,남,50대,1612,991,127,12.82,1,0.79
36638,100068,멜론매거진이벤트,IVE (아이브) 댓글 이벤트,2025-01-06 12:00,2025-01-20 23:59,남,60대이상,335,205,13,6.34,2,15.38
36638,100068,멜론매거진이벤트,IVE (아이브) 댓글 이벤트,2025-01-06 12:00,2025-01-20 23:59,여,10대이하,6092,2228,516,23.16,47,9.11
36638,100068,멜론매거진이벤트,IVE (아이브) 댓글 이벤트,2025-01-06 12:00,2025-01-20 23:59,여,20대,5616,3075,417,13.56,16,3.84
36638,100068,멜론매거진이벤트,IVE (아이브) 댓글 이벤트,2025-01-06 12:00,2025-01-20 23:59,여,30대,3883,2563,258,10.07,5,1.94
36638,100068,멜론매거진이벤트,IVE (아이브) 댓글 이벤트,2025-01-06 12:00,2025-01-20 23:59,여,40대,8752,4537,703,15.49,13,1.85
36638,100068,멜론매거진이벤트,IVE (아이브) 댓글 이벤트,2025-01-06 12:00,2025-01-20 23:59,여,50대,2040,1247,151,12.11,2,1.32
36638,100068,멜론매거진이벤트,IVE (아이브) 댓글 이벤트,2025-01-06 12:00,2025-01-20 23:59,여,60대이상,594,344,20,5.81,2,10.0
36644,100068,멜론매거진이벤트,ZEROBASEONE (제로베이스원) 댓글 이벤트,2025-01-07 12:00,2025-01-21 23:59,남,10대이하,515,328,35,10.67,0,0.0
36644,100068,멜론매거진이벤트,ZEROBASEONE (제로베이스원) 댓글 이벤트,2025-01-07 12:00,2025-01-21 23:59,남,20대,1284,1047,43,4.11,0,0.0
36644,100068,멜론매거진이벤트,ZEROBASEONE (제로베이스원) 댓글 이벤트,2025-01-07 12:00,2025-01-21 23:59,남,30대,1593,1334,30,2.25,1,3.33
36644,100068,멜론매거진이벤트,ZEROBASEONE (제로베이스원) 댓글 이벤트,2025-01-07 12:00,2025-01-21 23:59,남,40대,2307,1483,146,9.84,3,2.05
36644,100068,멜론매거진이벤트,ZEROBASEONE (제로베이스원) 댓글 이벤트,2025-01-07 12:00,2025-01-21 23:59,남,50대,1219,833,79,9.48,1,1.27
36644,100068,멜론매거진이벤트,ZEROBASEONE (제로베이스원) 댓글 이벤트,2025-01-07 12:00,2025-01-21 23:59,남,60대이상,249,170,5,2.94,0,0.0
36644,100068,멜론매거진이벤트,ZEROBASEONE (제로베이스원) 댓글 이벤트,2025-01-07 12:00,2025-01-21 23:59,여,10대이하,9046,3828,1218,31.82,46,3.78
36644,100068,멜론매거진이벤트,ZEROBASEONE (제로베이스원) 댓글 이벤트,2025-01-07 12:00,2025-01-21 23:59,여,20대,7906,4116,824,20.02,21,2.55
36644,100068,멜론매거진이벤트,ZEROBASEONE (제로베이스원) 댓글 이벤트,2025-01-07 12:00,2025-01-21 23:59,여,30대,4664,2825,270,9.56,7,2.59
36644,100068,멜론매거진이벤트,ZEROBASEONE (제로베이스원) 댓글 이벤트,2025-01-07 12:00,2025-01-21 23:59,여,40대,6217,3576,492,13.76,5,1.02
36644,100068,멜론매거진이벤트,ZEROBASEONE (제로베이스원) 댓글 이벤트,2025-01-07 12:00,2025-01-21 23:59,여,50대,1859,1284,88,6.85,0,0.0
36644,100068,멜론매거진이벤트,ZEROBASEONE (제로베이스원) 댓글 이벤트,2025-01-07 12:00,2025-01-21 23:59,여,60대이상,498,364,18,4.95,0,0.0
36646,100068,멜론매거진이벤트,RIIZE 댓글 이벤트,2025-01-08 18:00,2025-01-22 23:59,남,10대이하,567,377,55,14.59,3,5.45
36646,100068,멜론매거진이벤트,RIIZE 댓글 이벤트,2025-01-08 18:00,2025-01-22 23:59,남,20대,1574,1171,87,7.43,1,1.15
36646,100068,멜론매거진이벤트,RIIZE 댓글 이벤트,2025-01-08 18:00,2025-01-22 23:59,남,30대,1607,1202,72,5.99,3,4.17
36646,100068,멜론매거진이벤트,RIIZE 댓글 이벤트,2025-01-08 18:00,2025-01-22 23:59,남,40대,2703,1468,249,16.96,4,1.61
36646,100068,멜론매거진이벤트,RIIZE 댓글 이벤트,2025-01-08 18:00,2025-01-22 23:59,남,50대,1578,881,179,20.32,1,0.56
36646,100068,멜론매거진이벤트,RIIZE 댓글 이벤트,2025-01-08 18:00,2025-01-22 23:59,남,60대이상,264,179,12,6.7,1,8.33
36646,100068,멜론매거진이벤트,RIIZE 댓글 이벤트,2025-01-08 18:00,2025-01-22 23:59,여,10대이하,13262,5152,1814,35.21,152,8.38
36646,100068,멜론매거진이벤트,RIIZE 댓글 이벤트,2025-01-08 18:00,2025-01-22 23:59,여,20대,14404,6682,1760,26.34,93,5.28
36646,100068,멜론매거진이벤트,RIIZE 댓글 이벤트,2025-01-08 18:00,2025-01-22 23:59,여,30대,7851,4159,640,15.39,32,5.0
36646,100068,멜론매거진이벤트,RIIZE 댓글 이벤트,2025-01-08 18:00,2025-01-22 23:59,여,40대,7495,3728,702,18.83,17,2.42
36646,100068,멜론매거진이벤트,RIIZE 댓글 이벤트,2025-01-08 18:00,2025-01-22 23:59,여,50대,2380,1402,213,15.19,4,1.88
36646,100068,멜론매거진이벤트,RIIZE 댓글 이벤트,2025-01-08 18:00,2025-01-22 23:59,여,60대이상,599,309,39,12.62,1,2.56
36647,100068,멜론매거진이벤트,부석순 (SEVENTEEN) 댓글 이벤트,2025-01-08 18:00,2025-01-22 23:59,남,10대이하,730,530,53,10.0,2,3.77
36647,100068,멜론매거진이벤트,부석순 (SEVENTEEN) 댓글 이벤트,2025-01-08 18:00,2025-01-22 23:59,남,20대,1503,1295,64,4.94,0,0.0
36647,100068,멜론매거진이벤트,부석순 (SEVENTEEN) 댓글 이벤트,2025-01-08 18:00,2025-01-22 23:59,남,30대,1757,1482,56,3.78,0,0.0
36647,100068,멜론매거진이벤트,부석순 (SEVENTEEN) 댓글 이벤트,2025-01-08 18:00,2025-01-22 23:59,남,40대,3056,1892,235,12.42,3,1.28
36647,100068,멜론매거진이벤트,부석순 (SEVENTEEN) 댓글 이벤트,2025-01-08 18:00,2025-01-22 23:59,남,50대,1505,943,116,12.3,3,2.59
36647,100068,멜론매거진이벤트,부석순 (SEVENTEEN) 댓글 이벤트,2025-01-08 18:00,2025-01-22 23:59,남,60대이상,337,225,9,4.0,1,11.11
36647,100068,멜론매거진이벤트,부석순 (SEVENTEEN) 댓글 이벤트,2025-01-08 18:00,2025-01-22 23:59,여,10대이하,7160,3316,1085,32.72,62,5.71
36647,100068,멜론매거진이벤트,부석순 (SEVENTEEN) 댓글 이벤트,2025-01-08 18:00,2025-01-22 23:59,여,20대,6848,4515,934,20.69,35,3.75
36647,100068,멜론매거진이벤트,부석순 (SEVENTEEN) 댓글 이벤트,2025-01-08 18:00,2025-01-22 23:59,여,30대,6056,3925,612,15.59,16,2.61
36647,100068,멜론매거진이벤트,부석순 (SEVENTEEN) 댓글 이벤트,2025-01-08 18:00,2025-01-22 23:59,여,40대,7017,4242,616,14.52,5,0.81
36647,100068,멜론매거진이벤트,부석순 (SEVENTEEN) 댓글 이벤트,2025-01-08 18:00,2025-01-22 23:59,여,50대,2031,1470,129,8.78,0,0.0
36647,100068,멜론매거진이벤트,부석순 (SEVENTEEN) 댓글 이벤트,2025-01-08 18:00,2025-01-22 23:59,여,60대이상,456,359,17,4.74,0,0.0
36648,100068,멜론매거진이벤트,BOYNEXTDOOR 댓글 이벤트,2025-01-09 18:00,2025-01-23 23:59,남,10대이하,614,346,74,21.39,1,1.35
36648,100068,멜론매거진이벤트,BOYNEXTDOOR 댓글 이벤트,2025-01-09 18:00,2025-01-23 23:59,남,20대,1043,806,78,9.68,1,1.28
36648,100068,멜론매거진이벤트,BOYNEXTDOOR 댓글 이벤트,2025-01-09 18:00,2025-01-23 23:59,남,30대,1161,865,46,5.32,0,0.0
36648,100068,멜론매거진이벤트,BOYNEXTDOOR 댓글 이벤트,2025-01-09 18:00,2025-01-23 23:59,남,40대,2936,1588,334,21.03,2,0.6
36648,100068,멜론매거진이벤트,BOYNEXTDOOR 댓글 이벤트,2025-01-09 18:00,2025-01-23 23:59,남,50대,1927,917,239,26.06,2,0.84
36648,100068,멜론매거진이벤트,BOYNEXTDOOR 댓글 이벤트,2025-01-09 18:00,2025-01-23 23:59,남,60대이상,534,151,23,15.23,1,4.35
36648,100068,멜론매거진이벤트,BOYNEXTDOOR 댓글 이벤트,2025-01-09 18:00,2025-01-23 23:59,여,10대이하,16542,5674,2540,44.77,91,3.58
36648,100068,멜론매거진이벤트,BOYNEXTDOOR 댓글 이벤트,2025-01-09 18:00,2025-01-23 23:59,여,20대,10535,4258,1575,36.99,40,2.54
36648,100068,멜론매거진이벤트,BOYNEXTDOOR 댓글 이벤트,2025-01-09 18:00,2025-01-23 23:59,여,30대,2709,1751,211,12.05,2,0.95
36648,100068,멜론매거진이벤트,BOYNEXTDOOR 댓글 이벤트,2025-01-09 18:00,2025-01-23 23:59,여,40대,7112,3399,813,23.92,14,1.72
36648,100068,멜론매거진이벤트,BOYNEXTDOOR 댓글 이벤트,2025-01-09 18:00,2025-01-23 23:59,여,50대,2449,1195,263,22.01,2,0.76
36648,100068,멜론매거진이벤트,BOYNEXTDOOR 댓글 이벤트,2025-01-09 18:00,2025-01-23 23:59,여,60대이상,410,266,24,9.02,0,0.0
36650,100068,멜론매거진이벤트,KickFlip(킥플립) 댓글 이벤트 #1,2025-01-10 12:00,2025-01-15 23:59,남,10대이하,428,296,13,4.39,1,7.69
36650,100068,멜론매거진이벤트,KickFlip(킥플립) 댓글 이벤트 #1,2025-01-10 12:00,2025-01-15 23:59,남,20대,845,711,14,1.97,1,7.14
36650,100068,멜론매거진이벤트,KickFlip(킥플립) 댓글 이벤트 #1,2025-01-10 12:00,2025-01-15 23:59,남,30대,1049,893,11,1.23,0,0.0
36650,100068,멜론매거진이벤트,KickFlip(킥플립) 댓글 이벤트 #1,2025-01-10 12:00,2025-01-15 23:59,남,40대,1480,954,33,3.46,0,0.0
36650,100068,멜론매거진이벤트,KickFlip(킥플립) 댓글 이벤트 #1,2025-01-10 12:00,2025-01-15 23:59,남,50대,684,490,26,5.31,1,3.85
36650,100068,멜론매거진이벤트,KickFlip(킥플립) 댓글 이벤트 #1,2025-01-10 12:00,2025-01-15 23:59,남,60대이상,191,155,4,2.58,0,0.0
36650,100068,멜론매거진이벤트,KickFlip(킥플립) 댓글 이벤트 #1,2025-01-10 12:00,2025-01-15 23:59,여,10대이하,5002,2934,550,18.75,31,5.64
36650,100068,멜론매거진이벤트,KickFlip(킥플립) 댓글 이벤트 #1,2025-01-10 12:00,2025-01-15 23:59,여,20대,4653,2900,686,23.66,19,2.77
36650,100068,멜론매거진이벤트,KickFlip(킥플립) 댓글 이벤트 #1,2025-01-10 12:00,2025-01-15 23:59,여,30대,2866,2010,214,10.65,3,1.4
36650,100068,멜론매거진이벤트,KickFlip(킥플립) 댓글 이벤트 #1,2025-01-10 12:00,2025-01-15 23:59,여,40대,3252,2208,181,8.2,3,1.66
36650,100068,멜론매거진이벤트,KickFlip(킥플립) 댓글 이벤트 #1,2025-01-10 12:00,2025-01-15 23:59,여,50대,1167,836,63,7.54,0,0.0
36650,100068,멜론매거진이벤트,KickFlip(킥플립) 댓글 이벤트 #1,2025-01-10 12:00,2025-01-15 23:59,여,60대이상,329,251,6,2.39,0,0.0
36652,100068,멜론매거진이벤트,다비치 댓글 이벤트,2025-01-14 12:00,2025-01-28 23:59,남,10대이하,439,375,21,5.6,0,0.0
36652,100068,멜론매거진이벤트,다비치 댓글 이벤트,2025-01-14 12:00,2025-01-28 23:59,남,20대,2140,1778,106,5.96,3,2.83
36652,100068,멜론매거진이벤트,다비치 댓글 이벤트,2025-01-14 12:00,2025-01-28 23:59,남,30대,3224,2613,239,9.15,3,1.26
36652,100068,멜론매거진이벤트,다비치 댓글 이벤트,2025-01-14 12:00,2025-01-28 23:59,남,40대,2369,1876,93,4.96,1,1.08
36652,100068,멜론매거진이벤트,다비치 댓글 이벤트,2025-01-14 12:00,2025-01-28 23:59,남,50대,1071,827,21,2.54,0,0.0
36652,100068,멜론매거진이벤트,다비치 댓글 이벤트,2025-01-14 12:00,2025-01-28 23:59,남,60대이상,437,326,8,2.45,0,0.0
36652,100068,멜론매거진이벤트,다비치 댓글 이벤트,2025-01-14 12:00,2025-01-28 23:59,여,10대이하,1104,884,71,8.03,2,2.82
36652,100068,멜론매거진이벤트,다비치 댓글 이벤트,2025-01-14 12:00,2025-01-28 23:59,여,20대,4586,3695,211,5.71,6,2.84
36652,100068,멜론매거진이벤트,다비치 댓글 이벤트,2025-01-14 12:00,2025-01-28 23:59,여,30대,5343,4527,229,5.06,1,0.44
36652,100068,멜론매거진이벤트,다비치 댓글 이벤트,2025-01-14 12:00,2025-01-28 23:59,여,40대,3834,3251,60,1.85,0,0.0
36652,100068,멜론매거진이벤트,다비치 댓글 이벤트,2025-01-14 12:00,2025-01-28 23:59,여,50대,1731,1330,42,3.16,0,0.0
36652,100068,멜론매거진이벤트,다비치 댓글 이벤트,2025-01-14 12:00,2025-01-28 23:59,여,60대이상,526,434,14,3.23,0,0.0
36653,100068,멜론매거진이벤트,여자친구 (GFRIEND) 댓글 이벤트,2025-01-13 18:00,2025-01-27 23:59,남,10대이하,739,356,92,25.84,2,2.17
36653,100068,멜론매거진이벤트,여자친구 (GFRIEND) 댓글 이벤트,2025-01-13 18:00,2025-01-27 23:59,남,20대,1317,723,169,23.37,6,3.55
36653,100068,멜론매거진이벤트,여자친구 (GFRIEND) 댓글 이벤트,2025-01-13 18:00,2025-01-27 23:59,남,30대,808,556,107,19.24,3,2.8
36653,100068,멜론매거진이벤트,여자친구 (GFRIEND) 댓글 이벤트,2025-01-13 18:00,2025-01-27 23:59,남,40대,907,566,78,13.78,0,0.0
36653,100068,멜론매거진이벤트,여자친구 (GFRIEND) 댓글 이벤트,2025-01-13 18:00,2025-01-27 23:59,남,50대,448,259,47,18.15,0,0.0
36653,100068,멜론매거진이벤트,여자친구 (GFRIEND) 댓글 이벤트,2025-01-13 18:00,2025-01-27 23:59,남,60대이상,67,47,2,4.26,0,0.0
36653,100068,멜론매거진이벤트,여자친구 (GFRIEND) 댓글 이벤트,2025-01-13 18:00,2025-01-27 23:59,여,10대이하,2001,1031,307,29.78,11,3.58
36653,100068,멜론매거진이벤트,여자친구 (GFRIEND) 댓글 이벤트,2025-01-13 18:00,2025-01-27 23:59,여,20대,1868,1051,188,17.89,8,4.26
36653,100068,멜론매거진이벤트,여자친구 (GFRIEND) 댓글 이벤트,2025-01-13 18:00,2025-01-27 23:59,여,30대,872,643,45,7.0,1,2.22
36653,100068,멜론매거진이벤트,여자친구 (GFRIEND) 댓글 이벤트,2025-01-13 18:00,2025-01-27 23:59,여,40대,1588,1005,112,11.14,0,0.0
36653,100068,멜론매거진이벤트,여자친구 (GFRIEND) 댓글 이벤트,2025-01-13 18:00,2025-01-27 23:59,여,50대,540,331,51,15.41,1,1.96
36653,100068,멜론매거진이벤트,여자친구 (GFRIEND) 댓글 이벤트,2025-01-13 18:00,2025-01-27 23:59,여,60대이상,114,73,6,8.22,0,0.0
36655,100068,멜론매거진이벤트,멜론 데이터랩 댓글 이벤트 #47,2025-01-15 12:00,2025-01-29 23:59,남,10대이하,967,687,54,7.86,2,3.7
36655,100068,멜론매거진이벤트,멜론 데이터랩 댓글 이벤트 #47,2025-01-15 12:00,2025-01-29 23:59,남,20대,2011,1667,78,4.68,1,1.28
36655,100068,멜론매거진이벤트,멜론 데이터랩 댓글 이벤트 #47,2025-01-15 12:00,2025-01-29 23:59,남,30대,2574,2119,94,4.44,2,2.13
36655,100068,멜론매거진이벤트,멜론 데이터랩 댓글 이벤트 #47,2025-01-15 12:00,2025-01-29 23:59,남,40대,3480,2683,127,4.73,4,3.15
36655,100068,멜론매거진이벤트,멜론 데이터랩 댓글 이벤트 #47,2025-01-15 12:00,2025-01-29 23:59,남,50대,2165,1541,87,5.65,1,1.15
36655,100068,멜론매거진이벤트,멜론 데이터랩 댓글 이벤트 #47,2025-01-15 12:00,2025-01-29 23:59,남,60대이상,1492,990,18,1.82,0,0.0
36655,100068,멜론매거진이벤트,멜론 데이터랩 댓글 이벤트 #47,2025-01-15 12:00,2025-01-29 23:59,여,10대이하,6945,5241,576,10.99,5,0.87
36655,100068,멜론매거진이벤트,멜론 데이터랩 댓글 이벤트 #47,2025-01-15 12:00,2025-01-29 23:59,여,20대,6952,5476,638,11.65,9,1.41
36655,100068,멜론매거진이벤트,멜론 데이터랩 댓글 이벤트 #47,2025-01-15 12:00,2025-01-29 23:59,여,30대,4911,3843,286,7.44,2,0.7
36655,100068,멜론매거진이벤트,멜론 데이터랩 댓글 이벤트 #47,2025-01-15 12:00,2025-01-29 23:59,여,40대,6484,4789,257,5.37,0,0.0
36655,100068,멜론매거진이벤트,멜론 데이터랩 댓글 이벤트 #47,2025-01-15 12:00,2025-01-29 23:59,여,50대,2706,2056,84,4.09,1,1.19
36655,100068,멜론매거진이벤트,멜론 데이터랩 댓글 이벤트 #47,2025-01-15 12:00,2025-01-29 23:59,여,60대이상,1726,1238,38,3.07,0,0.0
36661,100068,멜론매거진이벤트,영화 '말할 수 없는 비밀' 댓글 이벤트,2025-01-21 19:00,2025-01-30 23:59,남,10대이하,577,463,29,6.26,1,3.45
36661,100068,멜론매거진이벤트,영화 '말할 수 없는 비밀' 댓글 이벤트,2025-01-21 19:00,2025-01-30 23:59,남,20대,2496,2163,83,3.84,2,2.41
36661,100068,멜론매거진이벤트,영화 '말할 수 없는 비밀' 댓글 이벤트,2025-01-21 19:00,2025-01-30 23:59,남,30대,3250,2644,127,4.8,2,1.57
36661,100068,멜론매거진이벤트,영화 '말할 수 없는 비밀' 댓글 이벤트,2025-01-21 19:00,2025-01-30 23:59,남,40대,3092,2419,84,3.47,0,0.0
36661,100068,멜론매거진이벤트,영화 '말할 수 없는 비밀' 댓글 이벤트,2025-01-21 19:00,2025-01-30 23:59,남,50대,1209,981,40,4.08,0,0.0
36661,100068,멜론매거진이벤트,영화 '말할 수 없는 비밀' 댓글 이벤트,2025-01-21 19:00,2025-01-30 23:59,남,60대이상,333,249,5,2.01,0,0.0
36661,100068,멜론매거진이벤트,영화 '말할 수 없는 비밀' 댓글 이벤트,2025-01-21 19:00,2025-01-30 23:59,여,10대이하,2455,1543,255,16.53,14,5.49
36661,100068,멜론매거진이벤트,영화 '말할 수 없는 비밀' 댓글 이벤트,2025-01-21 19:00,2025-01-30 23:59,여,20대,5839,4474,466,10.42,8,1.72
36661,100068,멜론매거진이벤트,영화 '말할 수 없는 비밀' 댓글 이벤트,2025-01-21 19:00,2025-01-30 23:59,여,30대,5604,4389,251,5.72,5,1.99
36661,100068,멜론매거진이벤트,영화 '말할 수 없는 비밀' 댓글 이벤트,2025-01-21 19:00,2025-01-30 23:59,여,40대,6588,4893,226,4.62,2,0.88
36661,100068,멜론매거진이벤트,영화 '말할 수 없는 비밀' 댓글 이벤트,2025-01-21 19:00,2025-01-30 23:59,여,50대,2211,1609,95,5.9,1,1.05
36661,100068,멜론매거진이벤트,영화 '말할 수 없는 비밀' 댓글 이벤트,2025-01-21 19:00,2025-01-30 23:59,여,60대이상,537,394,13,3.3,1,7.69
36663,100068,멜론매거진이벤트,조성진 댓글 이벤트 ,2025-01-17 12:00,2025-01-31 23:59,남,10대이하,172,137,13,9.49,0,0.0
36663,100068,멜론매거진이벤트,조성진 댓글 이벤트 ,2025-01-17 12:00,2025-01-31 23:59,남,20대,487,392,19,4.85,0,0.0
36663,100068,멜론매거진이벤트,조성진 댓글 이벤트 ,2025-01-17 12:00,2025-01-31 23:59,남,30대,614,498,35,7.03,0,0.0
36663,100068,멜론매거진이벤트,조성진 댓글 이벤트 ,2025-01-17 12:00,2025-01-31 23:59,남,40대,678,507,40,7.89,0,0.0
36663,100068,멜론매거진이벤트,조성진 댓글 이벤트 ,2025-01-17 12:00,2025-01-31 23:59,남,50대,453,340,24,7.06,0,0.0
36663,100068,멜론매거진이벤트,조성진 댓글 이벤트 ,2025-01-17 12:00,2025-01-31 23:59,남,60대이상,127,91,5,5.49,0,0.0
36663,100068,멜론매거진이벤트,조성진 댓글 이벤트 ,2025-01-17 12:00,2025-01-31 23:59,여,10대이하,456,323,33,10.22,0,0.0
36663,100068,멜론매거진이벤트,조성진 댓글 이벤트 ,2025-01-17 12:00,2025-01-31 23:59,여,20대,1390,1014,123,12.13,3,2.44
36663,100068,멜론매거진이벤트,조성진 댓글 이벤트 ,2025-01-17 12:00,2025-01-31 23:59,여,30대,1918,1311,146,11.14,1,0.68
36663,100068,멜론매거진이벤트,조성진 댓글 이벤트 ,2025-01-17 12:00,2025-01-31 23:59,여,40대,2091,1473,106,7.2,2,1.89
36663,100068,멜론매거진이벤트,조성진 댓글 이벤트 ,2025-01-17 12:00,2025-01-31 23:59,여,50대,1156,729,58,7.96,2,3.45
36663,100068,멜론매거진이벤트,조성진 댓글 이벤트 ,2025-01-17 12:00,2025-01-31 23:59,여,60대이상,205,142,11,7.75,0,0.0
36665,100068,멜론매거진이벤트,KickFlip(킥플립) 댓글 이벤트 #2,2025-01-20 18:00,2025-02-03 23:59,남,10대이하,655,464,21,4.53,1,4.76
36665,100068,멜론매거진이벤트,KickFlip(킥플립) 댓글 이벤트 #2,2025-01-20 18:00,2025-02-03 23:59,남,20대,1358,1142,13,1.14,0,0.0
36665,100068,멜론매거진이벤트,KickFlip(킥플립) 댓글 이벤트 #2,2025-01-20 18:00,2025-02-03 23:59,남,30대,1700,1424,7,0.49,0,0.0
36665,100068,멜론매거진이벤트,KickFlip(킥플립) 댓글 이벤트 #2,2025-01-20 18:00,2025-02-03 23:59,남,40대,2057,1461,37,2.53,0,0.0
36665,100068,멜론매거진이벤트,KickFlip(킥플립) 댓글 이벤트 #2,2025-01-20 18:00,2025-02-03 23:59,남,50대,1102,780,28,3.59,0,0.0
36665,100068,멜론매거진이벤트,KickFlip(킥플립) 댓글 이벤트 #2,2025-01-20 18:00,2025-02-03 23:59,남,60대이상,291,222,2,0.9,0,0.0
36665,100068,멜론매거진이벤트,KickFlip(킥플립) 댓글 이벤트 #2,2025-01-20 18:00,2025-02-03 23:59,여,10대이하,5684,2884,477,16.54,22,4.61
36665,100068,멜론매거진이벤트,KickFlip(킥플립) 댓글 이벤트 #2,2025-01-20 18:00,2025-02-03 23:59,여,20대,5130,3378,370,10.95,14,3.78
36665,100068,멜론매거진이벤트,KickFlip(킥플립) 댓글 이벤트 #2,2025-01-20 18:00,2025-02-03 23:59,여,30대,3451,2705,80,2.96,7,8.75
36665,100068,멜론매거진이벤트,KickFlip(킥플립) 댓글 이벤트 #2,2025-01-20 18:00,2025-02-03 23:59,여,40대,4200,3096,124,4.01,1,0.81
36665,100068,멜론매거진이벤트,KickFlip(킥플립) 댓글 이벤트 #2,2025-01-20 18:00,2025-02-03 23:59,여,50대,1645,1213,47,3.87,0,0.0
36665,100068,멜론매거진이벤트,KickFlip(킥플립) 댓글 이벤트 #2,2025-01-20 18:00,2025-02-03 23:59,여,60대이상,481,364,7,1.92,0,0.0
36666,100068,멜론매거진이벤트,SMTOWN 댓글 이벤트 #2,2025-01-20 14:00,2025-02-03 23:59,남,10대이하,1305,893,99,11.09,2,2.02
36666,100068,멜론매거진이벤트,SMTOWN 댓글 이벤트 #2,2025-01-20 14:00,2025-02-03 23:59,남,20대,1935,1563,93,5.95,3,3.23
36666,100068,멜론매거진이벤트,SMTOWN 댓글 이벤트 #2,2025-01-20 14:00,2025-02-03 23:59,남,30대,2235,1805,90,4.99,0,0.0
36666,100068,멜론매거진이벤트,SMTOWN 댓글 이벤트 #2,2025-01-20 14:00,2025-02-03 23:59,남,40대,2500,1735,153,8.82,1,0.65
36666,100068,멜론매거진이벤트,SMTOWN 댓글 이벤트 #2,2025-01-20 14:00,2025-02-03 23:59,남,50대,1392,989,103,10.41,0,0.0
36666,100068,멜론매거진이벤트,SMTOWN 댓글 이벤트 #2,2025-01-20 14:00,2025-02-03 23:59,남,60대이상,257,213,6,2.82,0,0.0
36666,100068,멜론매거진이벤트,SMTOWN 댓글 이벤트 #2,2025-01-20 14:00,2025-02-03 23:59,여,10대이하,9098,5715,1213,21.22,41,3.38
36666,100068,멜론매거진이벤트,SMTOWN 댓글 이벤트 #2,2025-01-20 14:00,2025-02-03 23:59,여,20대,8179,5892,884,15.0,20,2.26
36666,100068,멜론매거진이벤트,SMTOWN 댓글 이벤트 #2,2025-01-20 14:00,2025-02-03 23:59,여,30대,5669,3906,316,8.09,5,1.58
36666,100068,멜론매거진이벤트,SMTOWN 댓글 이벤트 #2,2025-01-20 14:00,2025-02-03 23:59,여,40대,5580,3872,371,9.58,1,0.27
36666,100068,멜론매거진이벤트,SMTOWN 댓글 이벤트 #2,2025-01-20 14:00,2025-02-03 23:59,여,50대,1851,1385,122,8.81,2,1.64
36666,100068,멜론매거진이벤트,SMTOWN 댓글 이벤트 #2,2025-01-20 14:00,2025-02-03 23:59,여,60대이상,454,361,16,4.43,0,0.0
36668,100068,멜론매거진이벤트,ZEROBASEONE (제로베이스원) 댓글 이벤트,2025-01-20 18:00,2025-02-03 23:59,남,10대이하,129,78,19,24.36,0,0.0
36668,100068,멜론매거진이벤트,ZEROBASEONE (제로베이스원) 댓글 이벤트,2025-01-20 18:00,2025-02-03 23:59,남,20대,285,206,25,12.14,3,12.0
36668,100068,멜론매거진이벤트,ZEROBASEONE (제로베이스원) 댓글 이벤트,2025-01-20 18:00,2025-02-03 23:59,남,30대,416,348,16,4.6,0,0.0
36668,100068,멜론매거진이벤트,ZEROBASEONE (제로베이스원) 댓글 이벤트,2025-01-20 18:00,2025-02-03 23:59,남,40대,962,479,93,19.42,1,1.08
36668,100068,멜론매거진이벤트,ZEROBASEONE (제로베이스원) 댓글 이벤트,2025-01-20 18:00,2025-02-03 23:59,남,50대,415,251,55,21.91,0,0.0
36668,100068,멜론매거진이벤트,ZEROBASEONE (제로베이스원) 댓글 이벤트,2025-01-20 18:00,2025-02-03 23:59,남,60대이상,84,50,7,14.0,0,0.0
36668,100068,멜론매거진이벤트,ZEROBASEONE (제로베이스원) 댓글 이벤트,2025-01-20 18:00,2025-02-03 23:59,여,10대이하,4391,1628,725,44.53,56,7.72
36668,100068,멜론매거진이벤트,ZEROBASEONE (제로베이스원) 댓글 이벤트,2025-01-20 18:00,2025-02-03 23:59,여,20대,2923,1318,442,33.54,21,4.75
36668,100068,멜론매거진이벤트,ZEROBASEONE (제로베이스원) 댓글 이벤트,2025-01-20 18:00,2025-02-03 23:59,여,30대,1553,880,159,18.07,10,6.29
36668,100068,멜론매거진이벤트,ZEROBASEONE (제로베이스원) 댓글 이벤트,2025-01-20 18:00,2025-02-03 23:59,여,40대,2519,1163,268,23.04,12,4.48
36668,100068,멜론매거진이벤트,ZEROBASEONE (제로베이스원) 댓글 이벤트,2025-01-20 18:00,2025-02-03 23:59,여,50대,779,383,66,17.23,2,3.03
36668,100068,멜론매거진이벤트,ZEROBASEONE (제로베이스원) 댓글 이벤트,2025-01-20 18:00,2025-02-03 23:59,여,60대이상,131,102,12,11.76,0,0.0
36669,100068,멜론매거진이벤트,민니 댓글 이벤트,2025-01-21 18:00,2025-02-04 23:59,남,10대이하,969,632,77,12.18,0,0.0
36669,100068,멜론매거진이벤트,민니 댓글 이벤트,2025-01-21 18:00,2025-02-04 23:59,남,20대,2002,1503,88,5.85,4,4.55
36669,100068,멜론매거진이벤트,민니 댓글 이벤트,2025-01-21 18:00,2025-02-04 23:59,남,30대,1914,1486,68,4.58,2,2.94
36669,100068,멜론매거진이벤트,민니 댓글 이벤트,2025-01-21 18:00,2025-02-04 23:59,남,40대,2025,1458,76,5.21,1,1.32
36669,100068,멜론매거진이벤트,민니 댓글 이벤트,2025-01-21 18:00,2025-02-04 23:59,남,50대,1003,741,35,4.72,0,0.0
36669,100068,멜론매거진이벤트,민니 댓글 이벤트,2025-01-21 18:00,2025-02-04 23:59,남,60대이상,298,215,3,1.4,0,0.0
36669,100068,멜론매거진이벤트,민니 댓글 이벤트,2025-01-21 18:00,2025-02-04 23:59,여,10대이하,1820,1144,162,14.16,3,1.85
36669,100068,멜론매거진이벤트,민니 댓글 이벤트,2025-01-21 18:00,2025-02-04 23:59,여,20대,3274,2391,136,5.69,9,6.62
36669,100068,멜론매거진이벤트,민니 댓글 이벤트,2025-01-21 18:00,2025-02-04 23:59,여,30대,2560,2114,49,2.32,2,4.08
36669,100068,멜론매거진이벤트,민니 댓글 이벤트,2025-01-21 18:00,2025-02-04 23:59,여,40대,3540,2555,123,4.81,0,0.0
36669,100068,멜론매거진이벤트,민니 댓글 이벤트,2025-01-21 18:00,2025-02-04 23:59,여,50대,1442,1017,33,3.24,0,0.0
36669,100068,멜론매거진이벤트,민니 댓글 이벤트,2025-01-21 18:00,2025-02-04 23:59,여,60대이상,451,329,5,1.52,0,0.0
36672,100068,멜론매거진이벤트,NCT WISH 댓글 이벤트,2025-01-22 18:00,2025-02-05 23:59,남,10대이하,917,619,52,8.4,3,5.77
36672,100068,멜론매거진이벤트,NCT WISH 댓글 이벤트,2025-01-22 18:00,2025-02-05 23:59,남,20대,2445,1865,64,3.43,2,3.13
36672,100068,멜론매거진이벤트,NCT WISH 댓글 이벤트,2025-01-22 18:00,2025-02-05 23:59,남,30대,2546,2160,41,1.9,0,0.0
36672,100068,멜론매거진이벤트,NCT WISH 댓글 이벤트,2025-01-22 18:00,2025-02-05 23:59,남,40대,3661,2251,203,9.02,2,0.99
36672,100068,멜론매거진이벤트,NCT WISH 댓글 이벤트,2025-01-22 18:00,2025-02-05 23:59,남,50대,2805,1529,199,13.02,2,1.01
36672,100068,멜론매거진이벤트,NCT WISH 댓글 이벤트,2025-01-22 18:00,2025-02-05 23:59,남,60대이상,487,354,20,5.65,1,5.0
36672,100068,멜론매거진이벤트,NCT WISH 댓글 이벤트,2025-01-22 18:00,2025-02-05 23:59,여,10대이하,20495,6547,1990,30.4,202,10.15
36672,100068,멜론매거진이벤트,NCT WISH 댓글 이벤트,2025-01-22 18:00,2025-02-05 23:59,여,20대,21675,8824,1969,22.31,205,10.41
36672,100068,멜론매거진이벤트,NCT WISH 댓글 이벤트,2025-01-22 18:00,2025-02-05 23:59,여,30대,8814,4703,405,8.61,29,7.16
36672,100068,멜론매거진이벤트,NCT WISH 댓글 이벤트,2025-01-22 18:00,2025-02-05 23:59,여,40대,9074,5055,606,11.99,9,1.49
36672,100068,멜론매거진이벤트,NCT WISH 댓글 이벤트,2025-01-22 18:00,2025-02-05 23:59,여,50대,3893,2131,239,11.22,4,1.67
36672,100068,멜론매거진이벤트,NCT WISH 댓글 이벤트,2025-01-22 18:00,2025-02-05 23:59,여,60대이상,844,610,28,4.59,3,10.71
36677,100068,멜론매거진이벤트,Bruno Mars 댓글 이벤트,2025-01-24 15:00,2025-02-07 23:59,남,10대이하,1520,1142,73,6.39,1,1.37
36677,100068,멜론매거진이벤트,Bruno Mars 댓글 이벤트,2025-01-24 15:00,2025-02-07 23:59,남,20대,3457,2926,82,2.8,1,1.22
36677,100068,멜론매거진이벤트,Bruno Mars 댓글 이벤트,2025-01-24 15:00,2025-02-07 23:59,남,30대,4416,3577,115,3.21,0,0.0
36677,100068,멜론매거진이벤트,Bruno Mars 댓글 이벤트,2025-01-24 15:00,2025-02-07 23:59,남,40대,4802,3625,72,1.99,0,0.0
36677,100068,멜론매거진이벤트,Bruno Mars 댓글 이벤트,2025-01-24 15:00,2025-02-07 23:59,남,50대,2120,1696,34,2.0,0,0.0
36677,100068,멜론매거진이벤트,Bruno Mars 댓글 이벤트,2025-01-24 15:00,2025-02-07 23:59,남,60대이상,555,452,7,1.55,0,0.0
36677,100068,멜론매거진이벤트,Bruno Mars 댓글 이벤트,2025-01-24 15:00,2025-02-07 23:59,여,10대이하,2213,1821,151,8.29,1,0.66
36677,100068,멜론매거진이벤트,Bruno Mars 댓글 이벤트,2025-01-24 15:00,2025-02-07 23:59,여,20대,5499,4820,142,2.95,5,3.52
36677,100068,멜론매거진이벤트,Bruno Mars 댓글 이벤트,2025-01-24 15:00,2025-02-07 23:59,여,30대,6806,5714,110,1.93,1,0.91
36677,100068,멜론매거진이벤트,Bruno Mars 댓글 이벤트,2025-01-24 15:00,2025-02-07 23:59,여,40대,8942,6879,152,2.21,2,1.32
36677,100068,멜론매거진이벤트,Bruno Mars 댓글 이벤트,2025-01-24 15:00,2025-02-07 23:59,여,50대,3485,2755,45,1.63,0,0.0
36677,100068,멜론매거진이벤트,Bruno Mars 댓글 이벤트,2025-01-24 15:00,2025-02-07 23:59,여,60대이상,945,750,9,1.2,0,0.0
36679,100068,멜론매거진이벤트,SM CLASSICS 댓글 이벤트,2025-01-24 18:00,2025-02-03 23:59,남,10대이하,642,518,31,5.98,0,0.0
36679,100068,멜론매거진이벤트,SM CLASSICS 댓글 이벤트,2025-01-24 18:00,2025-02-03 23:59,남,20대,1692,1442,43,2.98,0,0.0
36679,100068,멜론매거진이벤트,SM CLASSICS 댓글 이벤트,2025-01-24 18:00,2025-02-03 23:59,남,30대,2256,1810,61,3.37,1,1.64
36679,100068,멜론매거진이벤트,SM CLASSICS 댓글 이벤트,2025-01-24 18:00,2025-02-03 23:59,남,40대,2025,1586,44,2.77,0,0.0
36679,100068,멜론매거진이벤트,SM CLASSICS 댓글 이벤트,2025-01-24 18:00,2025-02-03 23:59,남,50대,1160,885,37,4.18,0,0.0
36679,100068,멜론매거진이벤트,SM CLASSICS 댓글 이벤트,2025-01-24 18:00,2025-02-03 23:59,남,60대이상,386,318,3,0.94,0,0.0
36679,100068,멜론매거진이벤트,SM CLASSICS 댓글 이벤트,2025-01-24 18:00,2025-02-03 23:59,여,10대이하,2411,1771,129,7.28,1,0.78
36679,100068,멜론매거진이벤트,SM CLASSICS 댓글 이벤트,2025-01-24 18:00,2025-02-03 23:59,여,20대,4272,3364,218,6.48,4,1.83
36679,100068,멜론매거진이벤트,SM CLASSICS 댓글 이벤트,2025-01-24 18:00,2025-02-03 23:59,여,30대,4096,3075,167,5.43,0,0.0
36679,100068,멜론매거진이벤트,SM CLASSICS 댓글 이벤트,2025-01-24 18:00,2025-02-03 23:59,여,40대,3506,2787,111,3.98,0,0.0
36679,100068,멜론매거진이벤트,SM CLASSICS 댓글 이벤트,2025-01-24 18:00,2025-02-03 23:59,여,50대,1593,1292,41,3.17,0,0.0
36679,100068,멜론매거진이벤트,SM CLASSICS 댓글 이벤트,2025-01-24 18:00,2025-02-03 23:59,여,60대이상,552,413,5,1.21,1,20.0
36682,100068,멜론매거진이벤트,The Weeknd 댓글 이벤트,2025-01-31 18:00,2025-02-14 23:59,남,10대이하,1055,680,58,8.53,2,3.45
36682,100068,멜론매거진이벤트,The Weeknd 댓글 이벤트,2025-01-31 18:00,2025-02-14 23:59,남,20대,2451,2054,73,3.55,3,4.11
36682,100068,멜론매거진이벤트,The Weeknd 댓글 이벤트,2025-01-31 18:00,2025-02-14 23:59,남,30대,2592,2117,58,2.74,1,1.72
36682,100068,멜론매거진이벤트,The Weeknd 댓글 이벤트,2025-01-31 18:00,2025-02-14 23:59,남,40대,2189,1640,37,2.26,0,0.0
36682,100068,멜론매거진이벤트,The Weeknd 댓글 이벤트,2025-01-31 18:00,2025-02-14 23:59,남,50대,1118,890,24,2.7,0,0.0
36682,100068,멜론매거진이벤트,The Weeknd 댓글 이벤트,2025-01-31 18:00,2025-02-14 23:59,남,60대이상,325,267,4,1.5,0,0.0
36682,100068,멜론매거진이벤트,The Weeknd 댓글 이벤트,2025-01-31 18:00,2025-02-14 23:59,여,10대이하,1177,964,45,4.67,1,2.22
36682,100068,멜론매거진이벤트,The Weeknd 댓글 이벤트,2025-01-31 18:00,2025-02-14 23:59,여,20대,3144,2716,73,2.69,2,2.74
36682,100068,멜론매거진이벤트,The Weeknd 댓글 이벤트,2025-01-31 18:00,2025-02-14 23:59,여,30대,3687,3147,51,1.62,0,0.0
36682,100068,멜론매거진이벤트,The Weeknd 댓글 이벤트,2025-01-31 18:00,2025-02-14 23:59,여,40대,3849,3021,73,2.42,3,4.11
36682,100068,멜론매거진이벤트,The Weeknd 댓글 이벤트,2025-01-31 18:00,2025-02-14 23:59,여,50대,1918,1504,30,1.99,0,0.0
36682,100068,멜론매거진이벤트,The Weeknd 댓글 이벤트,2025-01-31 18:00,2025-02-14 23:59,여,60대이상,601,482,6,1.24,0,0.0
36685,100068,멜론매거진이벤트,IVE (아이브) 댓글 이벤트,2025-02-03 18:00,2025-02-17 23:59,남,10대이하,4112,1851,445,24.04,22,4.94
36685,100068,멜론매거진이벤트,IVE (아이브) 댓글 이벤트,2025-02-03 18:00,2025-02-17 23:59,남,20대,6049,3860,504,13.06,14,2.78
36685,100068,멜론매거진이벤트,IVE (아이브) 댓글 이벤트,2025-02-03 18:00,2025-02-17 23:59,남,30대,6167,4219,408,9.67,3,0.74
36685,100068,멜론매거진이벤트,IVE (아이브) 댓글 이벤트,2025-02-03 18:00,2025-02-17 23:59,남,40대,10347,5077,758,14.93,9,1.19
36685,100068,멜론매거진이벤트,IVE (아이브) 댓글 이벤트,2025-02-03 18:00,2025-02-17 23:59,남,50대,2963,1767,180,10.19,3,1.67
36685,100068,멜론매거진이벤트,IVE (아이브) 댓글 이벤트,2025-02-03 18:00,2025-02-17 23:59,남,60대이상,632,418,20,4.78,0,0.0
36685,100068,멜론매거진이벤트,IVE (아이브) 댓글 이벤트,2025-02-03 18:00,2025-02-17 23:59,여,10대이하,8283,3844,822,21.38,40,4.87
36685,100068,멜론매거진이벤트,IVE (아이브) 댓글 이벤트,2025-02-03 18:00,2025-02-17 23:59,여,20대,8867,6607,522,7.9,19,3.64
36685,100068,멜론매거진이벤트,IVE (아이브) 댓글 이벤트,2025-02-03 18:00,2025-02-17 23:59,여,30대,9750,6761,501,7.41,10,2.0
36685,100068,멜론매거진이벤트,IVE (아이브) 댓글 이벤트,2025-02-03 18:00,2025-02-17 23:59,여,40대,18768,8794,1249,14.2,12,0.96
36685,100068,멜론매거진이벤트,IVE (아이브) 댓글 이벤트,2025-02-03 18:00,2025-02-17 23:59,여,50대,3759,2473,193,7.8,1,0.52
36685,100068,멜론매거진이벤트,IVE (아이브) 댓글 이벤트,2025-02-03 18:00,2025-02-17 23:59,여,60대이상,1048,695,42,6.04,2,4.76
36688,100068,멜론매거진이벤트,RESCENE (리센느) 댓글 이벤트,2025-02-05 18:00,2025-02-19 23:59,남,10대이하,1029,776,41,5.28,0,0.0
36688,100068,멜론매거진이벤트,RESCENE (리센느) 댓글 이벤트,2025-02-05 18:00,2025-02-19 23:59,남,20대,2750,2311,60,2.6,0,0.0
36688,100068,멜론매거진이벤트,RESCENE (리센느) 댓글 이벤트,2025-02-05 18:00,2025-02-19 23:59,남,30대,3369,2832,63,2.22,2,3.17
36688,100068,멜론매거진이벤트,RESCENE (리센느) 댓글 이벤트,2025-02-05 18:00,2025-02-19 23:59,남,40대,3470,2539,66,2.6,1,1.52
36688,100068,멜론매거진이벤트,RESCENE (리센느) 댓글 이벤트,2025-02-05 18:00,2025-02-19 23:59,남,50대,1383,1120,23,2.05,0,0.0
36688,100068,멜론매거진이벤트,RESCENE (리센느) 댓글 이벤트,2025-02-05 18:00,2025-02-19 23:59,남,60대이상,438,349,4,1.15,0,0.0
36688,100068,멜론매거진이벤트,RESCENE (리센느) 댓글 이벤트,2025-02-05 18:00,2025-02-19 23:59,여,10대이하,2959,2089,163,7.8,5,3.07
36688,100068,멜론매거진이벤트,RESCENE (리센느) 댓글 이벤트,2025-02-05 18:00,2025-02-19 23:59,여,20대,5353,4552,76,1.67,2,2.63
36688,100068,멜론매거진이벤트,RESCENE (리센느) 댓글 이벤트,2025-02-05 18:00,2025-02-19 23:59,여,30대,4988,4384,20,0.46,1,5.0
36688,100068,멜론매거진이벤트,RESCENE (리센느) 댓글 이벤트,2025-02-05 18:00,2025-02-19 23:59,여,40대,5845,4622,80,1.73,0,0.0
36688,100068,멜론매거진이벤트,RESCENE (리센느) 댓글 이벤트,2025-02-05 18:00,2025-02-19 23:59,여,50대,2023,1647,20,1.21,0,0.0
36688,100068,멜론매거진이벤트,RESCENE (리센느) 댓글 이벤트,2025-02-05 18:00,2025-02-19 23:59,여,60대이상,689,549,4,0.73,0,0.0
36693,100068,멜론매거진이벤트,SMTOWN 댓글 이벤트 #3,2025-02-14 18:00,2025-02-28 23:59,남,10대이하,1983,1259,127,10.09,3,2.36
36693,100068,멜론매거진이벤트,SMTOWN 댓글 이벤트 #3,2025-02-14 18:00,2025-02-28 23:59,남,20대,3114,2485,104,4.19,4,3.85
36693,100068,멜론매거진이벤트,SMTOWN 댓글 이벤트 #3,2025-02-14 18:00,2025-02-28 23:59,남,30대,3675,2802,103,3.68,1,0.97
36693,100068,멜론매거진이벤트,SMTOWN 댓글 이벤트 #3,2025-02-14 18:00,2025-02-28 23:59,남,40대,5175,3530,174,4.93,3,1.72
36693,100068,멜론매거진이벤트,SMTOWN 댓글 이벤트 #3,2025-02-14 18:00,2025-02-28 23:59,남,50대,2976,2001,104,5.2,1,0.96
36693,100068,멜론매거진이벤트,SMTOWN 댓글 이벤트 #3,2025-02-14 18:00,2025-02-28 23:59,남,60대이상,548,413,6,1.45,0,0.0
36693,100068,멜론매거진이벤트,SMTOWN 댓글 이벤트 #3,2025-02-14 18:00,2025-02-28 23:59,여,10대이하,14563,8573,1225,14.29,29,2.37
36693,100068,멜론매거진이벤트,SMTOWN 댓글 이벤트 #3,2025-02-14 18:00,2025-02-28 23:59,여,20대,14305,10277,837,8.14,14,1.67
36693,100068,멜론매거진이벤트,SMTOWN 댓글 이벤트 #3,2025-02-14 18:00,2025-02-28 23:59,여,30대,10431,7014,318,4.53,8,2.52
36693,100068,멜론매거진이벤트,SMTOWN 댓글 이벤트 #3,2025-02-14 18:00,2025-02-28 23:59,여,40대,10974,7336,377,5.14,5,1.33
36693,100068,멜론매거진이벤트,SMTOWN 댓글 이벤트 #3,2025-02-14 18:00,2025-02-28 23:59,여,50대,3695,2677,135,5.04,2,1.48
36693,100068,멜론매거진이벤트,SMTOWN 댓글 이벤트 #3,2025-02-14 18:00,2025-02-28 23:59,여,60대이상,969,667,18,2.7,0,0.0
36694,100068,멜론매거진이벤트,Hearts2Hearts (하츠투하츠) 댓글 이벤트 #1,2025-02-10 18:00,2025-02-16 23:59,남,10대이하,1090,668,73,10.93,4,5.48
36694,100068,멜론매거진이벤트,Hearts2Hearts (하츠투하츠) 댓글 이벤트 #1,2025-02-10 18:00,2025-02-16 23:59,남,20대,1739,1265,88,6.96,1,1.14
36694,100068,멜론매거진이벤트,Hearts2Hearts (하츠투하츠) 댓글 이벤트 #1,2025-02-10 18:00,2025-02-16 23:59,남,30대,1562,1178,52,4.41,2,3.85
36694,100068,멜론매거진이벤트,Hearts2Hearts (하츠투하츠) 댓글 이벤트 #1,2025-02-10 18:00,2025-02-16 23:59,남,40대,2485,1626,92,5.66,3,3.26
36694,100068,멜론매거진이벤트,Hearts2Hearts (하츠투하츠) 댓글 이벤트 #1,2025-02-10 18:00,2025-02-16 23:59,남,50대,1176,815,41,5.03,0,0.0
36694,100068,멜론매거진이벤트,Hearts2Hearts (하츠투하츠) 댓글 이벤트 #1,2025-02-10 18:00,2025-02-16 23:59,남,60대이상,186,143,6,4.2,1,16.67
36694,100068,멜론매거진이벤트,Hearts2Hearts (하츠투하츠) 댓글 이벤트 #1,2025-02-10 18:00,2025-02-16 23:59,여,10대이하,6913,3635,727,20.0,40,5.5
36694,100068,멜론매거진이벤트,Hearts2Hearts (하츠투하츠) 댓글 이벤트 #1,2025-02-10 18:00,2025-02-16 23:59,여,20대,7387,4748,758,15.96,29,3.83
36694,100068,멜론매거진이벤트,Hearts2Hearts (하츠투하츠) 댓글 이벤트 #1,2025-02-10 18:00,2025-02-16 23:59,여,30대,2888,2162,88,4.07,0,0.0
36694,100068,멜론매거진이벤트,Hearts2Hearts (하츠투하츠) 댓글 이벤트 #1,2025-02-10 18:00,2025-02-16 23:59,여,40대,5343,3178,176,5.54,4,2.27
36694,100068,멜론매거진이벤트,Hearts2Hearts (하츠투하츠) 댓글 이벤트 #1,2025-02-10 18:00,2025-02-16 23:59,여,50대,1393,965,65,6.74,2,3.08
36694,100068,멜론매거진이벤트,Hearts2Hearts (하츠투하츠) 댓글 이벤트 #1,2025-02-10 18:00,2025-02-16 23:59,여,60대이상,296,233,6,2.58,0,0.0
36698,100068,멜론매거진이벤트,IVE (아이브) 댓글 이벤트,2025-02-12 14:00,2025-02-26 23:59,남,10대이하,1989,1123,192,17.1,5,2.6
36698,100068,멜론매거진이벤트,IVE (아이브) 댓글 이벤트,2025-02-12 14:00,2025-02-26 23:59,남,20대,2173,1334,193,14.47,5,2.59
36698,100068,멜론매거진이벤트,IVE (아이브) 댓글 이벤트,2025-02-12 14:00,2025-02-26 23:59,남,30대,2095,1353,160,11.83,2,1.25
36698,100068,멜론매거진이벤트,IVE (아이브) 댓글 이벤트,2025-02-12 14:00,2025-02-26 23:59,남,40대,3690,1993,246,12.34,0,0.0
36698,100068,멜론매거진이벤트,IVE (아이브) 댓글 이벤트,2025-02-12 14:00,2025-02-26 23:59,남,50대,1066,704,54,7.67,0,0.0
36698,100068,멜론매거진이벤트,IVE (아이브) 댓글 이벤트,2025-02-12 14:00,2025-02-26 23:59,남,60대이상,244,182,8,4.4,0,0.0
36698,100068,멜론매거진이벤트,IVE (아이브) 댓글 이벤트,2025-02-12 14:00,2025-02-26 23:59,여,10대이하,4134,2200,414,18.82,7,1.69
36698,100068,멜론매거진이벤트,IVE (아이브) 댓글 이벤트,2025-02-12 14:00,2025-02-26 23:59,여,20대,2712,1921,196,10.2,4,2.04
36698,100068,멜론매거진이벤트,IVE (아이브) 댓글 이벤트,2025-02-12 14:00,2025-02-26 23:59,여,30대,2911,2022,132,6.53,1,0.76
36698,100068,멜론매거진이벤트,IVE (아이브) 댓글 이벤트,2025-02-12 14:00,2025-02-26 23:59,여,40대,6953,3655,454,12.42,3,0.66
36698,100068,멜론매거진이벤트,IVE (아이브) 댓글 이벤트,2025-02-12 14:00,2025-02-26 23:59,여,50대,1331,922,72,7.81,0,0.0
36698,100068,멜론매거진이벤트,IVE (아이브) 댓글 이벤트,2025-02-12 14:00,2025-02-26 23:59,여,60대이상,414,297,9,3.03,0,0.0
36702,100068,멜론매거진이벤트,BUZZER BEAT FESTIVAL 2025 댓글 이벤트,2025-02-13 12:00,2025-02-19 23:59,남,10대이하,467,350,32,9.14,1,3.13
36702,100068,멜론매거진이벤트,BUZZER BEAT FESTIVAL 2025 댓글 이벤트,2025-02-13 12:00,2025-02-19 23:59,남,20대,886,758,45,5.94,1,2.22
36702,100068,멜론매거진이벤트,BUZZER BEAT FESTIVAL 2025 댓글 이벤트,2025-02-13 12:00,2025-02-19 23:59,남,30대,1076,895,43,4.8,0,0.0
36702,100068,멜론매거진이벤트,BUZZER BEAT FESTIVAL 2025 댓글 이벤트,2025-02-13 12:00,2025-02-19 23:59,남,40대,1021,842,38,4.51,0,0.0
36702,100068,멜론매거진이벤트,BUZZER BEAT FESTIVAL 2025 댓글 이벤트,2025-02-13 12:00,2025-02-19 23:59,남,50대,579,438,20,4.57,0,0.0
36702,100068,멜론매거진이벤트,BUZZER BEAT FESTIVAL 2025 댓글 이벤트,2025-02-13 12:00,2025-02-19 23:59,남,60대이상,147,122,1,0.82,0,0.0
36702,100068,멜론매거진이벤트,BUZZER BEAT FESTIVAL 2025 댓글 이벤트,2025-02-13 12:00,2025-02-19 23:59,여,10대이하,952,726,74,10.19,0,0.0
36702,100068,멜론매거진이벤트,BUZZER BEAT FESTIVAL 2025 댓글 이벤트,2025-02-13 12:00,2025-02-19 23:59,여,20대,1528,1339,110,8.22,4,3.64
36702,100068,멜론매거진이벤트,BUZZER BEAT FESTIVAL 2025 댓글 이벤트,2025-02-13 12:00,2025-02-19 23:59,여,30대,1551,1370,53,3.87,0,0.0
36702,100068,멜론매거진이벤트,BUZZER BEAT FESTIVAL 2025 댓글 이벤트,2025-02-13 12:00,2025-02-19 23:59,여,40대,2000,1577,73,4.63,2,2.74
36702,100068,멜론매거진이벤트,BUZZER BEAT FESTIVAL 2025 댓글 이벤트,2025-02-13 12:00,2025-02-19 23:59,여,50대,784,634,22,3.47,0,0.0
36702,100068,멜론매거진이벤트,BUZZER BEAT FESTIVAL 2025 댓글 이벤트,2025-02-13 12:00,2025-02-19 23:59,여,60대이상,317,240,6,2.5,0,0.0
36705,100068,멜론매거진이벤트,LIVE CLUB DAY 댓글 이벤트,2025-02-14 15:00,2025-02-20 23:59,남,10대이하,320,254,21,8.27,0,0.0
36705,100068,멜론매거진이벤트,LIVE CLUB DAY 댓글 이벤트,2025-02-14 15:00,2025-02-20 23:59,남,20대,1057,846,75,8.87,1,1.33
36705,100068,멜론매거진이벤트,LIVE CLUB DAY 댓글 이벤트,2025-02-14 15:00,2025-02-20 23:59,남,30대,1174,926,86,9.29,0,0.0
36705,100068,멜론매거진이벤트,LIVE CLUB DAY 댓글 이벤트,2025-02-14 15:00,2025-02-20 23:59,남,40대,785,665,49,7.37,0,0.0
36705,100068,멜론매거진이벤트,LIVE CLUB DAY 댓글 이벤트,2025-02-14 15:00,2025-02-20 23:59,남,50대,482,402,25,6.22,0,0.0
36705,100068,멜론매거진이벤트,LIVE CLUB DAY 댓글 이벤트,2025-02-14 15:00,2025-02-20 23:59,남,60대이상,185,148,4,2.7,0,0.0
36705,100068,멜론매거진이벤트,LIVE CLUB DAY 댓글 이벤트,2025-02-14 15:00,2025-02-20 23:59,여,10대이하,652,544,45,8.27,1,2.22
36705,100068,멜론매거진이벤트,LIVE CLUB DAY 댓글 이벤트,2025-02-14 15:00,2025-02-20 23:59,여,20대,1943,1547,182,11.76,5,2.75
36705,100068,멜론매거진이벤트,LIVE CLUB DAY 댓글 이벤트,2025-02-14 15:00,2025-02-20 23:59,여,30대,1843,1451,152,10.48,3,1.97
36705,100068,멜론매거진이벤트,LIVE CLUB DAY 댓글 이벤트,2025-02-14 15:00,2025-02-20 23:59,여,40대,1538,1260,66,5.24,2,3.03
36705,100068,멜론매거진이벤트,LIVE CLUB DAY 댓글 이벤트,2025-02-14 15:00,2025-02-20 23:59,여,50대,740,606,39,6.44,1,2.56
36705,100068,멜론매거진이벤트,LIVE CLUB DAY 댓글 이벤트,2025-02-14 15:00,2025-02-20 23:59,여,60대이상,285,227,9,3.96,0,0.0
36706,100068,멜론매거진이벤트,ZEROBASEONE (제로베이스원) 첫 만남 600일 기념 댓글 이벤트,2025-02-17 14:00,2025-03-03 23:59,남,10대이하,535,403,23,5.71,0,0.0
36706,100068,멜론매거진이벤트,ZEROBASEONE (제로베이스원) 첫 만남 600일 기념 댓글 이벤트,2025-02-17 14:00,2025-03-03 23:59,남,20대,917,752,20,2.66,0,0.0
36706,100068,멜론매거진이벤트,ZEROBASEONE (제로베이스원) 첫 만남 600일 기념 댓글 이벤트,2025-02-17 14:00,2025-03-03 23:59,남,30대,933,744,17,2.28,1,5.88
36706,100068,멜론매거진이벤트,ZEROBASEONE (제로베이스원) 첫 만남 600일 기념 댓글 이벤트,2025-02-17 14:00,2025-03-03 23:59,남,40대,2644,1582,136,8.6,1,0.74
36706,100068,멜론매거진이벤트,ZEROBASEONE (제로베이스원) 첫 만남 600일 기념 댓글 이벤트,2025-02-17 14:00,2025-03-03 23:59,남,50대,1145,772,71,9.2,1,1.41
36706,100068,멜론매거진이벤트,ZEROBASEONE (제로베이스원) 첫 만남 600일 기념 댓글 이벤트,2025-02-17 14:00,2025-03-03 23:59,남,60대이상,231,158,7,4.43,0,0.0
36706,100068,멜론매거진이벤트,ZEROBASEONE (제로베이스원) 첫 만남 600일 기념 댓글 이벤트,2025-02-17 14:00,2025-03-03 23:59,여,10대이하,8928,4246,876,20.63,27,3.08
36706,100068,멜론매거진이벤트,ZEROBASEONE (제로베이스원) 첫 만남 600일 기념 댓글 이벤트,2025-02-17 14:00,2025-03-03 23:59,여,20대,5637,2923,431,14.75,10,2.32
36706,100068,멜론매거진이벤트,ZEROBASEONE (제로베이스원) 첫 만남 600일 기념 댓글 이벤트,2025-02-17 14:00,2025-03-03 23:59,여,30대,3180,1770,172,9.72,3,1.74
36706,100068,멜론매거진이벤트,ZEROBASEONE (제로베이스원) 첫 만남 600일 기념 댓글 이벤트,2025-02-17 14:00,2025-03-03 23:59,여,40대,6743,3647,350,9.6,5,1.43
36706,100068,멜론매거진이벤트,ZEROBASEONE (제로베이스원) 첫 만남 600일 기념 댓글 이벤트,2025-02-17 14:00,2025-03-03 23:59,여,50대,1524,1030,65,6.31,2,3.08
36706,100068,멜론매거진이벤트,ZEROBASEONE (제로베이스원) 첫 만남 600일 기념 댓글 이벤트,2025-02-17 14:00,2025-03-03 23:59,여,60대이상,426,309,10,3.24,0,0.0
36710,100068,멜론매거진이벤트,수지 (Suzy) 댓글 이벤트,2025-02-17 18:00,2025-03-03 23:59,남,10대이하,1047,694,114,16.43,2,1.75
36710,100068,멜론매거진이벤트,수지 (Suzy) 댓글 이벤트,2025-02-17 18:00,2025-03-03 23:59,남,20대,2037,1553,211,13.59,5,2.37
36710,100068,멜론매거진이벤트,수지 (Suzy) 댓글 이벤트,2025-02-17 18:00,2025-03-03 23:59,남,30대,2361,1803,193,10.7,2,1.04
36710,100068,멜론매거진이벤트,수지 (Suzy) 댓글 이벤트,2025-02-17 18:00,2025-03-03 23:59,남,40대,1976,1480,133,8.99,0,0.0
36710,100068,멜론매거진이벤트,수지 (Suzy) 댓글 이벤트,2025-02-17 18:00,2025-03-03 23:59,남,50대,1101,876,69,7.88,2,2.9
36710,100068,멜론매거진이벤트,수지 (Suzy) 댓글 이벤트,2025-02-17 18:00,2025-03-03 23:59,남,60대이상,325,242,12,4.96,0,0.0
36710,100068,멜론매거진이벤트,수지 (Suzy) 댓글 이벤트,2025-02-17 18:00,2025-03-03 23:59,여,10대이하,2344,1568,271,17.28,4,1.48
36710,100068,멜론매거진이벤트,수지 (Suzy) 댓글 이벤트,2025-02-17 18:00,2025-03-03 23:59,여,20대,5689,4002,440,10.99,17,3.86
36710,100068,멜론매거진이벤트,수지 (Suzy) 댓글 이벤트,2025-02-17 18:00,2025-03-03 23:59,여,30대,4021,3170,227,7.16,4,1.76
36710,100068,멜론매거진이벤트,수지 (Suzy) 댓글 이벤트,2025-02-17 18:00,2025-03-03 23:59,여,40대,3772,2878,202,7.02,2,0.99
36710,100068,멜론매거진이벤트,수지 (Suzy) 댓글 이벤트,2025-02-17 18:00,2025-03-03 23:59,여,50대,1781,1308,84,6.42,1,1.19
36710,100068,멜론매거진이벤트,수지 (Suzy) 댓글 이벤트,2025-02-17 18:00,2025-03-03 23:59,여,60대이상,458,361,9,2.49,0,0.0
36713,100068,멜론매거진이벤트,온앤오프 (ONF) 댓글 이벤트,2025-02-18 18:00,2025-03-04 23:59,남,10대이하,378,316,13,4.11,0,0.0
36713,100068,멜론매거진이벤트,온앤오프 (ONF) 댓글 이벤트,2025-02-18 18:00,2025-03-04 23:59,남,20대,1152,1025,14,1.37,0,0.0
36713,100068,멜론매거진이벤트,온앤오프 (ONF) 댓글 이벤트,2025-02-18 18:00,2025-03-04 23:59,남,30대,1571,1343,17,1.27,0,0.0
36713,100068,멜론매거진이벤트,온앤오프 (ONF) 댓글 이벤트,2025-02-18 18:00,2025-03-04 23:59,남,40대,1230,1010,14,1.39,0,0.0
36713,100068,멜론매거진이벤트,온앤오프 (ONF) 댓글 이벤트,2025-02-18 18:00,2025-03-04 23:59,남,50대,641,542,4,0.74,0,0.0
36713,100068,멜론매거진이벤트,온앤오프 (ONF) 댓글 이벤트,2025-02-18 18:00,2025-03-04 23:59,남,60대이상,251,208,2,0.96,0,0.0
36713,100068,멜론매거진이벤트,온앤오프 (ONF) 댓글 이벤트,2025-02-18 18:00,2025-03-04 23:59,여,10대이하,1072,738,82,11.11,4,4.88
36713,100068,멜론매거진이벤트,온앤오프 (ONF) 댓글 이벤트,2025-02-18 18:00,2025-03-04 23:59,여,20대,3724,2465,190,7.71,12,6.32
36713,100068,멜론매거진이벤트,온앤오프 (ONF) 댓글 이벤트,2025-02-18 18:00,2025-03-04 23:59,여,30대,3814,2645,147,5.56,6,4.08
36713,100068,멜론매거진이벤트,온앤오프 (ONF) 댓글 이벤트,2025-02-18 18:00,2025-03-04 23:59,여,40대,3060,2225,82,3.69,2,2.44
36713,100068,멜론매거진이벤트,온앤오프 (ONF) 댓글 이벤트,2025-02-18 18:00,2025-03-04 23:59,여,50대,1384,1077,14,1.3,2,14.29
36713,100068,멜론매거진이벤트,온앤오프 (ONF) 댓글 이벤트,2025-02-18 18:00,2025-03-04 23:59,여,60대이상,536,445,5,1.12,0,0.0
36716,100068,멜론매거진이벤트,제니 (JENNIE) 댓글 이벤트,2025-02-21 14:00,2025-03-07 23:59,남,10대이하,833,593,56,9.44,1,1.79
36716,100068,멜론매거진이벤트,제니 (JENNIE) 댓글 이벤트,2025-02-21 14:00,2025-03-07 23:59,남,20대,2203,1704,85,4.99,4,4.71
36716,100068,멜론매거진이벤트,제니 (JENNIE) 댓글 이벤트,2025-02-21 14:00,2025-03-07 23:59,남,30대,3036,2246,61,2.72,2,3.28
36716,100068,멜론매거진이벤트,제니 (JENNIE) 댓글 이벤트,2025-02-21 14:00,2025-03-07 23:59,남,40대,2772,2100,93,4.43,0,0.0
36716,100068,멜론매거진이벤트,제니 (JENNIE) 댓글 이벤트,2025-02-21 14:00,2025-03-07 23:59,남,50대,1426,1084,50,4.61,0,0.0
36716,100068,멜론매거진이벤트,제니 (JENNIE) 댓글 이벤트,2025-02-21 14:00,2025-03-07 23:59,남,60대이상,424,315,12,3.81,0,0.0
36716,100068,멜론매거진이벤트,제니 (JENNIE) 댓글 이벤트,2025-02-21 14:00,2025-03-07 23:59,여,10대이하,2319,1465,219,14.95,4,1.83
36716,100068,멜론매거진이벤트,제니 (JENNIE) 댓글 이벤트,2025-02-21 14:00,2025-03-07 23:59,여,20대,6391,4754,305,6.42,13,4.26
36716,100068,멜론매거진이벤트,제니 (JENNIE) 댓글 이벤트,2025-02-21 14:00,2025-03-07 23:59,여,30대,5762,4541,128,2.82,4,3.13
36716,100068,멜론매거진이벤트,제니 (JENNIE) 댓글 이벤트,2025-02-21 14:00,2025-03-07 23:59,여,40대,5441,3916,198,5.06,1,0.51
36716,100068,멜론매거진이벤트,제니 (JENNIE) 댓글 이벤트,2025-02-21 14:00,2025-03-07 23:59,여,50대,2325,1782,78,4.38,0,0.0
36716,100068,멜론매거진이벤트,제니 (JENNIE) 댓글 이벤트,2025-02-21 14:00,2025-03-07 23:59,여,60대이상,849,555,10,1.8,1,10.0
36721,100068,멜론매거진이벤트,Hearts2Hearts (하츠투하츠) 댓글 이벤트 #2,2025-02-24 18:00,2025-03-09 23:59,남,10대이하,1146,711,60,8.44,3,5.0
36721,100068,멜론매거진이벤트,Hearts2Hearts (하츠투하츠) 댓글 이벤트 #2,2025-02-24 18:00,2025-03-09 23:59,남,20대,1868,1396,91,6.52,2,2.2
36721,100068,멜론매거진이벤트,Hearts2Hearts (하츠투하츠) 댓글 이벤트 #2,2025-02-24 18:00,2025-03-09 23:59,남,30대,2547,1879,62,3.3,2,3.23
36721,100068,멜론매거진이벤트,Hearts2Hearts (하츠투하츠) 댓글 이벤트 #2,2025-02-24 18:00,2025-03-09 23:59,남,40대,3320,2183,79,3.62,0,0.0
36721,100068,멜론매거진이벤트,Hearts2Hearts (하츠투하츠) 댓글 이벤트 #2,2025-02-24 18:00,2025-03-09 23:59,남,50대,1313,1004,27,2.69,0,0.0
36721,100068,멜론매거진이벤트,Hearts2Hearts (하츠투하츠) 댓글 이벤트 #2,2025-02-24 18:00,2025-03-09 23:59,남,60대이상,279,200,10,5.0,0,0.0
36721,100068,멜론매거진이벤트,Hearts2Hearts (하츠투하츠) 댓글 이벤트 #2,2025-02-24 18:00,2025-03-09 23:59,여,10대이하,4990,2819,303,10.75,10,3.3
36721,100068,멜론매거진이벤트,Hearts2Hearts (하츠투하츠) 댓글 이벤트 #2,2025-02-24 18:00,2025-03-09 23:59,여,20대,5617,3744,240,6.41,12,5.0
36721,100068,멜론매거진이벤트,Hearts2Hearts (하츠투하츠) 댓글 이벤트 #2,2025-02-24 18:00,2025-03-09 23:59,여,30대,3338,2539,55,2.17,3,5.45
36721,100068,멜론매거진이벤트,Hearts2Hearts (하츠투하츠) 댓글 이벤트 #2,2025-02-24 18:00,2025-03-09 23:59,여,40대,4897,3162,115,3.64,1,0.87
36721,100068,멜론매거진이벤트,Hearts2Hearts (하츠투하츠) 댓글 이벤트 #2,2025-02-24 18:00,2025-03-09 23:59,여,50대,1556,1088,43,3.95,2,4.65
36721,100068,멜론매거진이벤트,Hearts2Hearts (하츠투하츠) 댓글 이벤트 #2,2025-02-24 18:00,2025-03-09 23:59,여,60대이상,370,273,8,2.93,1,12.5
36728,100068,멜론매거진이벤트,KiiiKiii (키키) 댓글 이벤트,2025-02-26 18:00,2025-03-12 23:59,남,10대이하,959,643,66,10.26,2,3.03
36728,100068,멜론매거진이벤트,KiiiKiii (키키) 댓글 이벤트,2025-02-26 18:00,2025-03-12 23:59,남,20대,2541,1891,120,6.35,8,6.67
36728,100068,멜론매거진이벤트,KiiiKiii (키키) 댓글 이벤트,2025-02-26 18:00,2025-03-12 23:59,남,30대,2761,2070,72,3.48,1,1.39
36728,100068,멜론매거진이벤트,KiiiKiii (키키) 댓글 이벤트,2025-02-26 18:00,2025-03-12 23:59,남,40대,3162,2132,110,5.16,1,0.91
36728,100068,멜론매거진이벤트,KiiiKiii (키키) 댓글 이벤트,2025-02-26 18:00,2025-03-12 23:59,남,50대,1397,1051,57,5.42,0,0.0
36728,100068,멜론매거진이벤트,KiiiKiii (키키) 댓글 이벤트,2025-02-26 18:00,2025-03-12 23:59,남,60대이상,363,277,9,3.25,0,0.0
36728,100068,멜론매거진이벤트,KiiiKiii (키키) 댓글 이벤트,2025-02-26 18:00,2025-03-12 23:59,여,10대이하,3610,2045,322,15.75,20,6.21
36728,100068,멜론매거진이벤트,KiiiKiii (키키) 댓글 이벤트,2025-02-26 18:00,2025-03-12 23:59,여,20대,6001,4607,345,7.49,28,8.12
36728,100068,멜론매거진이벤트,KiiiKiii (키키) 댓글 이벤트,2025-02-26 18:00,2025-03-12 23:59,여,30대,4308,3547,84,2.37,3,3.57
36728,100068,멜론매거진이벤트,KiiiKiii (키키) 댓글 이벤트,2025-02-26 18:00,2025-03-12 23:59,여,40대,5842,4092,205,5.01,5,2.44
36728,100068,멜론매거진이벤트,KiiiKiii (키키) 댓글 이벤트,2025-02-26 18:00,2025-03-12 23:59,여,50대,2079,1608,41,2.55,0,0.0
36728,100068,멜론매거진이벤트,KiiiKiii (키키) 댓글 이벤트,2025-02-26 18:00,2025-03-12 23:59,여,60대이상,611,500,5,1.0,0,0.0
36732,100068,멜론매거진이벤트,멜터뷰 댓글 이벤트,2025-02-27 15:00,2025-03-31 23:59,남,10대이하,3903,2774,189,6.81,2,1.06
36732,100068,멜론매거진이벤트,멜터뷰 댓글 이벤트,2025-02-27 15:00,2025-03-31 23:59,남,20대,6793,5419,186,3.43,2,1.08
36732,100068,멜론매거진이벤트,멜터뷰 댓글 이벤트,2025-02-27 15:00,2025-03-31 23:59,남,30대,6448,5220,151,2.89,2,1.32
36732,100068,멜론매거진이벤트,멜터뷰 댓글 이벤트,2025-02-27 15:00,2025-03-31 23:59,남,40대,8063,5901,272,4.61,1,0.37
36732,100068,멜론매거진이벤트,멜터뷰 댓글 이벤트,2025-02-27 15:00,2025-03-31 23:59,남,50대,4889,3724,95,2.55,0,0.0
36732,100068,멜론매거진이벤트,멜터뷰 댓글 이벤트,2025-02-27 15:00,2025-03-31 23:59,남,60대이상,1567,1257,27,2.15,0,0.0
36732,100068,멜론매거진이벤트,멜터뷰 댓글 이벤트,2025-02-27 15:00,2025-03-31 23:59,여,10대이하,9369,6745,540,8.01,8,1.48
36732,100068,멜론매거진이벤트,멜터뷰 댓글 이벤트,2025-02-27 15:00,2025-03-31 23:59,여,20대,16344,12152,1124,9.25,11,0.98
36732,100068,멜론매거진이벤트,멜터뷰 댓글 이벤트,2025-02-27 15:00,2025-03-31 23:59,여,30대,12589,9664,670,6.93,4,0.6
36732,100068,멜론매거진이벤트,멜터뷰 댓글 이벤트,2025-02-27 15:00,2025-03-31 23:59,여,40대,15463,11272,540,4.79,5,0.93
36732,100068,멜론매거진이벤트,멜터뷰 댓글 이벤트,2025-02-27 15:00,2025-03-31 23:59,여,50대,6780,5282,145,2.75,0,0.0
36732,100068,멜론매거진이벤트,멜터뷰 댓글 이벤트,2025-02-27 15:00,2025-03-31 23:59,여,60대이상,2309,1807,34,1.88,0,0.0
36733,100068,멜론매거진이벤트,멜론 데이터랩 댓글 이벤트 #48,2025-02-28 15:00,2025-03-14 23:59,남,10대이하,2066,1484,123,8.29,1,0.81
36733,100068,멜론매거진이벤트,멜론 데이터랩 댓글 이벤트 #48,2025-02-28 15:00,2025-03-14 23:59,남,20대,3082,2514,121,4.81,1,0.83
36733,100068,멜론매거진이벤트,멜론 데이터랩 댓글 이벤트 #48,2025-02-28 15:00,2025-03-14 23:59,남,30대,3384,2741,149,5.44,1,0.67
36733,100068,멜론매거진이벤트,멜론 데이터랩 댓글 이벤트 #48,2025-02-28 15:00,2025-03-14 23:59,남,40대,3819,2895,130,4.49,4,3.08
36733,100068,멜론매거진이벤트,멜론 데이터랩 댓글 이벤트 #48,2025-02-28 15:00,2025-03-14 23:59,남,50대,1699,1326,51,3.85,2,3.92
36733,100068,멜론매거진이벤트,멜론 데이터랩 댓글 이벤트 #48,2025-02-28 15:00,2025-03-14 23:59,남,60대이상,481,369,19,5.15,0,0.0
36733,100068,멜론매거진이벤트,멜론 데이터랩 댓글 이벤트 #48,2025-02-28 15:00,2025-03-14 23:59,여,10대이하,5126,3523,366,10.39,4,1.09
36733,100068,멜론매거진이벤트,멜론 데이터랩 댓글 이벤트 #48,2025-02-28 15:00,2025-03-14 23:59,여,20대,10577,7255,997,13.74,11,1.1
36733,100068,멜론매거진이벤트,멜론 데이터랩 댓글 이벤트 #48,2025-02-28 15:00,2025-03-14 23:59,여,30대,11894,8098,967,11.94,8,0.83
36733,100068,멜론매거진이벤트,멜론 데이터랩 댓글 이벤트 #48,2025-02-28 15:00,2025-03-14 23:59,여,40대,10864,7569,558,7.37,4,0.72
36733,100068,멜론매거진이벤트,멜론 데이터랩 댓글 이벤트 #48,2025-02-28 15:00,2025-03-14 23:59,여,50대,3579,2651,127,4.79,0,0.0
36733,100068,멜론매거진이벤트,멜론 데이터랩 댓글 이벤트 #48,2025-02-28 15:00,2025-03-14 23:59,여,60대이상,1111,781,34,4.35,0,0.0
36740,100068,멜론매거진이벤트,비투비 댓글 이벤트,2025-03-05 18:00,2025-03-19 23:59,남,10대이하,332,235,23,9.79,0,0.0
36740,100068,멜론매거진이벤트,비투비 댓글 이벤트,2025-03-05 18:00,2025-03-19 23:59,남,20대,720,607,30,4.94,0,0.0
36740,100068,멜론매거진이벤트,비투비 댓글 이벤트,2025-03-05 18:00,2025-03-19 23:59,남,30대,820,677,19,2.81,0,0.0
36740,100068,멜론매거진이벤트,비투비 댓글 이벤트,2025-03-05 18:00,2025-03-19 23:59,남,40대,810,630,31,4.92,0,0.0
36740,100068,멜론매거진이벤트,비투비 댓글 이벤트,2025-03-05 18:00,2025-03-19 23:59,남,50대,403,323,14,4.33,1,7.14
36740,100068,멜론매거진이벤트,비투비 댓글 이벤트,2025-03-05 18:00,2025-03-19 23:59,남,60대이상,120,96,2,2.08,0,0.0
36740,100068,멜론매거진이벤트,비투비 댓글 이벤트,2025-03-05 18:00,2025-03-19 23:59,여,10대이하,1125,661,105,15.89,3,2.86
36740,100068,멜론매거진이벤트,비투비 댓글 이벤트,2025-03-05 18:00,2025-03-19 23:59,여,20대,2791,1760,227,12.9,13,5.73
36740,100068,멜론매거진이벤트,비투비 댓글 이벤트,2025-03-05 18:00,2025-03-19 23:59,여,30대,2586,1661,176,10.6,9,5.11
36740,100068,멜론매거진이벤트,비투비 댓글 이벤트,2025-03-05 18:00,2025-03-19 23:59,여,40대,2359,1548,125,8.07,0,0.0
36740,100068,멜론매거진이벤트,비투비 댓글 이벤트,2025-03-05 18:00,2025-03-19 23:59,여,50대,875,634,29,4.57,1,3.45
36740,100068,멜론매거진이벤트,비투비 댓글 이벤트,2025-03-05 18:00,2025-03-19 23:59,여,60대이상,211,175,4,2.29,0,0.0
36741,100068,멜론매거진이벤트,인피니트 댓글 이벤트,2025-03-06 18:00,2025-03-20 23:59,남,10대이하,296,234,10,4.27,0,0.0
36741,100068,멜론매거진이벤트,인피니트 댓글 이벤트,2025-03-06 18:00,2025-03-20 23:59,남,20대,929,784,27,3.44,2,7.41
36741,100068,멜론매거진이벤트,인피니트 댓글 이벤트,2025-03-06 18:00,2025-03-20 23:59,남,30대,1131,939,23,2.45,2,8.7
36741,100068,멜론매거진이벤트,인피니트 댓글 이벤트,2025-03-06 18:00,2025-03-20 23:59,남,40대,936,794,13,1.64,0,0.0
36741,100068,멜론매거진이벤트,인피니트 댓글 이벤트,2025-03-06 18:00,2025-03-20 23:59,남,50대,530,414,15,3.62,0,0.0
36741,100068,멜론매거진이벤트,인피니트 댓글 이벤트,2025-03-06 18:00,2025-03-20 23:59,남,60대이상,212,164,4,2.44,0,0.0
36741,100068,멜론매거진이벤트,인피니트 댓글 이벤트,2025-03-06 18:00,2025-03-20 23:59,여,10대이하,624,486,37,7.61,3,8.11
36741,100068,멜론매거진이벤트,인피니트 댓글 이벤트,2025-03-06 18:00,2025-03-20 23:59,여,20대,5385,2770,618,22.31,49,7.93
36741,100068,멜론매거진이벤트,인피니트 댓글 이벤트,2025-03-06 18:00,2025-03-20 23:59,여,30대,3054,2078,185,8.9,13,7.03
36741,100068,멜론매거진이벤트,인피니트 댓글 이벤트,2025-03-06 18:00,2025-03-20 23:59,여,40대,2269,1693,84,4.96,5,5.95
36741,100068,멜론매거진이벤트,인피니트 댓글 이벤트,2025-03-06 18:00,2025-03-20 23:59,여,50대,1167,862,37,4.29,3,8.11
36741,100068,멜론매거진이벤트,인피니트 댓글 이벤트,2025-03-06 18:00,2025-03-20 23:59,여,60대이상,349,259,11,4.25,0,0.0
36743,100068,멜론매거진이벤트,Lady Gaga 댓글 이벤트,2025-03-07 12:00,2025-03-21 23:59,남,10대이하,531,411,33,8.03,0,0.0
36743,100068,멜론매거진이벤트,Lady Gaga 댓글 이벤트,2025-03-07 12:00,2025-03-21 23:59,남,20대,1477,1222,83,6.79,2,2.41
36743,100068,멜론매거진이벤트,Lady Gaga 댓글 이벤트,2025-03-07 12:00,2025-03-21 23:59,남,30대,1887,1555,87,5.59,0,0.0
36743,100068,멜론매거진이벤트,Lady Gaga 댓글 이벤트,2025-03-07 12:00,2025-03-21 23:59,남,40대,1675,1317,58,4.4,1,1.72
36743,100068,멜론매거진이벤트,Lady Gaga 댓글 이벤트,2025-03-07 12:00,2025-03-21 23:59,남,50대,978,787,31,3.94,0,0.0
36743,100068,멜론매거진이벤트,Lady Gaga 댓글 이벤트,2025-03-07 12:00,2025-03-21 23:59,남,60대이상,322,256,7,2.73,0,0.0
36743,100068,멜론매거진이벤트,Lady Gaga 댓글 이벤트,2025-03-07 12:00,2025-03-21 23:59,여,10대이하,924,763,60,7.86,2,3.33
36743,100068,멜론매거진이벤트,Lady Gaga 댓글 이벤트,2025-03-07 12:00,2025-03-21 23:59,여,20대,2614,2200,142,6.45,6,4.23
36743,100068,멜론매거진이벤트,Lady Gaga 댓글 이벤트,2025-03-07 12:00,2025-03-21 23:59,여,30대,2928,2483,123,4.95,2,1.63
36743,100068,멜론매거진이벤트,Lady Gaga 댓글 이벤트,2025-03-07 12:00,2025-03-21 23:59,여,40대,2982,2418,84,3.47,2,2.38
36743,100068,멜론매거진이벤트,Lady Gaga 댓글 이벤트,2025-03-07 12:00,2025-03-21 23:59,여,50대,1487,1167,32,2.74,0,0.0
36743,100068,멜론매거진이벤트,Lady Gaga 댓글 이벤트,2025-03-07 12:00,2025-03-21 23:59,여,60대이상,454,365,9,2.47,0,0.0
36746,100068,멜론매거진이벤트,10CM 댓글 이벤트,2025-03-06 18:00,2025-03-20 23:59,남,10대이하,1003,723,29,4.01,2,6.9
36746,100068,멜론매거진이벤트,10CM 댓글 이벤트,2025-03-06 18:00,2025-03-20 23:59,남,20대,1920,1629,27,1.66,2,7.41
36746,100068,멜론매거진이벤트,10CM 댓글 이벤트,2025-03-06 18:00,2025-03-20 23:59,남,30대,2077,1708,13,0.76,0,0.0
36746,100068,멜론매거진이벤트,10CM 댓글 이벤트,2025-03-06 18:00,2025-03-20 23:59,남,40대,1922,1479,25,1.69,0,0.0
36746,100068,멜론매거진이벤트,10CM 댓글 이벤트,2025-03-06 18:00,2025-03-20 23:59,남,50대,1012,807,15,1.86,0,0.0
36746,100068,멜론매거진이벤트,10CM 댓글 이벤트,2025-03-06 18:00,2025-03-20 23:59,남,60대이상,241,208,2,0.96,0,0.0
36746,100068,멜론매거진이벤트,10CM 댓글 이벤트,2025-03-06 18:00,2025-03-20 23:59,여,10대이하,2078,1565,76,4.86,3,3.95
36746,100068,멜론매거진이벤트,10CM 댓글 이벤트,2025-03-06 18:00,2025-03-20 23:59,여,20대,5287,3988,150,3.76,13,8.67
36746,100068,멜론매거진이벤트,10CM 댓글 이벤트,2025-03-06 18:00,2025-03-20 23:59,여,30대,4118,3189,84,2.63,9,10.71
36746,100068,멜론매거진이벤트,10CM 댓글 이벤트,2025-03-06 18:00,2025-03-20 23:59,여,40대,4357,3317,73,2.2,0,0.0
36746,100068,멜론매거진이벤트,10CM 댓글 이벤트,2025-03-06 18:00,2025-03-20 23:59,여,50대,1728,1356,22,1.62,0,0.0
36746,100068,멜론매거진이벤트,10CM 댓글 이벤트,2025-03-06 18:00,2025-03-20 23:59,여,60대이상,475,384,2,0.52,0,0.0
36747,100068,멜론매거진이벤트,TREASURE (트레저) 댓글 이벤트,2025-03-07 18:00,2025-03-21 23:59,남,10대이하,175,143,11,7.69,0,0.0
36747,100068,멜론매거진이벤트,TREASURE (트레저) 댓글 이벤트,2025-03-07 18:00,2025-03-21 23:59,남,20대,566,515,16,3.11,1,6.25
36747,100068,멜론매거진이벤트,TREASURE (트레저) 댓글 이벤트,2025-03-07 18:00,2025-03-21 23:59,남,30대,635,537,11,2.05,0,0.0
36747,100068,멜론매거진이벤트,TREASURE (트레저) 댓글 이벤트,2025-03-07 18:00,2025-03-21 23:59,남,40대,564,447,18,4.03,0,0.0
36747,100068,멜론매거진이벤트,TREASURE (트레저) 댓글 이벤트,2025-03-07 18:00,2025-03-21 23:59,남,50대,319,245,17,6.94,1,5.88
36747,100068,멜론매거진이벤트,TREASURE (트레저) 댓글 이벤트,2025-03-07 18:00,2025-03-21 23:59,남,60대이상,118,97,6,6.19,0,0.0
36747,100068,멜론매거진이벤트,TREASURE (트레저) 댓글 이벤트,2025-03-07 18:00,2025-03-21 23:59,여,10대이하,1153,600,156,26.0,12,7.69
36747,100068,멜론매거진이벤트,TREASURE (트레저) 댓글 이벤트,2025-03-07 18:00,2025-03-21 23:59,여,20대,2166,1213,170,14.01,2,1.18
36747,100068,멜론매거진이벤트,TREASURE (트레저) 댓글 이벤트,2025-03-07 18:00,2025-03-21 23:59,여,30대,1126,825,37,4.48,2,5.41
36747,100068,멜론매거진이벤트,TREASURE (트레저) 댓글 이벤트,2025-03-07 18:00,2025-03-21 23:59,여,40대,1239,912,69,7.57,1,1.45
36747,100068,멜론매거진이벤트,TREASURE (트레저) 댓글 이벤트,2025-03-07 18:00,2025-03-21 23:59,여,50대,595,430,23,5.35,0,0.0
36747,100068,멜론매거진이벤트,TREASURE (트레저) 댓글 이벤트,2025-03-07 18:00,2025-03-21 23:59,여,60대이상,263,198,4,2.02,0,0.0
36750,100068,멜론매거진이벤트,j-hope 댓글 이벤트,2025-03-07 14:00,2025-03-21 23:59,남,10대이하,715,562,38,6.76,0,0.0
36750,100068,멜론매거진이벤트,j-hope 댓글 이벤트,2025-03-07 14:00,2025-03-21 23:59,남,20대,1555,1380,62,4.49,1,1.61
36750,100068,멜론매거진이벤트,j-hope 댓글 이벤트,2025-03-07 14:00,2025-03-21 23:59,남,30대,2106,1722,72,4.18,1,1.39
36750,100068,멜론매거진이벤트,j-hope 댓글 이벤트,2025-03-07 14:00,2025-03-21 23:59,남,40대,2477,1796,112,6.24,3,2.68
36750,100068,멜론매거진이벤트,j-hope 댓글 이벤트,2025-03-07 14:00,2025-03-21 23:59,남,50대,1085,864,58,6.71,2,3.45
36750,100068,멜론매거진이벤트,j-hope 댓글 이벤트,2025-03-07 14:00,2025-03-21 23:59,남,60대이상,325,254,11,4.33,0,0.0
36750,100068,멜론매거진이벤트,j-hope 댓글 이벤트,2025-03-07 14:00,2025-03-21 23:59,여,10대이하,3192,1875,450,24.0,36,8.0
36750,100068,멜론매거진이벤트,j-hope 댓글 이벤트,2025-03-07 14:00,2025-03-21 23:59,여,20대,6137,3750,581,15.49,43,7.4
36750,100068,멜론매거진이벤트,j-hope 댓글 이벤트,2025-03-07 14:00,2025-03-21 23:59,여,30대,7726,4498,621,13.81,32,5.15
36750,100068,멜론매거진이벤트,j-hope 댓글 이벤트,2025-03-07 14:00,2025-03-21 23:59,여,40대,8675,5071,666,13.13,28,4.2
36750,100068,멜론매거진이벤트,j-hope 댓글 이벤트,2025-03-07 14:00,2025-03-21 23:59,여,50대,3313,1898,176,9.27,14,7.95
36750,100068,멜론매거진이벤트,j-hope 댓글 이벤트,2025-03-07 14:00,2025-03-21 23:59,여,60대이상,757,510,33,6.47,4,12.12
36751,100068,멜론매거진이벤트,Hearts2Hearts (하츠투하츠) 댓글 이벤트 #3,2025-03-10 12:00,2025-03-24 23:59,남,10대이하,540,343,30,8.75,2,6.67
36751,100068,멜론매거진이벤트,Hearts2Hearts (하츠투하츠) 댓글 이벤트 #3,2025-03-10 12:00,2025-03-24 23:59,남,20대,1395,894,57,6.38,1,1.75
36751,100068,멜론매거진이벤트,Hearts2Hearts (하츠투하츠) 댓글 이벤트 #3,2025-03-10 12:00,2025-03-24 23:59,남,30대,1381,931,45,4.83,0,0.0
36751,100068,멜론매거진이벤트,Hearts2Hearts (하츠투하츠) 댓글 이벤트 #3,2025-03-10 12:00,2025-03-24 23:59,남,40대,1384,948,44,4.64,1,2.27
36751,100068,멜론매거진이벤트,Hearts2Hearts (하츠투하츠) 댓글 이벤트 #3,2025-03-10 12:00,2025-03-24 23:59,남,50대,617,485,21,4.33,0,0.0
36751,100068,멜론매거진이벤트,Hearts2Hearts (하츠투하츠) 댓글 이벤트 #3,2025-03-10 12:00,2025-03-24 23:59,남,60대이상,157,115,5,4.35,0,0.0
36751,100068,멜론매거진이벤트,Hearts2Hearts (하츠투하츠) 댓글 이벤트 #3,2025-03-10 12:00,2025-03-24 23:59,여,10대이하,2451,1264,166,13.13,2,1.2
36751,100068,멜론매거진이벤트,Hearts2Hearts (하츠투하츠) 댓글 이벤트 #3,2025-03-10 12:00,2025-03-24 23:59,여,20대,3341,2167,166,7.66,5,3.01
36751,100068,멜론매거진이벤트,Hearts2Hearts (하츠투하츠) 댓글 이벤트 #3,2025-03-10 12:00,2025-03-24 23:59,여,30대,1903,1492,33,2.21,0,0.0
36751,100068,멜론매거진이벤트,Hearts2Hearts (하츠투하츠) 댓글 이벤트 #3,2025-03-10 12:00,2025-03-24 23:59,여,40대,2368,1749,62,3.54,0,0.0
36751,100068,멜론매거진이벤트,Hearts2Hearts (하츠투하츠) 댓글 이벤트 #3,2025-03-10 12:00,2025-03-24 23:59,여,50대,874,682,18,2.64,0,0.0
36751,100068,멜론매거진이벤트,Hearts2Hearts (하츠투하츠) 댓글 이벤트 #3,2025-03-10 12:00,2025-03-24 23:59,여,60대이상,285,219,8,3.65,0,0.0
36753,100068,멜론매거진이벤트,예지 (ITZY) 댓글 이벤트,2025-03-10 18:00,2025-03-24 23:59,남,10대이하,625,443,81,18.28,5,6.17
36753,100068,멜론매거진이벤트,예지 (ITZY) 댓글 이벤트,2025-03-10 18:00,2025-03-24 23:59,남,20대,2039,1600,164,10.25,7,4.27
36753,100068,멜론매거진이벤트,예지 (ITZY) 댓글 이벤트,2025-03-10 18:00,2025-03-24 23:59,남,30대,1974,1525,101,6.62,6,5.94
36753,100068,멜론매거진이벤트,예지 (ITZY) 댓글 이벤트,2025-03-10 18:00,2025-03-24 23:59,남,40대,1306,1039,48,4.62,2,4.17
36753,100068,멜론매거진이벤트,예지 (ITZY) 댓글 이벤트,2025-03-10 18:00,2025-03-24 23:59,남,50대,675,538,29,5.39,0,0.0
36753,100068,멜론매거진이벤트,예지 (ITZY) 댓글 이벤트,2025-03-10 18:00,2025-03-24 23:59,남,60대이상,197,159,2,1.26,0,0.0
36753,100068,멜론매거진이벤트,예지 (ITZY) 댓글 이벤트,2025-03-10 18:00,2025-03-24 23:59,여,10대이하,949,652,100,15.34,6,6.0
36753,100068,멜론매거진이벤트,예지 (ITZY) 댓글 이벤트,2025-03-10 18:00,2025-03-24 23:59,여,20대,2410,2022,109,5.39,7,6.42
36753,100068,멜론매거진이벤트,예지 (ITZY) 댓글 이벤트,2025-03-10 18:00,2025-03-24 23:59,여,30대,2161,1815,41,2.26,4,9.76
36753,100068,멜론매거진이벤트,예지 (ITZY) 댓글 이벤트,2025-03-10 18:00,2025-03-24 23:59,여,40대,2024,1619,62,3.83,2,3.23
36753,100068,멜론매거진이벤트,예지 (ITZY) 댓글 이벤트,2025-03-10 18:00,2025-03-24 23:59,여,50대,965,792,17,2.15,0,0.0
36753,100068,멜론매거진이벤트,예지 (ITZY) 댓글 이벤트,2025-03-10 18:00,2025-03-24 23:59,여,60대이상,299,241,7,2.9,0,0.0
36754,100068,멜론매거진이벤트,슬기 (SEULGI) 댓글 이벤트,2025-03-10 18:00,2025-03-24 23:59,남,10대이하,424,301,26,8.64,1,3.85
36754,100068,멜론매거진이벤트,슬기 (SEULGI) 댓글 이벤트,2025-03-10 18:00,2025-03-24 23:59,남,20대,1482,1096,93,8.49,6,6.45
36754,100068,멜론매거진이벤트,슬기 (SEULGI) 댓글 이벤트,2025-03-10 18:00,2025-03-24 23:59,남,30대,1547,1245,71,5.7,3,4.23
36754,100068,멜론매거진이벤트,슬기 (SEULGI) 댓글 이벤트,2025-03-10 18:00,2025-03-24 23:59,남,40대,1211,979,31,3.17,1,3.23
36754,100068,멜론매거진이벤트,슬기 (SEULGI) 댓글 이벤트,2025-03-10 18:00,2025-03-24 23:59,남,50대,517,423,9,2.13,0,0.0
36754,100068,멜론매거진이벤트,슬기 (SEULGI) 댓글 이벤트,2025-03-10 18:00,2025-03-24 23:59,남,60대이상,179,142,2,1.41,0,0.0
36754,100068,멜론매거진이벤트,슬기 (SEULGI) 댓글 이벤트,2025-03-10 18:00,2025-03-24 23:59,여,10대이하,731,477,83,17.4,7,8.43
36754,100068,멜론매거진이벤트,슬기 (SEULGI) 댓글 이벤트,2025-03-10 18:00,2025-03-24 23:59,여,20대,2617,1662,208,12.52,11,5.29
36754,100068,멜론매거진이벤트,슬기 (SEULGI) 댓글 이벤트,2025-03-10 18:00,2025-03-24 23:59,여,30대,2030,1469,47,3.2,1,2.13
36754,100068,멜론매거진이벤트,슬기 (SEULGI) 댓글 이벤트,2025-03-10 18:00,2025-03-24 23:59,여,40대,1603,1295,42,3.24,1,2.38
36754,100068,멜론매거진이벤트,슬기 (SEULGI) 댓글 이벤트,2025-03-10 18:00,2025-03-24 23:59,여,50대,755,587,14,2.39,0,0.0
36754,100068,멜론매거진이벤트,슬기 (SEULGI) 댓글 이벤트,2025-03-10 18:00,2025-03-24 23:59,여,60대이상,278,233,5,2.15,0,0.0
36756,100068,멜론매거진이벤트,호시X우지 (SEVENTEEN) 댓글 이벤트,2025-03-10 18:00,2025-03-24 23:59,남,10대이하,208,163,24,14.72,1,4.17
36756,100068,멜론매거진이벤트,호시X우지 (SEVENTEEN) 댓글 이벤트,2025-03-10 18:00,2025-03-24 23:59,남,20대,514,436,40,9.17,2,5.0
36756,100068,멜론매거진이벤트,호시X우지 (SEVENTEEN) 댓글 이벤트,2025-03-10 18:00,2025-03-24 23:59,남,30대,592,483,36,7.45,1,2.78
36756,100068,멜론매거진이벤트,호시X우지 (SEVENTEEN) 댓글 이벤트,2025-03-10 18:00,2025-03-24 23:59,남,40대,1079,662,114,17.22,0,0.0
36756,100068,멜론매거진이벤트,호시X우지 (SEVENTEEN) 댓글 이벤트,2025-03-10 18:00,2025-03-24 23:59,남,50대,502,330,61,18.48,0,0.0
36756,100068,멜론매거진이벤트,호시X우지 (SEVENTEEN) 댓글 이벤트,2025-03-10 18:00,2025-03-24 23:59,남,60대이상,130,92,3,3.26,1,33.33
36756,100068,멜론매거진이벤트,호시X우지 (SEVENTEEN) 댓글 이벤트,2025-03-10 18:00,2025-03-24 23:59,여,10대이하,3300,1520,550,36.18,33,6.0
36756,100068,멜론매거진이벤트,호시X우지 (SEVENTEEN) 댓글 이벤트,2025-03-10 18:00,2025-03-24 23:59,여,20대,3502,2143,525,24.5,26,4.95
36756,100068,멜론매거진이벤트,호시X우지 (SEVENTEEN) 댓글 이벤트,2025-03-10 18:00,2025-03-24 23:59,여,30대,3234,1717,351,20.44,6,1.71
36756,100068,멜론매거진이벤트,호시X우지 (SEVENTEEN) 댓글 이벤트,2025-03-10 18:00,2025-03-24 23:59,여,40대,2940,1751,389,22.22,3,0.77
36756,100068,멜론매거진이벤트,호시X우지 (SEVENTEEN) 댓글 이벤트,2025-03-10 18:00,2025-03-24 23:59,여,50대,767,541,62,11.46,1,1.61
36756,100068,멜론매거진이벤트,호시X우지 (SEVENTEEN) 댓글 이벤트,2025-03-10 18:00,2025-03-24 23:59,여,60대이상,190,151,13,8.61,1,7.69
36757,100068,멜론매거진이벤트,KiiiKiii (키키) 댓글 이벤트 #1,2025-03-12 18:00,2025-03-18 23:59,남,10대이하,790,516,67,12.98,1,1.49
36757,100068,멜론매거진이벤트,KiiiKiii (키키) 댓글 이벤트 #1,2025-03-12 18:00,2025-03-18 23:59,남,20대,1941,1245,143,11.49,4,2.8
36757,100068,멜론매거진이벤트,KiiiKiii (키키) 댓글 이벤트 #1,2025-03-12 18:00,2025-03-18 23:59,남,30대,1732,1081,114,10.55,3,2.63
36757,100068,멜론매거진이벤트,KiiiKiii (키키) 댓글 이벤트 #1,2025-03-12 18:00,2025-03-18 23:59,남,40대,2025,1363,94,6.9,2,2.13
36757,100068,멜론매거진이벤트,KiiiKiii (키키) 댓글 이벤트 #1,2025-03-12 18:00,2025-03-18 23:59,남,50대,892,614,42,6.84,0,0.0
36757,100068,멜론매거진이벤트,KiiiKiii (키키) 댓글 이벤트 #1,2025-03-12 18:00,2025-03-18 23:59,남,60대이상,207,130,5,3.85,0,0.0
36757,100068,멜론매거진이벤트,KiiiKiii (키키) 댓글 이벤트 #1,2025-03-12 18:00,2025-03-18 23:59,여,10대이하,3068,1636,325,19.87,14,4.31
36757,100068,멜론매거진이벤트,KiiiKiii (키키) 댓글 이벤트 #1,2025-03-12 18:00,2025-03-18 23:59,여,20대,6026,3204,785,24.5,15,1.91
36757,100068,멜론매거진이벤트,KiiiKiii (키키) 댓글 이벤트 #1,2025-03-12 18:00,2025-03-18 23:59,여,30대,2557,1822,163,8.95,2,1.23
36757,100068,멜론매거진이벤트,KiiiKiii (키키) 댓글 이벤트 #1,2025-03-12 18:00,2025-03-18 23:59,여,40대,3623,2419,143,5.91,1,0.7
36757,100068,멜론매거진이벤트,KiiiKiii (키키) 댓글 이벤트 #1,2025-03-12 18:00,2025-03-18 23:59,여,50대,1134,770,44,5.71,1,2.27
36757,100068,멜론매거진이벤트,KiiiKiii (키키) 댓글 이벤트 #1,2025-03-12 18:00,2025-03-18 23:59,여,60대이상,305,233,6,2.58,0,0.0
36764,100068,멜론매거진이벤트,NMIXX 댓글 이벤트,2025-03-17 18:00,2025-03-31 23:59,남,10대이하,2638,1245,285,22.89,27,9.47
36764,100068,멜론매거진이벤트,NMIXX 댓글 이벤트,2025-03-17 18:00,2025-03-31 23:59,남,20대,2914,1687,283,16.78,24,8.48
36764,100068,멜론매거진이벤트,NMIXX 댓글 이벤트,2025-03-17 18:00,2025-03-31 23:59,남,30대,2005,1302,143,10.98,13,9.09
36764,100068,멜론매거진이벤트,NMIXX 댓글 이벤트,2025-03-17 18:00,2025-03-31 23:59,남,40대,2370,1469,148,10.07,1,0.68
36764,100068,멜론매거진이벤트,NMIXX 댓글 이벤트,2025-03-17 18:00,2025-03-31 23:59,남,50대,1011,650,51,7.85,0,0.0
36764,100068,멜론매거진이벤트,NMIXX 댓글 이벤트,2025-03-17 18:00,2025-03-31 23:59,남,60대이상,190,144,4,2.78,1,25.0
36764,100068,멜론매거진이벤트,NMIXX 댓글 이벤트,2025-03-17 18:00,2025-03-31 23:59,여,10대이하,1976,1213,189,15.58,6,3.17
36764,100068,멜론매거진이벤트,NMIXX 댓글 이벤트,2025-03-17 18:00,2025-03-31 23:59,여,20대,3083,2219,204,9.19,17,8.33
36764,100068,멜론매거진이벤트,NMIXX 댓글 이벤트,2025-03-17 18:00,2025-03-31 23:59,여,30대,2690,1575,60,3.81,2,3.33
36764,100068,멜론매거진이벤트,NMIXX 댓글 이벤트,2025-03-17 18:00,2025-03-31 23:59,여,40대,3739,2420,185,7.64,3,1.62
36764,100068,멜론매거진이벤트,NMIXX 댓글 이벤트,2025-03-17 18:00,2025-03-31 23:59,여,50대,1240,895,49,5.47,2,4.08
36764,100068,멜론매거진이벤트,NMIXX 댓글 이벤트,2025-03-17 18:00,2025-03-31 23:59,여,60대이상,365,284,5,1.76,2,40.0
36767,100068,멜론매거진이벤트,Coldplay 댓글 이벤트,2025-03-17 12:00,2025-03-31 23:59,남,10대이하,1390,888,172,19.37,6,3.49
36767,100068,멜론매거진이벤트,Coldplay 댓글 이벤트,2025-03-17 12:00,2025-03-31 23:59,남,20대,3485,2607,467,17.91,18,3.85
36767,100068,멜론매거진이벤트,Coldplay 댓글 이벤트,2025-03-17 12:00,2025-03-31 23:59,남,30대,3818,2861,549,19.19,4,0.73
36767,100068,멜론매거진이벤트,Coldplay 댓글 이벤트,2025-03-17 12:00,2025-03-31 23:59,남,40대,2875,2104,320,15.21,9,2.81
36767,100068,멜론매거진이벤트,Coldplay 댓글 이벤트,2025-03-17 12:00,2025-03-31 23:59,남,50대,1647,1221,170,13.92,3,1.76
36767,100068,멜론매거진이벤트,Coldplay 댓글 이벤트,2025-03-17 12:00,2025-03-31 23:59,남,60대이상,490,365,32,8.77,0,0.0
36767,100068,멜론매거진이벤트,Coldplay 댓글 이벤트,2025-03-17 12:00,2025-03-31 23:59,여,10대이하,1696,1344,200,14.88,4,2.0
36767,100068,멜론매거진이벤트,Coldplay 댓글 이벤트,2025-03-17 12:00,2025-03-31 23:59,여,20대,6427,4922,1105,22.45,23,2.08
36767,100068,멜론매거진이벤트,Coldplay 댓글 이벤트,2025-03-17 12:00,2025-03-31 23:59,여,30대,7397,5556,1230,22.14,14,1.14
36767,100068,멜론매거진이벤트,Coldplay 댓글 이벤트,2025-03-17 12:00,2025-03-31 23:59,여,40대,6273,4355,742,17.04,8,1.08
36767,100068,멜론매거진이벤트,Coldplay 댓글 이벤트,2025-03-17 12:00,2025-03-31 23:59,여,50대,2972,2138,306,14.31,5,1.63
36767,100068,멜론매거진이벤트,Coldplay 댓글 이벤트,2025-03-17 12:00,2025-03-31 23:59,여,60대이상,891,667,58,8.7,0,0.0
36768,100068,멜론매거진이벤트,STAYC(스테이씨) 댓글 이벤트,2025-03-18 18:00,2025-04-01 23:59,남,10대이하,513,289,43,14.88,3,6.98
36768,100068,멜론매거진이벤트,STAYC(스테이씨) 댓글 이벤트,2025-03-18 18:00,2025-04-01 23:59,남,20대,1256,768,96,12.5,5,5.21
36768,100068,멜론매거진이벤트,STAYC(스테이씨) 댓글 이벤트,2025-03-18 18:00,2025-04-01 23:59,남,30대,969,738,60,8.13,1,1.67
36768,100068,멜론매거진이벤트,STAYC(스테이씨) 댓글 이벤트,2025-03-18 18:00,2025-04-01 23:59,남,40대,899,634,45,7.1,1,2.22
36768,100068,멜론매거진이벤트,STAYC(스테이씨) 댓글 이벤트,2025-03-18 18:00,2025-04-01 23:59,남,50대,367,285,18,6.32,0,0.0
36768,100068,멜론매거진이벤트,STAYC(스테이씨) 댓글 이벤트,2025-03-18 18:00,2025-04-01 23:59,남,60대이상,137,104,3,2.88,0,0.0
36768,100068,멜론매거진이벤트,STAYC(스테이씨) 댓글 이벤트,2025-03-18 18:00,2025-04-01 23:59,여,10대이하,1015,537,98,18.25,1,1.02
36768,100068,멜론매거진이벤트,STAYC(스테이씨) 댓글 이벤트,2025-03-18 18:00,2025-04-01 23:59,여,20대,1892,1239,124,10.01,14,11.29
36768,100068,멜론매거진이벤트,STAYC(스테이씨) 댓글 이벤트,2025-03-18 18:00,2025-04-01 23:59,여,30대,1875,999,48,4.8,3,6.25
36768,100068,멜론매거진이벤트,STAYC(스테이씨) 댓글 이벤트,2025-03-18 18:00,2025-04-01 23:59,여,40대,1589,1188,62,5.22,2,3.23
36768,100068,멜론매거진이벤트,STAYC(스테이씨) 댓글 이벤트,2025-03-18 18:00,2025-04-01 23:59,여,50대,766,503,23,4.57,1,4.35
36768,100068,멜론매거진이벤트,STAYC(스테이씨) 댓글 이벤트,2025-03-18 18:00,2025-04-01 23:59,여,60대이상,254,201,3,1.49,0,0.0
36769,100068,멜론매거진이벤트,더보이즈 (THE BOYZ) 댓글 이벤트,2025-03-17 18:00,2025-03-31 23:59,남,10대이하,321,268,9,3.36,1,11.11
36769,100068,멜론매거진이벤트,더보이즈 (THE BOYZ) 댓글 이벤트,2025-03-17 18:00,2025-03-31 23:59,남,20대,850,748,14,1.87,1,7.14
36769,100068,멜론매거진이벤트,더보이즈 (THE BOYZ) 댓글 이벤트,2025-03-17 18:00,2025-03-31 23:59,남,30대,968,838,10,1.19,0,0.0
36769,100068,멜론매거진이벤트,더보이즈 (THE BOYZ) 댓글 이벤트,2025-03-17 18:00,2025-03-31 23:59,남,40대,894,715,30,4.2,0,0.0
36769,100068,멜론매거진이벤트,더보이즈 (THE BOYZ) 댓글 이벤트,2025-03-17 18:00,2025-03-31 23:59,남,50대,466,384,24,6.25,0,0.0
36769,100068,멜론매거진이벤트,더보이즈 (THE BOYZ) 댓글 이벤트,2025-03-17 18:00,2025-03-31 23:59,남,60대이상,166,117,4,3.42,0,0.0
36769,100068,멜론매거진이벤트,더보이즈 (THE BOYZ) 댓글 이벤트,2025-03-17 18:00,2025-03-31 23:59,여,10대이하,1776,1065,195,18.31,16,8.21
36769,100068,멜론매거진이벤트,더보이즈 (THE BOYZ) 댓글 이벤트,2025-03-17 18:00,2025-03-31 23:59,여,20대,3344,2245,331,14.74,35,10.57
36769,100068,멜론매거진이벤트,더보이즈 (THE BOYZ) 댓글 이벤트,2025-03-17 18:00,2025-03-31 23:59,여,30대,2150,1618,96,5.93,11,11.46
36769,100068,멜론매거진이벤트,더보이즈 (THE BOYZ) 댓글 이벤트,2025-03-17 18:00,2025-03-31 23:59,여,40대,1952,1508,85,5.64,0,0.0
36769,100068,멜론매거진이벤트,더보이즈 (THE BOYZ) 댓글 이벤트,2025-03-17 18:00,2025-03-31 23:59,여,50대,924,734,28,3.81,0,0.0
36769,100068,멜론매거진이벤트,더보이즈 (THE BOYZ) 댓글 이벤트,2025-03-17 18:00,2025-03-31 23:59,여,60대이상,318,235,5,2.13,0,0.0
36772,100068,멜론매거진이벤트,마크 (MARK) 선공개 매거진 댓글 이벤트,2025-03-19 18:00,2025-03-26 23:59,남,10대이하,340,285,8,2.81,0,0.0
36772,100068,멜론매거진이벤트,마크 (MARK) 선공개 매거진 댓글 이벤트,2025-03-19 18:00,2025-03-26 23:59,남,20대,811,699,15,2.15,0,0.0
36772,100068,멜론매거진이벤트,마크 (MARK) 선공개 매거진 댓글 이벤트,2025-03-19 18:00,2025-03-26 23:59,남,30대,1024,834,17,2.04,0,0.0
36772,100068,멜론매거진이벤트,마크 (MARK) 선공개 매거진 댓글 이벤트,2025-03-19 18:00,2025-03-26 23:59,남,40대,1553,1072,57,5.32,1,1.75
36772,100068,멜론매거진이벤트,마크 (MARK) 선공개 매거진 댓글 이벤트,2025-03-19 18:00,2025-03-26 23:59,남,50대,982,710,57,8.03,0,0.0
36772,100068,멜론매거진이벤트,마크 (MARK) 선공개 매거진 댓글 이벤트,2025-03-19 18:00,2025-03-26 23:59,남,60대이상,230,179,6,3.35,0,0.0
36772,100068,멜론매거진이벤트,마크 (MARK) 선공개 매거진 댓글 이벤트,2025-03-19 18:00,2025-03-26 23:59,여,10대이하,6254,3637,568,15.62,32,5.63
36772,100068,멜론매거진이벤트,마크 (MARK) 선공개 매거진 댓글 이벤트,2025-03-19 18:00,2025-03-26 23:59,여,20대,10751,5125,1063,20.74,102,9.6
36772,100068,멜론매거진이벤트,마크 (MARK) 선공개 매거진 댓글 이벤트,2025-03-19 18:00,2025-03-26 23:59,여,30대,6231,2980,433,14.53,55,12.7
36772,100068,멜론매거진이벤트,마크 (MARK) 선공개 매거진 댓글 이벤트,2025-03-19 18:00,2025-03-26 23:59,여,40대,3881,2603,192,7.38,4,2.08
36772,100068,멜론매거진이벤트,마크 (MARK) 선공개 매거진 댓글 이벤트,2025-03-19 18:00,2025-03-26 23:59,여,50대,1631,1114,85,7.63,3,3.53
36772,100068,멜론매거진이벤트,마크 (MARK) 선공개 매거진 댓글 이벤트,2025-03-19 18:00,2025-03-26 23:59,여,60대이상,371,277,5,1.81,1,20.0
36776,100068,멜론매거진이벤트,장범준 댓글 이벤트,2025-03-20 18:00,2025-04-03 23:59,남,10대이하,1139,632,36,5.7,0,0.0
36776,100068,멜론매거진이벤트,장범준 댓글 이벤트,2025-03-20 18:00,2025-04-03 23:59,남,20대,2518,1997,88,4.41,3,3.41
36776,100068,멜론매거진이벤트,장범준 댓글 이벤트,2025-03-20 18:00,2025-04-03 23:59,남,30대,3666,2790,76,2.72,1,1.32
36776,100068,멜론매거진이벤트,장범준 댓글 이벤트,2025-03-20 18:00,2025-04-03 23:59,남,40대,2550,1969,35,1.78,0,0.0
36776,100068,멜론매거진이벤트,장범준 댓글 이벤트,2025-03-20 18:00,2025-04-03 23:59,남,50대,894,703,12,1.71,0,0.0
36776,100068,멜론매거진이벤트,장범준 댓글 이벤트,2025-03-20 18:00,2025-04-03 23:59,남,60대이상,269,205,5,2.44,0,0.0
36776,100068,멜론매거진이벤트,장범준 댓글 이벤트,2025-03-20 18:00,2025-04-03 23:59,여,10대이하,878,711,24,3.38,2,8.33
36776,100068,멜론매거진이벤트,장범준 댓글 이벤트,2025-03-20 18:00,2025-04-03 23:59,여,20대,3223,2571,87,3.38,4,4.6
36776,100068,멜론매거진이벤트,장범준 댓글 이벤트,2025-03-20 18:00,2025-04-03 23:59,여,30대,4397,3584,96,2.68,0,0.0
36776,100068,멜론매거진이벤트,장범준 댓글 이벤트,2025-03-20 18:00,2025-04-03 23:59,여,40대,4444,3255,94,2.89,5,5.32
36776,100068,멜론매거진이벤트,장범준 댓글 이벤트,2025-03-20 18:00,2025-04-03 23:59,여,50대,1667,1249,41,3.28,1,2.44
36776,100068,멜론매거진이벤트,장범준 댓글 이벤트,2025-03-20 18:00,2025-04-03 23:59,여,60대이상,525,392,9,2.3,0,0.0
36777,100068,멜론매거진이벤트,멜터뷰 내가 만든 플리 댓글 이벤트,2025-03-24 15:00,2025-04-23 23:59,남,10대이하,4780,3534,178,5.04,2,1.12
36777,100068,멜론매거진이벤트,멜터뷰 내가 만든 플리 댓글 이벤트,2025-03-24 15:00,2025-04-23 23:59,남,20대,8596,7155,130,1.82,3,2.31
36777,100068,멜론매거진이벤트,멜터뷰 내가 만든 플리 댓글 이벤트,2025-03-24 15:00,2025-04-23 23:59,남,30대,8802,7275,107,1.47,1,0.93
36777,100068,멜론매거진이벤트,멜터뷰 내가 만든 플리 댓글 이벤트,2025-03-24 15:00,2025-04-23 23:59,남,40대,10052,7588,202,2.66,2,0.99
36777,100068,멜론매거진이벤트,멜터뷰 내가 만든 플리 댓글 이벤트,2025-03-24 15:00,2025-04-23 23:59,남,50대,6077,4786,85,1.78,0,0.0
36777,100068,멜론매거진이벤트,멜터뷰 내가 만든 플리 댓글 이벤트,2025-03-24 15:00,2025-04-23 23:59,남,60대이상,1968,1473,11,0.75,0,0.0
36777,100068,멜론매거진이벤트,멜터뷰 내가 만든 플리 댓글 이벤트,2025-03-24 15:00,2025-04-23 23:59,여,10대이하,11129,8194,587,7.16,7,1.19
36777,100068,멜론매거진이벤트,멜터뷰 내가 만든 플리 댓글 이벤트,2025-03-24 15:00,2025-04-23 23:59,여,20대,17679,14200,518,3.65,2,0.39
36777,100068,멜론매거진이벤트,멜터뷰 내가 만든 플리 댓글 이벤트,2025-03-24 15:00,2025-04-23 23:59,여,30대,15122,12430,193,1.55,4,2.07
36777,100068,멜론매거진이벤트,멜터뷰 내가 만든 플리 댓글 이벤트,2025-03-24 15:00,2025-04-23 23:59,여,40대,21010,14781,343,2.32,0,0.0
36777,100068,멜론매거진이벤트,멜터뷰 내가 만든 플리 댓글 이벤트,2025-03-24 15:00,2025-04-23 23:59,여,50대,8884,7055,91,1.29,0,0.0
36777,100068,멜론매거진이벤트,멜터뷰 내가 만든 플리 댓글 이벤트,2025-03-24 15:00,2025-04-23 23:59,여,60대이상,2977,2274,12,0.53,0,0.0
36779,100068,멜론매거진이벤트,멜론 데이터랩 댓글 이벤트 #49,2025-03-21 15:00,2025-04-04 23:59,남,10대이하,873,639,38,5.95,1,2.63
36779,100068,멜론매거진이벤트,멜론 데이터랩 댓글 이벤트 #49,2025-03-21 15:00,2025-04-04 23:59,남,20대,1876,1608,50,3.11,3,6.0
36779,100068,멜론매거진이벤트,멜론 데이터랩 댓글 이벤트 #49,2025-03-21 15:00,2025-04-04 23:59,남,30대,2130,1699,72,4.24,0,0.0
36779,100068,멜론매거진이벤트,멜론 데이터랩 댓글 이벤트 #49,2025-03-21 15:00,2025-04-04 23:59,남,40대,2384,1900,49,2.58,0,0.0
36779,100068,멜론매거진이벤트,멜론 데이터랩 댓글 이벤트 #49,2025-03-21 15:00,2025-04-04 23:59,남,50대,1261,1010,21,2.08,0,0.0
36779,100068,멜론매거진이벤트,멜론 데이터랩 댓글 이벤트 #49,2025-03-21 15:00,2025-04-04 23:59,남,60대이상,393,289,2,0.69,0,0.0
36779,100068,멜론매거진이벤트,멜론 데이터랩 댓글 이벤트 #49,2025-03-21 15:00,2025-04-04 23:59,여,10대이하,1848,1427,72,5.05,1,1.39
36779,100068,멜론매거진이벤트,멜론 데이터랩 댓글 이벤트 #49,2025-03-21 15:00,2025-04-04 23:59,여,20대,4253,3490,190,5.44,2,1.05
36779,100068,멜론매거진이벤트,멜론 데이터랩 댓글 이벤트 #49,2025-03-21 15:00,2025-04-04 23:59,여,30대,4089,3435,100,2.91,1,1.0
36779,100068,멜론매거진이벤트,멜론 데이터랩 댓글 이벤트 #49,2025-03-21 15:00,2025-04-04 23:59,여,40대,4612,3696,94,2.54,0,0.0
36779,100068,멜론매거진이벤트,멜론 데이터랩 댓글 이벤트 #49,2025-03-21 15:00,2025-04-04 23:59,여,50대,1958,1588,23,1.45,0,0.0
36779,100068,멜론매거진이벤트,멜론 데이터랩 댓글 이벤트 #49,2025-03-21 15:00,2025-04-04 23:59,여,60대이상,642,498,7,1.41,0,0.0
36782,100068,멜론매거진이벤트,KiiiKiii (키키) 댓글 이벤트 #2,2025-03-24 18:00,2025-04-04 23:59,남,10대이하,1005,690,23,3.33,0,0.0
36782,100068,멜론매거진이벤트,KiiiKiii (키키) 댓글 이벤트 #2,2025-03-24 18:00,2025-04-04 23:59,남,20대,1785,1346,39,2.9,2,5.13
36782,100068,멜론매거진이벤트,KiiiKiii (키키) 댓글 이벤트 #2,2025-03-24 18:00,2025-04-04 23:59,남,30대,2051,1396,30,2.15,1,3.33
36782,100068,멜론매거진이벤트,KiiiKiii (키키) 댓글 이벤트 #2,2025-03-24 18:00,2025-04-04 23:59,남,40대,2544,1854,48,2.59,0,0.0
36782,100068,멜론매거진이벤트,KiiiKiii (키키) 댓글 이벤트 #2,2025-03-24 18:00,2025-04-04 23:59,남,50대,1099,863,17,1.97,2,11.76
36782,100068,멜론매거진이벤트,KiiiKiii (키키) 댓글 이벤트 #2,2025-03-24 18:00,2025-04-04 23:59,남,60대이상,284,204,2,0.98,0,0.0
36782,100068,멜론매거진이벤트,KiiiKiii (키키) 댓글 이벤트 #2,2025-03-24 18:00,2025-04-04 23:59,여,10대이하,2599,1611,125,7.76,3,2.4
36782,100068,멜론매거진이벤트,KiiiKiii (키키) 댓글 이벤트 #2,2025-03-24 18:00,2025-04-04 23:59,여,20대,4280,2949,184,6.24,6,3.26
36782,100068,멜론매거진이벤트,KiiiKiii (키키) 댓글 이벤트 #2,2025-03-24 18:00,2025-04-04 23:59,여,30대,2595,2004,32,1.6,0,0.0
36782,100068,멜론매거진이벤트,KiiiKiii (키키) 댓글 이벤트 #2,2025-03-24 18:00,2025-04-04 23:59,여,40대,4248,2970,101,3.4,0,0.0
36782,100068,멜론매거진이벤트,KiiiKiii (키키) 댓글 이벤트 #2,2025-03-24 18:00,2025-04-04 23:59,여,50대,1275,944,10,1.06,1,10.0
36782,100068,멜론매거진이벤트,KiiiKiii (키키) 댓글 이벤트 #2,2025-03-24 18:00,2025-04-04 23:59,여,60대이상,303,233,1,0.43,0,0.0
36785,100068,멜론매거진이벤트,Xdinary Heroes 댓글 이벤트,2025-03-24 18:00,2025-04-07 23:59,남,10대이하,203,154,6,3.9,0,0.0
36785,100068,멜론매거진이벤트,Xdinary Heroes 댓글 이벤트,2025-03-24 18:00,2025-04-07 23:59,남,20대,675,551,13,2.36,1,7.69
36785,100068,멜론매거진이벤트,Xdinary Heroes 댓글 이벤트,2025-03-24 18:00,2025-04-07 23:59,남,30대,805,692,7,1.01,0,0.0
36785,100068,멜론매거진이벤트,Xdinary Heroes 댓글 이벤트,2025-03-24 18:00,2025-04-07 23:59,남,40대,643,541,15,2.77,0,0.0
36785,100068,멜론매거진이벤트,Xdinary Heroes 댓글 이벤트,2025-03-24 18:00,2025-04-07 23:59,남,50대,474,301,14,4.65,0,0.0
36785,100068,멜론매거진이벤트,Xdinary Heroes 댓글 이벤트,2025-03-24 18:00,2025-04-07 23:59,남,60대이상,192,105,2,1.9,0,0.0
36785,100068,멜론매거진이벤트,Xdinary Heroes 댓글 이벤트,2025-03-24 18:00,2025-04-07 23:59,여,10대이하,1101,614,105,17.1,3,2.86
36785,100068,멜론매거진이벤트,Xdinary Heroes 댓글 이벤트,2025-03-24 18:00,2025-04-07 23:59,여,20대,2750,1568,225,14.35,23,10.22
36785,100068,멜론매거진이벤트,Xdinary Heroes 댓글 이벤트,2025-03-24 18:00,2025-04-07 23:59,여,30대,1738,1271,75,5.9,8,10.67
36785,100068,멜론매거진이벤트,Xdinary Heroes 댓글 이벤트,2025-03-24 18:00,2025-04-07 23:59,여,40대,1367,1060,44,4.15,0,0.0
36785,100068,멜론매거진이벤트,Xdinary Heroes 댓글 이벤트,2025-03-24 18:00,2025-04-07 23:59,여,50대,732,533,27,5.07,0,0.0
36785,100068,멜론매거진이벤트,Xdinary Heroes 댓글 이벤트,2025-03-24 18:00,2025-04-07 23:59,여,60대이상,230,196,2,1.02,0,0.0
36799,100068,멜론매거진이벤트,범규 댓글 이벤트,2025-03-27 18:00,2025-04-10 23:59,남,10대이하,325,239,9,3.77,0,0.0
36799,100068,멜론매거진이벤트,범규 댓글 이벤트,2025-03-27 18:00,2025-04-10 23:59,남,20대,901,765,22,2.88,0,0.0
36799,100068,멜론매거진이벤트,범규 댓글 이벤트,2025-03-27 18:00,2025-04-10 23:59,남,30대,899,720,18,2.5,0,0.0
36799,100068,멜론매거진이벤트,범규 댓글 이벤트,2025-03-27 18:00,2025-04-10 23:59,남,40대,1873,989,114,11.53,1,0.88
36799,100068,멜론매거진이벤트,범규 댓글 이벤트,2025-03-27 18:00,2025-04-10 23:59,남,50대,809,510,54,10.59,1,1.85
36799,100068,멜론매거진이벤트,범규 댓글 이벤트,2025-03-27 18:00,2025-04-10 23:59,남,60대이상,159,122,7,5.74,1,14.29
36799,100068,멜론매거진이벤트,범규 댓글 이벤트,2025-03-27 18:00,2025-04-10 23:59,여,10대이하,4815,1969,594,30.17,31,5.22
36799,100068,멜론매거진이벤트,범규 댓글 이벤트,2025-03-27 18:00,2025-04-10 23:59,여,20대,3507,2068,258,12.48,19,7.36
36799,100068,멜론매거진이벤트,범규 댓글 이벤트,2025-03-27 18:00,2025-04-10 23:59,여,30대,1844,1269,88,6.93,2,2.27
36799,100068,멜론매거진이벤트,범규 댓글 이벤트,2025-03-27 18:00,2025-04-10 23:59,여,40대,3986,2185,306,14.0,8,2.61
36799,100068,멜론매거진이벤트,범규 댓글 이벤트,2025-03-27 18:00,2025-04-10 23:59,여,50대,1308,842,75,8.91,1,1.33
36799,100068,멜론매거진이벤트,범규 댓글 이벤트,2025-03-27 18:00,2025-04-10 23:59,여,60대이상,319,254,8,3.15,0,0.0
36804,100068,멜론매거진이벤트,izna (이즈나) 댓글 이벤트,2025-03-31 18:00,2025-04-14 23:59,남,10대이하,843,648,37,5.71,1,2.7
36804,100068,멜론매거진이벤트,izna (이즈나) 댓글 이벤트,2025-03-31 18:00,2025-04-14 23:59,남,20대,2074,1724,62,3.6,1,1.61
36804,100068,멜론매거진이벤트,izna (이즈나) 댓글 이벤트,2025-03-31 18:00,2025-04-14 23:59,남,30대,2409,1946,32,1.64,0,0.0
36804,100068,멜론매거진이벤트,izna (이즈나) 댓글 이벤트,2025-03-31 18:00,2025-04-14 23:59,남,40대,2830,1975,92,4.66,3,3.26
36804,100068,멜론매거진이벤트,izna (이즈나) 댓글 이벤트,2025-03-31 18:00,2025-04-14 23:59,남,50대,1223,943,23,2.44,0,0.0
36804,100068,멜론매거진이벤트,izna (이즈나) 댓글 이벤트,2025-03-31 18:00,2025-04-14 23:59,남,60대이상,374,280,8,2.86,0,0.0
36804,100068,멜론매거진이벤트,izna (이즈나) 댓글 이벤트,2025-03-31 18:00,2025-04-14 23:59,여,10대이하,2485,1611,180,11.17,10,5.56
36804,100068,멜론매거진이벤트,izna (이즈나) 댓글 이벤트,2025-03-31 18:00,2025-04-14 23:59,여,20대,4386,3382,183,5.41,3,1.64
36804,100068,멜론매거진이벤트,izna (이즈나) 댓글 이벤트,2025-03-31 18:00,2025-04-14 23:59,여,30대,4054,2938,48,1.63,1,2.08
36804,100068,멜론매거진이벤트,izna (이즈나) 댓글 이벤트,2025-03-31 18:00,2025-04-14 23:59,여,40대,5232,3656,158,4.32,3,1.9
36804,100068,멜론매거진이벤트,izna (이즈나) 댓글 이벤트,2025-03-31 18:00,2025-04-14 23:59,여,50대,1753,1407,28,1.99,2,7.14
36804,100068,멜론매거진이벤트,izna (이즈나) 댓글 이벤트,2025-03-31 18:00,2025-04-14 23:59,여,60대이상,562,451,5,1.11,0,0.0
36815,100068,멜론매거진이벤트,카이 (KAI) 댓글 이벤트,2025-04-03 18:00,2025-04-17 23:59,남,10대이하,332,291,9,3.09,1,11.11
36815,100068,멜론매거진이벤트,카이 (KAI) 댓글 이벤트,2025-04-03 18:00,2025-04-17 23:59,남,20대,1025,837,20,2.39,0,0.0
36815,100068,멜론매거진이벤트,카이 (KAI) 댓글 이벤트,2025-04-03 18:00,2025-04-17 23:59,남,30대,1173,1001,8,0.8,0,0.0
36815,100068,멜론매거진이벤트,카이 (KAI) 댓글 이벤트,2025-04-03 18:00,2025-04-17 23:59,남,40대,1099,902,16,1.77,0,0.0
36815,100068,멜론매거진이벤트,카이 (KAI) 댓글 이벤트,2025-04-03 18:00,2025-04-17 23:59,남,50대,593,498,8,1.61,0,0.0
36815,100068,멜론매거진이벤트,카이 (KAI) 댓글 이벤트,2025-04-03 18:00,2025-04-17 23:59,남,60대이상,179,146,2,1.37,0,0.0
36815,100068,멜론매거진이벤트,카이 (KAI) 댓글 이벤트,2025-04-03 18:00,2025-04-17 23:59,여,10대이하,1038,767,56,7.3,0,0.0
36815,100068,멜론매거진이벤트,카이 (KAI) 댓글 이벤트,2025-04-03 18:00,2025-04-17 23:59,여,20대,3268,2457,237,9.65,15,6.33
36815,100068,멜론매거진이벤트,카이 (KAI) 댓글 이벤트,2025-04-03 18:00,2025-04-17 23:59,여,30대,2760,2077,99,4.77,8,8.08
36815,100068,멜론매거진이벤트,카이 (KAI) 댓글 이벤트,2025-04-03 18:00,2025-04-17 23:59,여,40대,2390,1889,63,3.34,2,3.17
36815,100068,멜론매거진이벤트,카이 (KAI) 댓글 이벤트,2025-04-03 18:00,2025-04-17 23:59,여,50대,1019,822,22,2.68,3,13.64
36815,100068,멜론매거진이벤트,카이 (KAI) 댓글 이벤트,2025-04-03 18:00,2025-04-17 23:59,여,60대이상,347,256,5,1.95,0,0.0
36816,100068,멜론매거진이벤트,Coldplay 댓글 이벤트 #1,2025-04-08 12:00,2025-04-27 23:59,남,10대이하,651,496,57,11.49,3,5.26
36816,100068,멜론매거진이벤트,Coldplay 댓글 이벤트 #1,2025-04-08 12:00,2025-04-27 23:59,남,20대,2191,1805,131,7.26,4,3.05
36816,100068,멜론매거진이벤트,Coldplay 댓글 이벤트 #1,2025-04-08 12:00,2025-04-27 23:59,남,30대,2307,1815,150,8.26,0,0.0
36816,100068,멜론매거진이벤트,Coldplay 댓글 이벤트 #1,2025-04-08 12:00,2025-04-27 23:59,남,40대,1637,1297,85,6.55,1,1.18
36816,100068,멜론매거진이벤트,Coldplay 댓글 이벤트 #1,2025-04-08 12:00,2025-04-27 23:59,남,50대,947,759,46,6.06,0,0.0
36816,100068,멜론매거진이벤트,Coldplay 댓글 이벤트 #1,2025-04-08 12:00,2025-04-27 23:59,남,60대이상,289,226,6,2.65,0,0.0
36816,100068,멜론매거진이벤트,Coldplay 댓글 이벤트 #1,2025-04-08 12:00,2025-04-27 23:59,여,10대이하,984,829,48,5.79,0,0.0
36816,100068,멜론매거진이벤트,Coldplay 댓글 이벤트 #1,2025-04-08 12:00,2025-04-27 23:59,여,20대,4007,3258,271,8.32,3,1.11
36816,100068,멜론매거진이벤트,Coldplay 댓글 이벤트 #1,2025-04-08 12:00,2025-04-27 23:59,여,30대,4230,3345,365,10.91,5,1.37
36816,100068,멜론매거진이벤트,Coldplay 댓글 이벤트 #1,2025-04-08 12:00,2025-04-27 23:59,여,40대,3343,2551,210,8.23,0,0.0
36816,100068,멜론매거진이벤트,Coldplay 댓글 이벤트 #1,2025-04-08 12:00,2025-04-27 23:59,여,50대,1725,1270,97,7.64,2,2.06
36816,100068,멜론매거진이벤트,Coldplay 댓글 이벤트 #1,2025-04-08 12:00,2025-04-27 23:59,여,60대이상,504,422,15,3.55,0,0.0
36818,100068,멜론매거진이벤트,KiiiKiii (키키) 댓글 이벤트 #3,2025-04-07 12:00,2025-04-21 23:59,남,10대이하,469,327,27,8.26,0,0.0
36818,100068,멜론매거진이벤트,KiiiKiii (키키) 댓글 이벤트 #3,2025-04-07 12:00,2025-04-21 23:59,남,20대,1206,814,64,7.86,2,3.13
36818,100068,멜론매거진이벤트,KiiiKiii (키키) 댓글 이벤트 #3,2025-04-07 12:00,2025-04-21 23:59,남,30대,1238,913,38,4.16,1,2.63
36818,100068,멜론매거진이벤트,KiiiKiii (키키) 댓글 이벤트 #3,2025-04-07 12:00,2025-04-21 23:59,남,40대,1320,960,56,5.83,1,1.79
36818,100068,멜론매거진이벤트,KiiiKiii (키키) 댓글 이벤트 #3,2025-04-07 12:00,2025-04-21 23:59,남,50대,529,430,12,2.79,0,0.0
36818,100068,멜론매거진이벤트,KiiiKiii (키키) 댓글 이벤트 #3,2025-04-07 12:00,2025-04-21 23:59,남,60대이상,173,116,4,3.45,0,0.0
36818,100068,멜론매거진이벤트,KiiiKiii (키키) 댓글 이벤트 #3,2025-04-07 12:00,2025-04-21 23:59,여,10대이하,1167,756,78,10.32,2,2.56
36818,100068,멜론매거진이벤트,KiiiKiii (키키) 댓글 이벤트 #3,2025-04-07 12:00,2025-04-21 23:59,여,20대,2086,1520,104,6.84,2,1.92
36818,100068,멜론매거진이벤트,KiiiKiii (키키) 댓글 이벤트 #3,2025-04-07 12:00,2025-04-21 23:59,여,30대,1659,1293,25,1.93,0,0.0
36818,100068,멜론매거진이벤트,KiiiKiii (키키) 댓글 이벤트 #3,2025-04-07 12:00,2025-04-21 23:59,여,40대,2126,1614,77,4.77,0,0.0
36818,100068,멜론매거진이벤트,KiiiKiii (키키) 댓글 이벤트 #3,2025-04-07 12:00,2025-04-21 23:59,여,50대,762,606,15,2.48,0,0.0
36818,100068,멜론매거진이벤트,KiiiKiii (키키) 댓글 이벤트 #3,2025-04-07 12:00,2025-04-21 23:59,여,60대이상,241,191,4,2.09,0,0.0
36822,100068,멜론매거진이벤트,오마이걸 (OH MY GIRL) 댓글 이벤트,2025-04-09 18:00,2025-04-23 23:59,남,10대이하,690,472,38,8.05,1,2.63
36822,100068,멜론매거진이벤트,오마이걸 (OH MY GIRL) 댓글 이벤트,2025-04-09 18:00,2025-04-23 23:59,남,20대,2030,1520,107,7.04,3,2.8
36822,100068,멜론매거진이벤트,오마이걸 (OH MY GIRL) 댓글 이벤트,2025-04-09 18:00,2025-04-23 23:59,남,30대,2118,1702,74,4.35,2,2.7
36822,100068,멜론매거진이벤트,오마이걸 (OH MY GIRL) 댓글 이벤트,2025-04-09 18:00,2025-04-23 23:59,남,40대,1974,1498,72,4.81,2,2.78
36822,100068,멜론매거진이벤트,오마이걸 (OH MY GIRL) 댓글 이벤트,2025-04-09 18:00,2025-04-23 23:59,남,50대,856,684,14,2.05,0,0.0
36822,100068,멜론매거진이벤트,오마이걸 (OH MY GIRL) 댓글 이벤트,2025-04-09 18:00,2025-04-23 23:59,남,60대이상,253,209,3,1.44,0,0.0
36822,100068,멜론매거진이벤트,오마이걸 (OH MY GIRL) 댓글 이벤트,2025-04-09 18:00,2025-04-23 23:59,여,10대이하,1397,944,89,9.43,4,4.49
36822,100068,멜론매거진이벤트,오마이걸 (OH MY GIRL) 댓글 이벤트,2025-04-09 18:00,2025-04-23 23:59,여,20대,3450,2769,111,4.01,6,5.41
36822,100068,멜론매거진이벤트,오마이걸 (OH MY GIRL) 댓글 이벤트,2025-04-09 18:00,2025-04-23 23:59,여,30대,3095,2596,54,2.08,4,7.41
36822,100068,멜론매거진이벤트,오마이걸 (OH MY GIRL) 댓글 이벤트,2025-04-09 18:00,2025-04-23 23:59,여,40대,3138,2580,65,2.52,0,0.0
36822,100068,멜론매거진이벤트,오마이걸 (OH MY GIRL) 댓글 이벤트,2025-04-09 18:00,2025-04-23 23:59,여,50대,1284,1059,14,1.32,2,14.29
36822,100068,멜론매거진이벤트,오마이걸 (OH MY GIRL) 댓글 이벤트,2025-04-09 18:00,2025-04-23 23:59,여,60대이상,511,399,7,1.75,1,14.29
36823,100068,멜론매거진이벤트,대성 댓글 이벤트,2025-04-08 18:00,2025-04-22 23:59,남,10대이하,663,433,64,14.78,4,6.25
36823,100068,멜론매거진이벤트,대성 댓글 이벤트,2025-04-08 18:00,2025-04-22 23:59,남,20대,786,615,39,6.34,1,2.56
36823,100068,멜론매거진이벤트,대성 댓글 이벤트,2025-04-08 18:00,2025-04-22 23:59,남,30대,795,602,25,4.15,0,0.0
36823,100068,멜론매거진이벤트,대성 댓글 이벤트,2025-04-08 18:00,2025-04-22 23:59,남,40대,1139,693,75,10.82,2,2.67
36823,100068,멜론매거진이벤트,대성 댓글 이벤트,2025-04-08 18:00,2025-04-22 23:59,남,50대,487,318,26,8.18,0,0.0
36823,100068,멜론매거진이벤트,대성 댓글 이벤트,2025-04-08 18:00,2025-04-22 23:59,남,60대이상,115,72,7,9.72,0,0.0
36823,100068,멜론매거진이벤트,대성 댓글 이벤트,2025-04-08 18:00,2025-04-22 23:59,여,10대이하,2422,971,261,26.88,22,8.43
36823,100068,멜론매거진이벤트,대성 댓글 이벤트,2025-04-08 18:00,2025-04-22 23:59,여,20대,2349,1254,255,20.33,7,2.75
36823,100068,멜론매거진이벤트,대성 댓글 이벤트,2025-04-08 18:00,2025-04-22 23:59,여,30대,2053,1234,173,14.02,7,4.05
36823,100068,멜론매거진이벤트,대성 댓글 이벤트,2025-04-08 18:00,2025-04-22 23:59,여,40대,2650,1548,164,10.59,2,1.22
36823,100068,멜론매거진이벤트,대성 댓글 이벤트,2025-04-08 18:00,2025-04-22 23:59,여,50대,911,609,48,7.88,3,6.25
36823,100068,멜론매거진이벤트,대성 댓글 이벤트,2025-04-08 18:00,2025-04-22 23:59,여,60대이상,273,179,9,5.03,0,0.0
36824,100068,멜론매거진이벤트,Coldplay 댓글 이벤트 #2,2025-04-09 18:00,2025-04-27 23:59,남,10대이하,1105,727,77,10.59,1,1.3
36824,100068,멜론매거진이벤트,Coldplay 댓글 이벤트 #2,2025-04-09 18:00,2025-04-27 23:59,남,20대,2647,2036,194,9.53,1,0.52
36824,100068,멜론매거진이벤트,Coldplay 댓글 이벤트 #2,2025-04-09 18:00,2025-04-27 23:59,남,30대,3368,2437,258,10.59,0,0.0
36824,100068,멜론매거진이벤트,Coldplay 댓글 이벤트 #2,2025-04-09 18:00,2025-04-27 23:59,남,40대,2853,2024,139,6.87,2,1.44
36824,100068,멜론매거진이벤트,Coldplay 댓글 이벤트 #2,2025-04-09 18:00,2025-04-27 23:59,남,50대,1548,1162,47,4.04,0,0.0
36824,100068,멜론매거진이벤트,Coldplay 댓글 이벤트 #2,2025-04-09 18:00,2025-04-27 23:59,남,60대이상,382,307,6,1.95,0,0.0
36824,100068,멜론매거진이벤트,Coldplay 댓글 이벤트 #2,2025-04-09 18:00,2025-04-27 23:59,여,10대이하,1314,1007,70,6.95,1,1.43
36824,100068,멜론매거진이벤트,Coldplay 댓글 이벤트 #2,2025-04-09 18:00,2025-04-27 23:59,여,20대,4861,3676,391,10.64,1,0.26
36824,100068,멜론매거진이벤트,Coldplay 댓글 이벤트 #2,2025-04-09 18:00,2025-04-27 23:59,여,30대,6085,4456,490,11.0,11,2.24
36824,100068,멜론매거진이벤트,Coldplay 댓글 이벤트 #2,2025-04-09 18:00,2025-04-27 23:59,여,40대,5400,3903,280,7.17,2,0.71
36824,100068,멜론매거진이벤트,Coldplay 댓글 이벤트 #2,2025-04-09 18:00,2025-04-27 23:59,여,50대,2645,1805,142,7.87,3,2.11
36824,100068,멜론매거진이벤트,Coldplay 댓글 이벤트 #2,2025-04-09 18:00,2025-04-27 23:59,여,60대이상,715,533,22,4.13,0,0.0
36839,100068,멜론매거진이벤트,LIVE CLUB DAY 댓글 이벤트,2025-04-11 12:00,2025-04-17 23:59,남,10대이하,328,285,23,8.07,0,0.0
36839,100068,멜론매거진이벤트,LIVE CLUB DAY 댓글 이벤트,2025-04-11 12:00,2025-04-17 23:59,남,20대,1419,1236,86,6.96,2,2.33
36839,100068,멜론매거진이벤트,LIVE CLUB DAY 댓글 이벤트,2025-04-11 12:00,2025-04-17 23:59,남,30대,1691,1376,142,10.32,1,0.7
36839,100068,멜론매거진이벤트,LIVE CLUB DAY 댓글 이벤트,2025-04-11 12:00,2025-04-17 23:59,남,40대,1203,995,68,6.83,0,0.0
36839,100068,멜론매거진이벤트,LIVE CLUB DAY 댓글 이벤트,2025-04-11 12:00,2025-04-17 23:59,남,50대,655,521,40,7.68,0,0.0
36839,100068,멜론매거진이벤트,LIVE CLUB DAY 댓글 이벤트,2025-04-11 12:00,2025-04-17 23:59,남,60대이상,185,164,8,4.88,0,0.0
36839,100068,멜론매거진이벤트,LIVE CLUB DAY 댓글 이벤트,2025-04-11 12:00,2025-04-17 23:59,여,10대이하,918,783,55,7.02,0,0.0
36839,100068,멜론매거진이벤트,LIVE CLUB DAY 댓글 이벤트,2025-04-11 12:00,2025-04-17 23:59,여,20대,3512,2842,317,11.15,4,1.26
36839,100068,멜론매거진이벤트,LIVE CLUB DAY 댓글 이벤트,2025-04-11 12:00,2025-04-17 23:59,여,30대,2705,2337,163,6.97,3,1.84
36839,100068,멜론매거진이벤트,LIVE CLUB DAY 댓글 이벤트,2025-04-11 12:00,2025-04-17 23:59,여,40대,2251,1880,103,5.48,2,1.94
36839,100068,멜론매거진이벤트,LIVE CLUB DAY 댓글 이벤트,2025-04-11 12:00,2025-04-17 23:59,여,50대,1205,985,76,7.72,0,0.0
36839,100068,멜론매거진이벤트,LIVE CLUB DAY 댓글 이벤트,2025-04-11 12:00,2025-04-17 23:59,여,60대이상,339,281,9,3.2,0,0.0
36845,100068,멜론매거진이벤트,NCT WISH 댓글 이벤트,2025-04-14 18:00,2025-04-28 23:59,남,10대이하,420,288,35,12.15,0,0.0
36845,100068,멜론매거진이벤트,NCT WISH 댓글 이벤트,2025-04-14 18:00,2025-04-28 23:59,남,20대,1019,802,52,6.48,0,0.0
36845,100068,멜론매거진이벤트,NCT WISH 댓글 이벤트,2025-04-14 18:00,2025-04-28 23:59,남,30대,901,721,25,3.47,0,0.0
36845,100068,멜론매거진이벤트,NCT WISH 댓글 이벤트,2025-04-14 18:00,2025-04-28 23:59,남,40대,1990,873,126,14.43,1,0.79
36845,100068,멜론매거진이벤트,NCT WISH 댓글 이벤트,2025-04-14 18:00,2025-04-28 23:59,남,50대,1379,749,152,20.29,3,1.97
36845,100068,멜론매거진이벤트,NCT WISH 댓글 이벤트,2025-04-14 18:00,2025-04-28 23:59,남,60대이상,249,150,20,13.33,1,5.0
36845,100068,멜론매거진이벤트,NCT WISH 댓글 이벤트,2025-04-14 18:00,2025-04-28 23:59,여,10대이하,11250,3863,1210,31.32,94,7.77
36845,100068,멜론매거진이벤트,NCT WISH 댓글 이벤트,2025-04-14 18:00,2025-04-28 23:59,여,20대,21146,6279,1971,31.39,178,9.03
36845,100068,멜론매거진이벤트,NCT WISH 댓글 이벤트,2025-04-14 18:00,2025-04-28 23:59,여,30대,5156,2137,369,17.27,31,8.4
36845,100068,멜론매거진이벤트,NCT WISH 댓글 이벤트,2025-04-14 18:00,2025-04-28 23:59,여,40대,4165,2242,322,14.36,11,3.42
36845,100068,멜론매거진이벤트,NCT WISH 댓글 이벤트,2025-04-14 18:00,2025-04-28 23:59,여,50대,1935,1071,171,15.97,4,2.34
36845,100068,멜론매거진이벤트,NCT WISH 댓글 이벤트,2025-04-14 18:00,2025-04-28 23:59,여,60대이상,438,318,15,4.72,1,6.67
36856,100068,멜론매거진이벤트,TWS (투어스) 댓글 이벤트,2025-04-21 18:00,2025-05-05 23:59,남,10대이하,542,386,30,7.77,1,3.33
36856,100068,멜론매거진이벤트,TWS (투어스) 댓글 이벤트,2025-04-21 18:00,2025-05-05 23:59,남,20대,1181,968,43,4.44,1,2.33
36856,100068,멜론매거진이벤트,TWS (투어스) 댓글 이벤트,2025-04-21 18:00,2025-05-05 23:59,남,30대,1518,1261,34,2.7,1,2.94
36856,100068,멜론매거진이벤트,TWS (투어스) 댓글 이벤트,2025-04-21 18:00,2025-05-05 23:59,남,40대,1873,1280,75,5.86,0,0.0
36856,100068,멜론매거진이벤트,TWS (투어스) 댓글 이벤트,2025-04-21 18:00,2025-05-05 23:59,남,50대,871,630,32,5.08,0,0.0
36856,100068,멜론매거진이벤트,TWS (투어스) 댓글 이벤트,2025-04-21 18:00,2025-05-05 23:59,남,60대이상,248,169,5,2.96,0,0.0
36856,100068,멜론매거진이벤트,TWS (투어스) 댓글 이벤트,2025-04-21 18:00,2025-05-05 23:59,여,10대이하,2819,1453,325,22.37,25,7.69
36856,100068,멜론매거진이벤트,TWS (투어스) 댓글 이벤트,2025-04-21 18:00,2025-05-05 23:59,여,20대,3896,2487,315,12.67,16,5.08
36856,100068,멜론매거진이벤트,TWS (투어스) 댓글 이벤트,2025-04-21 18:00,2025-05-05 23:59,여,30대,3867,2550,196,7.69,8,4.08
36856,100068,멜론매거진이벤트,TWS (투어스) 댓글 이벤트,2025-04-21 18:00,2025-05-05 23:59,여,40대,4393,2749,216,7.86,5,2.31
36856,100068,멜론매거진이벤트,TWS (투어스) 댓글 이벤트,2025-04-21 18:00,2025-05-05 23:59,여,50대,1333,935,44,4.71,1,2.27
36856,100068,멜론매거진이벤트,TWS (투어스) 댓글 이벤트,2025-04-21 18:00,2025-05-05 23:59,여,60대이상,332,277,6,2.17,0,0.0
36858,100068,멜론매거진이벤트,츄 (CHUU) 댓글 이벤트,2025-04-21 18:00,2025-05-05 23:59,남,10대이하,754,494,73,14.78,1,1.37
36858,100068,멜론매거진이벤트,츄 (CHUU) 댓글 이벤트,2025-04-21 18:00,2025-05-05 23:59,남,20대,1569,1196,109,9.11,2,1.83
36858,100068,멜론매거진이벤트,츄 (CHUU) 댓글 이벤트,2025-04-21 18:00,2025-05-05 23:59,남,30대,1406,1095,72,6.58,2,2.78
36858,100068,멜론매거진이벤트,츄 (CHUU) 댓글 이벤트,2025-04-21 18:00,2025-05-05 23:59,남,40대,1245,948,48,5.06,1,2.08
36858,100068,멜론매거진이벤트,츄 (CHUU) 댓글 이벤트,2025-04-21 18:00,2025-05-05 23:59,남,50대,636,506,20,3.95,0,0.0
36858,100068,멜론매거진이벤트,츄 (CHUU) 댓글 이벤트,2025-04-21 18:00,2025-05-05 23:59,남,60대이상,164,129,4,3.1,0,0.0
36858,100068,멜론매거진이벤트,츄 (CHUU) 댓글 이벤트,2025-04-21 18:00,2025-05-05 23:59,여,10대이하,913,671,61,9.09,2,3.28
36858,100068,멜론매거진이벤트,츄 (CHUU) 댓글 이벤트,2025-04-21 18:00,2025-05-05 23:59,여,20대,2204,1757,89,5.07,1,1.12
36858,100068,멜론매거진이벤트,츄 (CHUU) 댓글 이벤트,2025-04-21 18:00,2025-05-05 23:59,여,30대,1574,1336,20,1.5,0,0.0
36858,100068,멜론매거진이벤트,츄 (CHUU) 댓글 이벤트,2025-04-21 18:00,2025-05-05 23:59,여,40대,2032,1601,46,2.87,0,0.0
36858,100068,멜론매거진이벤트,츄 (CHUU) 댓글 이벤트,2025-04-21 18:00,2025-05-05 23:59,여,50대,940,767,15,1.96,0,0.0
36858,100068,멜론매거진이벤트,츄 (CHUU) 댓글 이벤트,2025-04-21 18:00,2025-05-05 23:59,여,60대이상,261,198,4,2.02,0,0.0
36861,100068,멜론매거진이벤트,LUCY 댓글 이벤트,2025-04-23 18:00,2025-05-07 23:59,남,10대이하,467,361,26,7.2,0,0.0
36861,100068,멜론매거진이벤트,LUCY 댓글 이벤트,2025-04-23 18:00,2025-05-07 23:59,남,20대,973,812,23,2.83,1,4.35
36861,100068,멜론매거진이벤트,LUCY 댓글 이벤트,2025-04-23 18:00,2025-05-07 23:59,남,30대,922,775,23,2.97,1,4.35
36861,100068,멜론매거진이벤트,LUCY 댓글 이벤트,2025-04-23 18:00,2025-05-07 23:59,남,40대,1047,793,38,4.79,1,2.63
36861,100068,멜론매거진이벤트,LUCY 댓글 이벤트,2025-04-23 18:00,2025-05-07 23:59,남,50대,581,430,24,5.58,0,0.0
36861,100068,멜론매거진이벤트,LUCY 댓글 이벤트,2025-04-23 18:00,2025-05-07 23:59,남,60대이상,129,110,1,0.91,0,0.0
36861,100068,멜론매거진이벤트,LUCY 댓글 이벤트,2025-04-23 18:00,2025-05-07 23:59,여,10대이하,2443,1290,227,17.6,6,2.64
36861,100068,멜론매거진이벤트,LUCY 댓글 이벤트,2025-04-23 18:00,2025-05-07 23:59,여,20대,3325,2144,265,12.36,11,4.15
36861,100068,멜론매거진이벤트,LUCY 댓글 이벤트,2025-04-23 18:00,2025-05-07 23:59,여,30대,1991,1496,74,4.95,3,4.05
36861,100068,멜론매거진이벤트,LUCY 댓글 이벤트,2025-04-23 18:00,2025-05-07 23:59,여,40대,2277,1671,84,5.03,0,0.0
36861,100068,멜론매거진이벤트,LUCY 댓글 이벤트,2025-04-23 18:00,2025-05-07 23:59,여,50대,952,703,34,4.84,1,2.94
36861,100068,멜론매거진이벤트,LUCY 댓글 이벤트,2025-04-23 18:00,2025-05-07 23:59,여,60대이상,227,192,5,2.6,0,0.0
36862,100068,멜론매거진이벤트,멜터뷰 #2 댓글 이벤트,2025-04-23 12:00,2025-05-23 23:59,남,10대이하,2779,2159,103,4.77,5,4.85
36862,100068,멜론매거진이벤트,멜터뷰 #2 댓글 이벤트,2025-04-23 12:00,2025-05-23 23:59,남,20대,4662,3883,120,3.09,2,1.67
36862,100068,멜론매거진이벤트,멜터뷰 #2 댓글 이벤트,2025-04-23 12:00,2025-05-23 23:59,남,30대,4277,3537,91,2.57,3,3.3
36862,100068,멜론매거진이벤트,멜터뷰 #2 댓글 이벤트,2025-04-23 12:00,2025-05-23 23:59,남,40대,5689,4325,132,3.05,0,0.0
36862,100068,멜론매거진이벤트,멜터뷰 #2 댓글 이벤트,2025-04-23 12:00,2025-05-23 23:59,남,50대,3295,2664,72,2.7,0,0.0
36862,100068,멜론매거진이벤트,멜터뷰 #2 댓글 이벤트,2025-04-23 12:00,2025-05-23 23:59,남,60대이상,974,716,14,1.96,0,0.0
36862,100068,멜론매거진이벤트,멜터뷰 #2 댓글 이벤트,2025-04-23 12:00,2025-05-23 23:59,여,10대이하,8627,6094,541,8.88,4,0.74
36862,100068,멜론매거진이벤트,멜터뷰 #2 댓글 이벤트,2025-04-23 12:00,2025-05-23 23:59,여,20대,10799,8301,587,7.07,11,1.87
36862,100068,멜론매거진이벤트,멜터뷰 #2 댓글 이벤트,2025-04-23 12:00,2025-05-23 23:59,여,30대,7946,6382,228,3.57,3,1.32
36862,100068,멜론매거진이벤트,멜터뷰 #2 댓글 이벤트,2025-04-23 12:00,2025-05-23 23:59,여,40대,11507,8550,273,3.19,3,1.1
36862,100068,멜론매거진이벤트,멜터뷰 #2 댓글 이벤트,2025-04-23 12:00,2025-05-23 23:59,여,50대,4961,3954,72,1.82,2,2.78
36862,100068,멜론매거진이벤트,멜터뷰 #2 댓글 이벤트,2025-04-23 12:00,2025-05-23 23:59,여,60대이상,1433,1094,15,1.37,0,0.0
36865,100068,멜론매거진이벤트,하현상 댓글 이벤트,2025-04-23 18:00,2025-05-07 23:59,남,10대이하,290,243,12,4.94,0,0.0
36865,100068,멜론매거진이벤트,하현상 댓글 이벤트,2025-04-23 18:00,2025-05-07 23:59,남,20대,1124,926,42,4.54,0,0.0
36865,100068,멜론매거진이벤트,하현상 댓글 이벤트,2025-04-23 18:00,2025-05-07 23:59,남,30대,1152,963,15,1.56,0,0.0
36865,100068,멜론매거진이벤트,하현상 댓글 이벤트,2025-04-23 18:00,2025-05-07 23:59,남,40대,1034,849,13,1.53,0,0.0
36865,100068,멜론매거진이벤트,하현상 댓글 이벤트,2025-04-23 18:00,2025-05-07 23:59,남,50대,627,498,20,4.02,0,0.0
36865,100068,멜론매거진이벤트,하현상 댓글 이벤트,2025-04-23 18:00,2025-05-07 23:59,남,60대이상,167,144,3,2.08,0,0.0
36865,100068,멜론매거진이벤트,하현상 댓글 이벤트,2025-04-23 18:00,2025-05-07 23:59,여,10대이하,1227,780,111,14.23,3,2.7
36865,100068,멜론매거진이벤트,하현상 댓글 이벤트,2025-04-23 18:00,2025-05-07 23:59,여,20대,3203,2051,278,13.55,9,3.24
36865,100068,멜론매거진이벤트,하현상 댓글 이벤트,2025-04-23 18:00,2025-05-07 23:59,여,30대,1900,1573,49,3.12,0,0.0
36865,100068,멜론매거진이벤트,하현상 댓글 이벤트,2025-04-23 18:00,2025-05-07 23:59,여,40대,2118,1658,38,2.29,0,0.0
36865,100068,멜론매거진이벤트,하현상 댓글 이벤트,2025-04-23 18:00,2025-05-07 23:59,여,50대,1252,934,33,3.53,1,3.03
36865,100068,멜론매거진이벤트,하현상 댓글 이벤트,2025-04-23 18:00,2025-05-07 23:59,여,60대이상,333,279,1,0.36,0,0.0
36866,100068,멜론매거진이벤트,Hebi 댓글 이벤트,2025-04-23 12:00,2025-05-07 23:59,남,10대이하,4152,1432,346,24.16,88,25.43
36866,100068,멜론매거진이벤트,Hebi 댓글 이벤트,2025-04-23 12:00,2025-05-07 23:59,남,20대,4743,1995,501,25.11,76,15.17
36866,100068,멜론매거진이벤트,Hebi 댓글 이벤트,2025-04-23 12:00,2025-05-07 23:59,남,30대,1692,862,167,19.37,20,11.98
36866,100068,멜론매거진이벤트,Hebi 댓글 이벤트,2025-04-23 12:00,2025-05-07 23:59,남,40대,1022,556,57,10.25,0,0.0
36866,100068,멜론매거진이벤트,Hebi 댓글 이벤트,2025-04-23 12:00,2025-05-07 23:59,남,50대,584,331,31,9.37,1,3.23
36866,100068,멜론매거진이벤트,Hebi 댓글 이벤트,2025-04-23 12:00,2025-05-07 23:59,남,60대이상,68,50,4,8.0,1,25.0
36866,100068,멜론매거진이벤트,Hebi 댓글 이벤트,2025-04-23 12:00,2025-05-07 23:59,여,10대이하,1158,556,63,11.33,8,12.7
36866,100068,멜론매거진이벤트,Hebi 댓글 이벤트,2025-04-23 12:00,2025-05-07 23:59,여,20대,1373,857,73,8.52,8,10.96
36866,100068,멜론매거진이벤트,Hebi 댓글 이벤트,2025-04-23 12:00,2025-05-07 23:59,여,30대,802,596,24,4.03,1,4.17
36866,100068,멜론매거진이벤트,Hebi 댓글 이벤트,2025-04-23 12:00,2025-05-07 23:59,여,40대,2047,1097,125,11.39,2,1.6
36866,100068,멜론매거진이벤트,Hebi 댓글 이벤트,2025-04-23 12:00,2025-05-07 23:59,여,50대,723,441,42,9.52,2,4.76
36866,100068,멜론매거진이벤트,Hebi 댓글 이벤트,2025-04-23 12:00,2025-05-07 23:59,여,60대이상,141,92,6,6.52,0,0.0
36868,100068,멜론매거진이벤트,멜론 데이터랩 댓글 이벤트 #50,2025-04-24 15:00,2025-05-08 23:59,남,10대이하,1112,750,112,14.93,3,2.68
36868,100068,멜론매거진이벤트,멜론 데이터랩 댓글 이벤트 #50,2025-04-24 15:00,2025-05-08 23:59,남,20대,1802,1363,151,11.08,0,0.0
36868,100068,멜론매거진이벤트,멜론 데이터랩 댓글 이벤트 #50,2025-04-24 15:00,2025-05-08 23:59,남,30대,1796,1393,123,8.83,1,0.81
36868,100068,멜론매거진이벤트,멜론 데이터랩 댓글 이벤트 #50,2025-04-24 15:00,2025-05-08 23:59,남,40대,1837,1359,91,6.7,0,0.0
36868,100068,멜론매거진이벤트,멜론 데이터랩 댓글 이벤트 #50,2025-04-24 15:00,2025-05-08 23:59,남,50대,833,619,28,4.52,0,0.0
36868,100068,멜론매거진이벤트,멜론 데이터랩 댓글 이벤트 #50,2025-04-24 15:00,2025-05-08 23:59,남,60대이상,201,165,5,3.03,0,0.0
36868,100068,멜론매거진이벤트,멜론 데이터랩 댓글 이벤트 #50,2025-04-24 15:00,2025-05-08 23:59,여,10대이하,1445,1074,92,8.57,0,0.0
36868,100068,멜론매거진이벤트,멜론 데이터랩 댓글 이벤트 #50,2025-04-24 15:00,2025-05-08 23:59,여,20대,2522,1947,219,11.25,1,0.46
36868,100068,멜론매거진이벤트,멜론 데이터랩 댓글 이벤트 #50,2025-04-24 15:00,2025-05-08 23:59,여,30대,2773,2167,151,6.97,0,0.0
36868,100068,멜론매거진이벤트,멜론 데이터랩 댓글 이벤트 #50,2025-04-24 15:00,2025-05-08 23:59,여,40대,3356,2514,148,5.89,0,0.0
36868,100068,멜론매거진이벤트,멜론 데이터랩 댓글 이벤트 #50,2025-04-24 15:00,2025-05-08 23:59,여,50대,1209,938,34,3.62,0,0.0
36868,100068,멜론매거진이벤트,멜론 데이터랩 댓글 이벤트 #50,2025-04-24 15:00,2025-05-08 23:59,여,60대이상,435,337,6,1.78,0,0.0
36869,100068,멜론매거진이벤트,굿데이 2025 댓글 이벤트,2025-04-24 18:00,2025-05-01 23:59,남,10대이하,2041,1206,214,17.74,4,1.87
36869,100068,멜론매거진이벤트,굿데이 2025 댓글 이벤트,2025-04-24 18:00,2025-05-01 23:59,남,20대,2323,1868,190,10.17,2,1.05
36869,100068,멜론매거진이벤트,굿데이 2025 댓글 이벤트,2025-04-24 18:00,2025-05-01 23:59,남,30대,2602,1957,157,8.02,0,0.0
36869,100068,멜론매거진이벤트,굿데이 2025 댓글 이벤트,2025-04-24 18:00,2025-05-01 23:59,남,40대,4696,2610,321,12.3,2,0.62
36869,100068,멜론매거진이벤트,굿데이 2025 댓글 이벤트,2025-04-24 18:00,2025-05-01 23:59,남,50대,1613,1021,123,12.05,0,0.0
36869,100068,멜론매거진이벤트,굿데이 2025 댓글 이벤트,2025-04-24 18:00,2025-05-01 23:59,남,60대이상,304,216,12,5.56,0,0.0
36869,100068,멜론매거진이벤트,굿데이 2025 댓글 이벤트,2025-04-24 18:00,2025-05-01 23:59,여,10대이하,4742,2418,595,24.61,15,2.52
36869,100068,멜론매거진이벤트,굿데이 2025 댓글 이벤트,2025-04-24 18:00,2025-05-01 23:59,여,20대,4914,3394,585,17.24,18,3.08
36869,100068,멜론매거진이벤트,굿데이 2025 댓글 이벤트,2025-04-24 18:00,2025-05-01 23:59,여,30대,6297,4139,547,13.22,6,1.1
36869,100068,멜론매거진이벤트,굿데이 2025 댓글 이벤트,2025-04-24 18:00,2025-05-01 23:59,여,40대,11295,6145,814,13.25,7,0.86
36869,100068,멜론매거진이벤트,굿데이 2025 댓글 이벤트,2025-04-24 18:00,2025-05-01 23:59,여,50대,3133,1844,198,10.74,3,1.52
36869,100068,멜론매거진이벤트,굿데이 2025 댓글 이벤트,2025-04-24 18:00,2025-05-01 23:59,여,60대이상,855,528,30,5.68,1,3.33
36875,100068,멜론매거진이벤트,하이라이트 (HIGHLIGHT) 댓글 이벤트,2025-04-28 18:00,2025-05-12 23:59,남,10대이하,387,333,5,1.5,0,0.0
36875,100068,멜론매거진이벤트,하이라이트 (HIGHLIGHT) 댓글 이벤트,2025-04-28 18:00,2025-05-12 23:59,남,20대,1299,1140,28,2.46,0,0.0
36875,100068,멜론매거진이벤트,하이라이트 (HIGHLIGHT) 댓글 이벤트,2025-04-28 18:00,2025-05-12 23:59,남,30대,1571,1327,30,2.26,0,0.0
36875,100068,멜론매거진이벤트,하이라이트 (HIGHLIGHT) 댓글 이벤트,2025-04-28 18:00,2025-05-12 23:59,남,40대,1144,964,16,1.66,0,0.0
36875,100068,멜론매거진이벤트,하이라이트 (HIGHLIGHT) 댓글 이벤트,2025-04-28 18:00,2025-05-12 23:59,남,50대,633,528,10,1.89,0,0.0
36875,100068,멜론매거진이벤트,하이라이트 (HIGHLIGHT) 댓글 이벤트,2025-04-28 18:00,2025-05-12 23:59,남,60대이상,216,178,3,1.69,0,0.0
36875,100068,멜론매거진이벤트,하이라이트 (HIGHLIGHT) 댓글 이벤트,2025-04-28 18:00,2025-05-12 23:59,여,10대이하,849,738,21,2.85,0,0.0
36875,100068,멜론매거진이벤트,하이라이트 (HIGHLIGHT) 댓글 이벤트,2025-04-28 18:00,2025-05-12 23:59,여,20대,5125,3186,525,16.48,22,4.19
36875,100068,멜론매거진이벤트,하이라이트 (HIGHLIGHT) 댓글 이벤트,2025-04-28 18:00,2025-05-12 23:59,여,30대,4007,2635,276,10.47,6,2.17
36875,100068,멜론매거진이벤트,하이라이트 (HIGHLIGHT) 댓글 이벤트,2025-04-28 18:00,2025-05-12 23:59,여,40대,3128,2262,92,4.07,4,4.35
36875,100068,멜론매거진이벤트,하이라이트 (HIGHLIGHT) 댓글 이벤트,2025-04-28 18:00,2025-05-12 23:59,여,50대,1331,987,47,4.76,2,4.26
36875,100068,멜론매거진이벤트,하이라이트 (HIGHLIGHT) 댓글 이벤트,2025-04-28 18:00,2025-05-12 23:59,여,60대이상,515,388,9,2.32,0,0.0
36876,100068,멜론매거진이벤트,잔나비 댓글 이벤트,2025-04-28 18:00,2025-05-12 23:59,남,10대이하,1075,623,77,12.36,2,2.6
36876,100068,멜론매거진이벤트,잔나비 댓글 이벤트,2025-04-28 18:00,2025-05-12 23:59,남,20대,1842,1472,90,6.11,5,5.56
36876,100068,멜론매거진이벤트,잔나비 댓글 이벤트,2025-04-28 18:00,2025-05-12 23:59,남,30대,1906,1577,55,3.49,2,3.64
36876,100068,멜론매거진이벤트,잔나비 댓글 이벤트,2025-04-28 18:00,2025-05-12 23:59,남,40대,1862,1386,75,5.41,0,0.0
36876,100068,멜론매거진이벤트,잔나비 댓글 이벤트,2025-04-28 18:00,2025-05-12 23:59,남,50대,1029,769,49,6.37,1,2.04
36876,100068,멜론매거진이벤트,잔나비 댓글 이벤트,2025-04-28 18:00,2025-05-12 23:59,남,60대이상,272,207,5,2.42,0,0.0
36876,100068,멜론매거진이벤트,잔나비 댓글 이벤트,2025-04-28 18:00,2025-05-12 23:59,여,10대이하,1446,1003,119,11.86,10,8.4
36876,100068,멜론매거진이벤트,잔나비 댓글 이벤트,2025-04-28 18:00,2025-05-12 23:59,여,20대,4069,2929,277,9.46,12,4.33
36876,100068,멜론매거진이벤트,잔나비 댓글 이벤트,2025-04-28 18:00,2025-05-12 23:59,여,30대,3352,2625,125,4.76,7,5.6
36876,100068,멜론매거진이벤트,잔나비 댓글 이벤트,2025-04-28 18:00,2025-05-12 23:59,여,40대,4900,3055,239,7.82,15,6.28
36876,100068,멜론매거진이벤트,잔나비 댓글 이벤트,2025-04-28 18:00,2025-05-12 23:59,여,50대,2686,1555,146,9.39,15,10.27
36876,100068,멜론매거진이벤트,잔나비 댓글 이벤트,2025-04-28 18:00,2025-05-12 23:59,여,60대이상,635,403,13,3.23,0,0.0
36877,100068,멜론매거진이벤트,트랙제로 댓글 이벤트 #132,2025-05-01 10:30,2025-05-09 23:59,남,10대이하,492,417,20,4.8,0,0.0
36877,100068,멜론매거진이벤트,트랙제로 댓글 이벤트 #132,2025-05-01 10:30,2025-05-09 23:59,남,20대,1335,1161,51,4.39,1,1.96
36877,100068,멜론매거진이벤트,트랙제로 댓글 이벤트 #132,2025-05-01 10:30,2025-05-09 23:59,남,30대,1509,1300,47,3.62,1,2.13
36877,100068,멜론매거진이벤트,트랙제로 댓글 이벤트 #132,2025-05-01 10:30,2025-05-09 23:59,남,40대,1479,1196,50,4.18,0,0.0
36877,100068,멜론매거진이벤트,트랙제로 댓글 이벤트 #132,2025-05-01 10:30,2025-05-09 23:59,남,50대,755,613,20,3.26,0,0.0
36877,100068,멜론매거진이벤트,트랙제로 댓글 이벤트 #132,2025-05-01 10:30,2025-05-09 23:59,남,60대이상,263,209,3,1.44,0,0.0
36877,100068,멜론매거진이벤트,트랙제로 댓글 이벤트 #132,2025-05-01 10:30,2025-05-09 23:59,여,10대이하,864,746,30,4.02,0,0.0
36877,100068,멜론매거진이벤트,트랙제로 댓글 이벤트 #132,2025-05-01 10:30,2025-05-09 23:59,여,20대,2262,2000,99,4.95,2,2.02
36877,100068,멜론매거진이벤트,트랙제로 댓글 이벤트 #132,2025-05-01 10:30,2025-05-09 23:59,여,30대,2373,2029,75,3.7,1,1.33
36877,100068,멜론매거진이벤트,트랙제로 댓글 이벤트 #132,2025-05-01 10:30,2025-05-09 23:59,여,40대,2500,2099,73,3.48,1,1.37
36877,100068,멜론매거진이벤트,트랙제로 댓글 이벤트 #132,2025-05-01 10:30,2025-05-09 23:59,여,50대,1224,1015,26,2.56,0,0.0
36877,100068,멜론매거진이벤트,트랙제로 댓글 이벤트 #132,2025-05-01 10:30,2025-05-09 23:59,여,60대이상,505,412,9,2.18,0,0.0
36885,100068,멜론매거진이벤트,서울재즈페스티벌 2025 댓글 이벤트,2025-04-30 15:00,2025-05-18 23:59,남,10대이하,17807,12691,240,1.89,6,2.5
36885,100068,멜론매거진이벤트,서울재즈페스티벌 2025 댓글 이벤트,2025-04-30 15:00,2025-05-18 23:59,남,20대,64091,45976,1543,3.36,11,0.71
36885,100068,멜론매거진이벤트,서울재즈페스티벌 2025 댓글 이벤트,2025-04-30 15:00,2025-05-18 23:59,남,30대,79580,55658,1750,3.14,7,0.4
36885,100068,멜론매거진이벤트,서울재즈페스티벌 2025 댓글 이벤트,2025-04-30 15:00,2025-05-18 23:59,남,40대,51725,36028,696,1.93,3,0.43
36885,100068,멜론매거진이벤트,서울재즈페스티벌 2025 댓글 이벤트,2025-04-30 15:00,2025-05-18 23:59,남,50대,30352,20605,604,2.93,2,0.33
36885,100068,멜론매거진이벤트,서울재즈페스티벌 2025 댓글 이벤트,2025-04-30 15:00,2025-05-18 23:59,남,60대이상,12476,7731,141,1.82,0,0.0
36885,100068,멜론매거진이벤트,서울재즈페스티벌 2025 댓글 이벤트,2025-04-30 15:00,2025-05-18 23:59,여,10대이하,32777,23181,1194,5.15,14,1.17
36885,100068,멜론매거진이벤트,서울재즈페스티벌 2025 댓글 이벤트,2025-04-30 15:00,2025-05-18 23:59,여,20대,115359,79520,6989,8.79,36,0.52
36885,100068,멜론매거진이벤트,서울재즈페스티벌 2025 댓글 이벤트,2025-04-30 15:00,2025-05-18 23:59,여,30대,113117,78696,4788,6.08,32,0.67
36885,100068,멜론매거진이벤트,서울재즈페스티벌 2025 댓글 이벤트,2025-04-30 15:00,2025-05-18 23:59,여,40대,95450,65127,1935,2.97,8,0.41
36885,100068,멜론매거진이벤트,서울재즈페스티벌 2025 댓글 이벤트,2025-04-30 15:00,2025-05-18 23:59,여,50대,55380,35778,1095,3.06,4,0.37
36885,100068,멜론매거진이벤트,서울재즈페스티벌 2025 댓글 이벤트,2025-04-30 15:00,2025-05-18 23:59,여,60대이상,34116,17329,197,1.14,0,0.0
36886,100068,멜론매거진이벤트,투모로우바이투게더 댓글 이벤트,2025-05-02 13:00,2025-05-16 23:59,남,10대이하,479,352,30,8.52,1,3.33
36886,100068,멜론매거진이벤트,투모로우바이투게더 댓글 이벤트,2025-05-02 13:00,2025-05-16 23:59,남,20대,1006,842,34,4.04,4,11.76
36886,100068,멜론매거진이벤트,투모로우바이투게더 댓글 이벤트,2025-05-02 13:00,2025-05-16 23:59,남,30대,1229,986,32,3.25,0,0.0
36886,100068,멜론매거진이벤트,투모로우바이투게더 댓글 이벤트,2025-05-02 13:00,2025-05-16 23:59,남,40대,2601,1632,167,10.23,2,1.2
36886,100068,멜론매거진이벤트,투모로우바이투게더 댓글 이벤트,2025-05-02 13:00,2025-05-16 23:59,남,50대,975,665,55,8.27,0,0.0
36886,100068,멜론매거진이벤트,투모로우바이투게더 댓글 이벤트,2025-05-02 13:00,2025-05-16 23:59,남,60대이상,166,141,4,2.84,0,0.0
36886,100068,멜론매거진이벤트,투모로우바이투게더 댓글 이벤트,2025-05-02 13:00,2025-05-16 23:59,여,10대이하,4295,2088,564,27.01,39,6.91
36886,100068,멜론매거진이벤트,투모로우바이투게더 댓글 이벤트,2025-05-02 13:00,2025-05-16 23:59,여,20대,3236,2144,308,14.37,12,3.9
36886,100068,멜론매거진이벤트,투모로우바이투게더 댓글 이벤트,2025-05-02 13:00,2025-05-16 23:59,여,30대,2799,2057,117,5.69,5,4.27
36886,100068,멜론매거진이벤트,투모로우바이투게더 댓글 이벤트,2025-05-02 13:00,2025-05-16 23:59,여,40대,5467,3312,337,10.18,13,3.86
36886,100068,멜론매거진이벤트,투모로우바이투게더 댓글 이벤트,2025-05-02 13:00,2025-05-16 23:59,여,50대,1326,938,71,7.57,1,1.41
36886,100068,멜론매거진이벤트,투모로우바이투게더 댓글 이벤트,2025-05-02 13:00,2025-05-16 23:59,여,60대이상,343,249,12,4.82,1,8.33
36887,100068,멜론매거진이벤트,멜터뷰 #3 댓글 이벤트,2025-04-30 12:00,2025-05-30 23:59,남,10대이하,2669,2064,65,3.15,1,1.54
36887,100068,멜론매거진이벤트,멜터뷰 #3 댓글 이벤트,2025-04-30 12:00,2025-05-30 23:59,남,20대,5776,4731,113,2.39,1,0.88
36887,100068,멜론매거진이벤트,멜터뷰 #3 댓글 이벤트,2025-04-30 12:00,2025-05-30 23:59,남,30대,5741,4773,91,1.91,2,2.2
36887,100068,멜론매거진이벤트,멜터뷰 #3 댓글 이벤트,2025-04-30 12:00,2025-05-30 23:59,남,40대,6595,5153,104,2.02,0,0.0
36887,100068,멜론매거진이벤트,멜터뷰 #3 댓글 이벤트,2025-04-30 12:00,2025-05-30 23:59,남,50대,3921,3087,65,2.11,1,1.54
36887,100068,멜론매거진이벤트,멜터뷰 #3 댓글 이벤트,2025-04-30 12:00,2025-05-30 23:59,남,60대이상,1377,1040,8,0.77,0,0.0
36887,100068,멜론매거진이벤트,멜터뷰 #3 댓글 이벤트,2025-04-30 12:00,2025-05-30 23:59,여,10대이하,10940,7371,938,12.73,13,1.39
36887,100068,멜론매거진이벤트,멜터뷰 #3 댓글 이벤트,2025-04-30 12:00,2025-05-30 23:59,여,20대,12760,9911,617,6.23,13,2.11
36887,100068,멜론매거진이벤트,멜터뷰 #3 댓글 이벤트,2025-04-30 12:00,2025-05-30 23:59,여,30대,9886,8203,177,2.16,3,1.69
36887,100068,멜론매거진이벤트,멜터뷰 #3 댓글 이벤트,2025-04-30 12:00,2025-05-30 23:59,여,40대,13458,10103,269,2.66,1,0.37
36887,100068,멜론매거진이벤트,멜터뷰 #3 댓글 이벤트,2025-04-30 12:00,2025-05-30 23:59,여,50대,5835,4625,74,1.6,2,2.7
36887,100068,멜론매거진이벤트,멜터뷰 #3 댓글 이벤트,2025-04-30 12:00,2025-05-30 23:59,여,60대이상,1982,1488,12,0.81,0,0.0
36894,100068,멜론매거진이벤트,NewKids 댓글 이벤트,2025-05-07 18:00,2025-05-21 23:59,남,10대이하,341,293,6,2.05,0,0.0
36894,100068,멜론매거진이벤트,NewKids 댓글 이벤트,2025-05-07 18:00,2025-05-21 23:59,남,20대,979,862,10,1.16,1,10.0
36894,100068,멜론매거진이벤트,NewKids 댓글 이벤트,2025-05-07 18:00,2025-05-21 23:59,남,30대,1194,1020,6,0.59,0,0.0
36894,100068,멜론매거진이벤트,NewKids 댓글 이벤트,2025-05-07 18:00,2025-05-21 23:59,남,40대,1080,833,18,2.16,0,0.0
36894,100068,멜론매거진이벤트,NewKids 댓글 이벤트,2025-05-07 18:00,2025-05-21 23:59,남,50대,653,499,15,3.01,0,0.0
36894,100068,멜론매거진이벤트,NewKids 댓글 이벤트,2025-05-07 18:00,2025-05-21 23:59,여,10대이하,2347,925,160,17.3,19,11.88
36894,100068,멜론매거진이벤트,NewKids 댓글 이벤트,2025-05-07 18:00,2025-05-21 23:59,여,20대,3763,1898,194,10.22,24,12.37
36894,100068,멜론매거진이벤트,NewKids 댓글 이벤트,2025-05-07 18:00,2025-05-21 23:59,여,30대,1942,1652,28,1.69,2,7.14
36894,100068,멜론매거진이벤트,NewKids 댓글 이벤트,2025-05-07 18:00,2025-05-21 23:59,여,40대,2227,1723,50,2.9,3,6.0
36894,100068,멜론매거진이벤트,NewKids 댓글 이벤트,2025-05-07 18:00,2025-05-21 23:59,여,50대,1091,788,24,3.05,2,8.33
36894,100068,멜론매거진이벤트,NewKids 댓글 이벤트,2025-05-07 18:00,2025-05-21 23:59,여,60대이상,374,302,7,2.32,0,0.0
36898,100068,멜론매거진이벤트,DAY6 (데이식스) 댓글 이벤트,2025-05-07 18:00,2025-05-21 23:59,남,10대이하,828,611,49,8.02,0,0.0
36898,100068,멜론매거진이벤트,DAY6 (데이식스) 댓글 이벤트,2025-05-07 18:00,2025-05-21 23:59,남,20대,1961,1661,61,3.67,1,1.64
36898,100068,멜론매거진이벤트,DAY6 (데이식스) 댓글 이벤트,2025-05-07 18:00,2025-05-21 23:59,남,30대,2432,1887,87,4.61,4,4.6
36898,100068,멜론매거진이벤트,DAY6 (데이식스) 댓글 이벤트,2025-05-07 18:00,2025-05-21 23:59,남,40대,2398,1618,105,6.49,2,1.9
36898,100068,멜론매거진이벤트,DAY6 (데이식스) 댓글 이벤트,2025-05-07 18:00,2025-05-21 23:59,남,50대,1435,931,72,7.73,0,0.0
36898,100068,멜론매거진이벤트,DAY6 (데이식스) 댓글 이벤트,2025-05-07 18:00,2025-05-21 23:59,남,60대이상,374,246,11,4.47,1,9.09
36898,100068,멜론매거진이벤트,DAY6 (데이식스) 댓글 이벤트,2025-05-07 18:00,2025-05-21 23:59,여,10대이하,4271,2247,494,21.98,54,10.93
36898,100068,멜론매거진이벤트,DAY6 (데이식스) 댓글 이벤트,2025-05-07 18:00,2025-05-21 23:59,여,20대,11292,6570,1212,18.45,162,13.37
36898,100068,멜론매거진이벤트,DAY6 (데이식스) 댓글 이벤트,2025-05-07 18:00,2025-05-21 23:59,여,30대,9113,5272,832,15.78,91,10.94
36898,100068,멜론매거진이벤트,DAY6 (데이식스) 댓글 이벤트,2025-05-07 18:00,2025-05-21 23:59,여,40대,6194,3858,353,9.15,17,4.82
36898,100068,멜론매거진이벤트,DAY6 (데이식스) 댓글 이벤트,2025-05-07 18:00,2025-05-21 23:59,여,50대,2613,1637,121,7.39,4,3.31
36898,100068,멜론매거진이벤트,DAY6 (데이식스) 댓글 이벤트,2025-05-07 18:00,2025-05-21 23:59,여,60대이상,738,459,21,4.58,0,0.0
36901,100068,멜론매거진이벤트,tripleS (트리플에스) 댓글 이벤트,2025-05-12 18:00,2025-05-26 23:59,남,10대이하,823,487,69,14.17,4,5.8
36901,100068,멜론매거진이벤트,tripleS (트리플에스) 댓글 이벤트,2025-05-12 18:00,2025-05-26 23:59,남,20대,2280,1479,137,9.26,8,5.84
36901,100068,멜론매거진이벤트,tripleS (트리플에스) 댓글 이벤트,2025-05-12 18:00,2025-05-26 23:59,남,30대,1902,1492,66,4.42,8,12.12
36901,100068,멜론매거진이벤트,tripleS (트리플에스) 댓글 이벤트,2025-05-12 18:00,2025-05-26 23:59,남,40대,1499,1110,46,4.14,3,6.52
36901,100068,멜론매거진이벤트,tripleS (트리플에스) 댓글 이벤트,2025-05-12 18:00,2025-05-26 23:59,남,50대,749,609,21,3.45,1,4.76
36901,100068,멜론매거진이벤트,tripleS (트리플에스) 댓글 이벤트,2025-05-12 18:00,2025-05-26 23:59,여,10대이하,1476,902,102,11.31,4,3.92
36901,100068,멜론매거진이벤트,tripleS (트리플에스) 댓글 이벤트,2025-05-12 18:00,2025-05-26 23:59,여,20대,2884,2206,95,4.31,10,10.53
36901,100068,멜론매거진이벤트,tripleS (트리플에스) 댓글 이벤트,2025-05-12 18:00,2025-05-26 23:59,여,30대,2372,2056,24,1.17,0,0.0
36901,100068,멜론매거진이벤트,tripleS (트리플에스) 댓글 이벤트,2025-05-12 18:00,2025-05-26 23:59,여,40대,2559,2041,42,2.06,1,2.38
36901,100068,멜론매거진이벤트,tripleS (트리플에스) 댓글 이벤트,2025-05-12 18:00,2025-05-26 23:59,여,50대,1288,1024,16,1.56,0,0.0
36901,100068,멜론매거진이벤트,tripleS (트리플에스) 댓글 이벤트,2025-05-12 18:00,2025-05-26 23:59,여,60대이상,412,346,3,0.87,0,0.0
36903,100068,멜론매거진이벤트,BOYNEXTDOOR 댓글 이벤트,2025-05-13 18:00,2025-05-27 23:59,남,10대이하,583,396,37,9.34,1,2.7
36903,100068,멜론매거진이벤트,BOYNEXTDOOR 댓글 이벤트,2025-05-13 18:00,2025-05-27 23:59,남,20대,1046,825,50,6.06,2,4.0
36903,100068,멜론매거진이벤트,BOYNEXTDOOR 댓글 이벤트,2025-05-13 18:00,2025-05-27 23:59,남,30대,1201,967,24,2.48,0,0.0
36903,100068,멜론매거진이벤트,BOYNEXTDOOR 댓글 이벤트,2025-05-13 18:00,2025-05-27 23:59,남,40대,2929,1642,231,14.07,2,0.87
36903,100068,멜론매거진이벤트,BOYNEXTDOOR 댓글 이벤트,2025-05-13 18:00,2025-05-27 23:59,남,50대,1403,793,120,15.13,1,0.83
36903,100068,멜론매거진이벤트,BOYNEXTDOOR 댓글 이벤트,2025-05-13 18:00,2025-05-27 23:59,남,60대이상,248,157,14,8.92,0,0.0
36903,100068,멜론매거진이벤트,BOYNEXTDOOR 댓글 이벤트,2025-05-13 18:00,2025-05-27 23:59,여,10대이하,10572,4616,1443,31.26,101,7.0
36903,100068,멜론매거진이벤트,BOYNEXTDOOR 댓글 이벤트,2025-05-13 18:00,2025-05-27 23:59,여,20대,7469,3641,940,25.82,59,6.28
36903,100068,멜론매거진이벤트,BOYNEXTDOOR 댓글 이벤트,2025-05-13 18:00,2025-05-27 23:59,여,30대,2960,2052,163,7.94,8,4.91
36903,100068,멜론매거진이벤트,BOYNEXTDOOR 댓글 이벤트,2025-05-13 18:00,2025-05-27 23:59,여,40대,6698,3638,584,16.05,7,1.2
36903,100068,멜론매거진이벤트,BOYNEXTDOOR 댓글 이벤트,2025-05-13 18:00,2025-05-27 23:59,여,50대,1862,1102,145,13.16,1,0.69
36903,100068,멜론매거진이벤트,BOYNEXTDOOR 댓글 이벤트,2025-05-13 18:00,2025-05-27 23:59,여,60대이상,369,276,11,3.99,0,0.0
36914,100068,멜론매거진이벤트,i-dle (아이들) 댓글 이벤트,2025-05-19 18:00,2025-05-25 23:59,남,10대이하,836,515,50,9.71,3,6.0
36914,100068,멜론매거진이벤트,i-dle (아이들) 댓글 이벤트,2025-05-19 18:00,2025-05-25 23:59,남,20대,1773,1245,82,6.59,2,2.44
36914,100068,멜론매거진이벤트,i-dle (아이들) 댓글 이벤트,2025-05-19 18:00,2025-05-25 23:59,남,30대,1956,1466,65,4.43,1,1.54
36914,100068,멜론매거진이벤트,i-dle (아이들) 댓글 이벤트,2025-05-19 18:00,2025-05-25 23:59,남,40대,1927,1418,65,4.58,0,0.0
36914,100068,멜론매거진이벤트,i-dle (아이들) 댓글 이벤트,2025-05-19 18:00,2025-05-25 23:59,남,50대,892,697,16,2.3,0,0.0
36914,100068,멜론매거진이벤트,i-dle (아이들) 댓글 이벤트,2025-05-19 18:00,2025-05-25 23:59,남,60대이상,208,168,5,2.98,0,0.0
36914,100068,멜론매거진이벤트,i-dle (아이들) 댓글 이벤트,2025-05-19 18:00,2025-05-25 23:59,여,10대이하,1375,911,73,8.01,3,4.11
36914,100068,멜론매거진이벤트,i-dle (아이들) 댓글 이벤트,2025-05-19 18:00,2025-05-25 23:59,여,20대,3275,2442,105,4.3,10,9.52
36914,100068,멜론매거진이벤트,i-dle (아이들) 댓글 이벤트,2025-05-19 18:00,2025-05-25 23:59,여,30대,2734,2255,34,1.51,3,8.82
36914,100068,멜론매거진이벤트,i-dle (아이들) 댓글 이벤트,2025-05-19 18:00,2025-05-25 23:59,여,40대,3377,2474,84,3.4,1,1.19
36914,100068,멜론매거진이벤트,i-dle (아이들) 댓글 이벤트,2025-05-19 18:00,2025-05-25 23:59,여,50대,1315,1041,21,2.02,0,0.0
36914,100068,멜론매거진이벤트,i-dle (아이들) 댓글 이벤트,2025-05-19 18:00,2025-05-25 23:59,여,60대이상,461,351,8,2.28,0,0.0
36925,100068,멜론매거진이벤트,멜터뷰 #4 댓글 이벤트 ,2025-05-22 15:00,2025-06-30 23:59,남,10대이하,3398,2698,103,3.82,2,1.94
36925,100068,멜론매거진이벤트,멜터뷰 #4 댓글 이벤트 ,2025-05-22 15:00,2025-06-30 23:59,남,20대,7335,6202,136,2.19,1,0.74
36925,100068,멜론매거진이벤트,멜터뷰 #4 댓글 이벤트 ,2025-05-22 15:00,2025-06-30 23:59,남,30대,7884,6607,100,1.51,1,1.0
36925,100068,멜론매거진이벤트,멜터뷰 #4 댓글 이벤트 ,2025-05-22 15:00,2025-06-30 23:59,남,40대,8856,6988,130,1.86,0,0.0
36925,100068,멜론매거진이벤트,멜터뷰 #4 댓글 이벤트 ,2025-05-22 15:00,2025-06-30 23:59,남,50대,5139,4214,55,1.31,0,0.0
36925,100068,멜론매거진이벤트,멜터뷰 #4 댓글 이벤트 ,2025-05-22 15:00,2025-06-30 23:59,남,60대이상,1596,1219,6,0.49,0,0.0
36925,100068,멜론매거진이벤트,멜터뷰 #4 댓글 이벤트 ,2025-05-22 15:00,2025-06-30 23:59,여,10대이하,8938,6931,304,4.39,7,2.3
36925,100068,멜론매거진이벤트,멜터뷰 #4 댓글 이벤트 ,2025-05-22 15:00,2025-06-30 23:59,여,20대,15538,12274,745,6.07,6,0.81
36925,100068,멜론매거진이벤트,멜터뷰 #4 댓글 이벤트 ,2025-05-22 15:00,2025-06-30 23:59,여,30대,12885,10663,192,1.8,2,1.04
36925,100068,멜론매거진이벤트,멜터뷰 #4 댓글 이벤트 ,2025-05-22 15:00,2025-06-30 23:59,여,40대,16883,13278,259,1.95,2,0.77
36925,100068,멜론매거진이벤트,멜터뷰 #4 댓글 이벤트 ,2025-05-22 15:00,2025-06-30 23:59,여,50대,7844,6340,81,1.28,0,0.0
36925,100068,멜론매거진이벤트,멜터뷰 #4 댓글 이벤트 ,2025-05-22 15:00,2025-06-30 23:59,여,60대이상,2471,1867,15,0.8,1,6.67
36927,100068,멜론매거진이벤트,SHINee (샤이니) 댓글 이벤트,2025-05-25 00:00,2025-06-08 23:59,남,10대이하,307,238,15,6.3,0,0.0
36927,100068,멜론매거진이벤트,SHINee (샤이니) 댓글 이벤트,2025-05-25 00:00,2025-06-08 23:59,남,20대,1002,855,29,3.39,0,0.0
36927,100068,멜론매거진이벤트,SHINee (샤이니) 댓글 이벤트,2025-05-25 00:00,2025-06-08 23:59,남,30대,1502,1247,35,2.81,0,0.0
36927,100068,멜론매거진이벤트,SHINee (샤이니) 댓글 이벤트,2025-05-25 00:00,2025-06-08 23:59,남,40대,1273,996,29,2.91,0,0.0
36927,100068,멜론매거진이벤트,SHINee (샤이니) 댓글 이벤트,2025-05-25 00:00,2025-06-08 23:59,남,50대,651,512,16,3.13,1,6.25
36927,100068,멜론매거진이벤트,SHINee (샤이니) 댓글 이벤트,2025-05-25 00:00,2025-06-08 23:59,남,60대이상,239,177,4,2.26,0,0.0
36927,100068,멜론매거진이벤트,SHINee (샤이니) 댓글 이벤트,2025-05-25 00:00,2025-06-08 23:59,여,10대이하,1284,809,111,13.72,10,9.01
36927,100068,멜론매거진이벤트,SHINee (샤이니) 댓글 이벤트,2025-05-25 00:00,2025-06-08 23:59,여,20대,5266,3141,458,14.58,42,9.17
36927,100068,멜론매거진이벤트,SHINee (샤이니) 댓글 이벤트,2025-05-25 00:00,2025-06-08 23:59,여,30대,5861,3439,420,12.21,38,9.05
36927,100068,멜론매거진이벤트,SHINee (샤이니) 댓글 이벤트,2025-05-25 00:00,2025-06-08 23:59,여,40대,4012,2587,169,6.53,5,2.96
36927,100068,멜론매거진이벤트,SHINee (샤이니) 댓글 이벤트,2025-05-25 00:00,2025-06-08 23:59,여,50대,1468,1010,44,4.36,1,2.27
36927,100068,멜론매거진이벤트,SHINee (샤이니) 댓글 이벤트,2025-05-25 00:00,2025-06-08 23:59,여,60대이상,460,360,6,1.67,0,0.0
36928,100068,멜론매거진이벤트,레드벨벳-아이린&슬기 댓글 이벤트,2025-05-26 18:00,2025-06-09 23:59,남,10대이하,404,285,25,8.77,2,8.0
36928,100068,멜론매거진이벤트,레드벨벳-아이린&슬기 댓글 이벤트,2025-05-26 18:00,2025-06-09 23:59,남,20대,1433,1132,93,8.22,1,1.08
36928,100068,멜론매거진이벤트,레드벨벳-아이린&슬기 댓글 이벤트,2025-05-26 18:00,2025-06-09 23:59,남,30대,1698,1413,61,4.32,0,0.0
36928,100068,멜론매거진이벤트,레드벨벳-아이린&슬기 댓글 이벤트,2025-05-26 18:00,2025-06-09 23:59,남,40대,1404,1160,35,3.02,0,0.0
36928,100068,멜론매거진이벤트,레드벨벳-아이린&슬기 댓글 이벤트,2025-05-26 18:00,2025-06-09 23:59,남,50대,651,532,13,2.44,1,7.69
36928,100068,멜론매거진이벤트,레드벨벳-아이린&슬기 댓글 이벤트,2025-05-26 18:00,2025-06-09 23:59,남,60대이상,242,204,2,0.98,0,0.0
36928,100068,멜론매거진이벤트,레드벨벳-아이린&슬기 댓글 이벤트,2025-05-26 18:00,2025-06-09 23:59,여,10대이하,867,595,83,13.95,4,4.82
36928,100068,멜론매거진이벤트,레드벨벳-아이린&슬기 댓글 이벤트,2025-05-26 18:00,2025-06-09 23:59,여,20대,2823,2102,190,9.04,11,5.79
36928,100068,멜론매거진이벤트,레드벨벳-아이린&슬기 댓글 이벤트,2025-05-26 18:00,2025-06-09 23:59,여,30대,2639,2198,67,3.05,4,5.97
36928,100068,멜론매거진이벤트,레드벨벳-아이린&슬기 댓글 이벤트,2025-05-26 18:00,2025-06-09 23:59,여,40대,2171,1831,34,1.86,0,0.0
36928,100068,멜론매거진이벤트,레드벨벳-아이린&슬기 댓글 이벤트,2025-05-26 18:00,2025-06-09 23:59,여,50대,1158,909,21,2.31,1,4.76
36928,100068,멜론매거진이벤트,레드벨벳-아이린&슬기 댓글 이벤트,2025-05-26 18:00,2025-06-09 23:59,여,60대이상,464,375,7,1.87,0,0.0
36933,100068,멜론매거진이벤트,세븐틴 (SEVENTEEN) 댓글 이벤트,2025-05-26 18:00,2025-06-09 23:59,남,10대이하,593,448,34,7.59,3,8.82
36933,100068,멜론매거진이벤트,세븐틴 (SEVENTEEN) 댓글 이벤트,2025-05-26 18:00,2025-06-09 23:59,남,20대,1607,1283,50,3.9,0,0.0
36933,100068,멜론매거진이벤트,세븐틴 (SEVENTEEN) 댓글 이벤트,2025-05-26 18:00,2025-06-09 23:59,남,30대,2674,1959,55,2.81,1,1.82
36933,100068,멜론매거진이벤트,세븐틴 (SEVENTEEN) 댓글 이벤트,2025-05-26 18:00,2025-06-09 23:59,남,40대,3746,2239,218,9.74,4,1.83
36933,100068,멜론매거진이벤트,세븐틴 (SEVENTEEN) 댓글 이벤트,2025-05-26 18:00,2025-06-09 23:59,남,50대,2156,1285,130,10.12,4,3.08
36933,100068,멜론매거진이벤트,세븐틴 (SEVENTEEN) 댓글 이벤트,2025-05-26 18:00,2025-06-09 23:59,남,60대이상,550,364,10,2.75,0,0.0
36933,100068,멜론매거진이벤트,세븐틴 (SEVENTEEN) 댓글 이벤트,2025-05-26 18:00,2025-06-09 23:59,여,10대이하,13771,5432,1862,34.28,151,8.11
36933,100068,멜론매거진이벤트,세븐틴 (SEVENTEEN) 댓글 이벤트,2025-05-26 18:00,2025-06-09 23:59,여,20대,14119,7570,2130,28.14,136,6.38
36933,100068,멜론매거진이벤트,세븐틴 (SEVENTEEN) 댓글 이벤트,2025-05-26 18:00,2025-06-09 23:59,여,30대,8468,4844,758,15.65,60,7.92
36933,100068,멜론매거진이벤트,세븐틴 (SEVENTEEN) 댓글 이벤트,2025-05-26 18:00,2025-06-09 23:59,여,40대,9387,5040,649,12.88,17,2.62
36933,100068,멜론매거진이벤트,세븐틴 (SEVENTEEN) 댓글 이벤트,2025-05-26 18:00,2025-06-09 23:59,여,50대,2744,1728,139,8.04,4,2.88
36933,100068,멜론매거진이벤트,세븐틴 (SEVENTEEN) 댓글 이벤트,2025-05-26 18:00,2025-06-09 23:59,여,60대이상,744,482,26,5.39,0,0.0
36934,100068,멜론매거진이벤트,이무진 댓글 이벤트,2025-05-27 18:00,2025-06-10 23:59,남,10대이하,502,334,38,11.38,1,2.63
36934,100068,멜론매거진이벤트,이무진 댓글 이벤트,2025-05-27 18:00,2025-06-10 23:59,남,20대,949,814,30,3.69,0,0.0
36934,100068,멜론매거진이벤트,이무진 댓글 이벤트,2025-05-27 18:00,2025-06-10 23:59,남,30대,1190,967,38,3.93,0,0.0
36934,100068,멜론매거진이벤트,이무진 댓글 이벤트,2025-05-27 18:00,2025-06-10 23:59,남,40대,1262,852,51,5.99,0,0.0
36934,100068,멜론매거진이벤트,이무진 댓글 이벤트,2025-05-27 18:00,2025-06-10 23:59,남,50대,614,459,19,4.14,0,0.0
36934,100068,멜론매거진이벤트,이무진 댓글 이벤트,2025-05-27 18:00,2025-06-10 23:59,여,10대이하,1016,613,86,14.03,3,3.49
36934,100068,멜론매거진이벤트,이무진 댓글 이벤트,2025-05-27 18:00,2025-06-10 23:59,여,20대,2133,1665,102,6.13,2,1.96
36934,100068,멜론매거진이벤트,이무진 댓글 이벤트,2025-05-27 18:00,2025-06-10 23:59,여,30대,2070,1648,70,4.25,2,2.86
36934,100068,멜론매거진이벤트,이무진 댓글 이벤트,2025-05-27 18:00,2025-06-10 23:59,여,40대,3262,1988,148,7.44,5,3.38
36934,100068,멜론매거진이벤트,이무진 댓글 이벤트,2025-05-27 18:00,2025-06-10 23:59,여,50대,1577,877,55,6.27,4,7.27
36934,100068,멜론매거진이벤트,이무진 댓글 이벤트,2025-05-27 18:00,2025-06-10 23:59,여,60대이상,457,325,5,1.54,0,0.0
36935,100068,멜론매거진이벤트,아이유 댓글 이벤트,2025-05-27 18:00,2025-06-10 23:59,남,10대이하,3627,1967,361,18.35,16,4.43
36935,100068,멜론매거진이벤트,아이유 댓글 이벤트,2025-05-27 18:00,2025-06-10 23:59,남,20대,10247,6683,919,13.75,43,4.68
36935,100068,멜론매거진이벤트,아이유 댓글 이벤트,2025-05-27 18:00,2025-06-10 23:59,남,30대,13711,8968,1182,13.18,28,2.37
36935,100068,멜론매거진이벤트,아이유 댓글 이벤트,2025-05-27 18:00,2025-06-10 23:59,남,40대,12149,7438,796,10.7,13,1.63
36935,100068,멜론매거진이벤트,아이유 댓글 이벤트,2025-05-27 18:00,2025-06-10 23:59,남,50대,5393,3438,267,7.77,7,2.62
36935,100068,멜론매거진이벤트,아이유 댓글 이벤트,2025-05-27 18:00,2025-06-10 23:59,남,60대이상,1408,942,52,5.52,3,5.77
36935,100068,멜론매거진이벤트,아이유 댓글 이벤트,2025-05-27 18:00,2025-06-10 23:59,여,10대이하,7871,4274,722,16.89,38,5.26
36935,100068,멜론매거진이벤트,아이유 댓글 이벤트,2025-05-27 18:00,2025-06-10 23:59,여,20대,20765,13818,1529,11.07,103,6.74
36935,100068,멜론매거진이벤트,아이유 댓글 이벤트,2025-05-27 18:00,2025-06-10 23:59,여,30대,19872,13829,1236,8.94,56,4.53
36935,100068,멜론매거진이벤트,아이유 댓글 이벤트,2025-05-27 18:00,2025-06-10 23:59,여,40대,17601,11500,740,6.43,12,1.62
36935,100068,멜론매거진이벤트,아이유 댓글 이벤트,2025-05-27 18:00,2025-06-10 23:59,여,50대,7216,4847,291,6.0,5,1.72
36935,100068,멜론매거진이벤트,아이유 댓글 이벤트,2025-05-27 18:00,2025-06-10 23:59,여,60대이상,1770,1297,49,3.78,2,4.08
36938,100068,멜론매거진이벤트,멜터뷰 #5 댓글 이벤트 ,2025-05-28 12:00,2025-06-30 23:59,남,10대이하,2603,1847,195,10.56,1,0.51
36938,100068,멜론매거진이벤트,멜터뷰 #5 댓글 이벤트 ,2025-05-28 12:00,2025-06-30 23:59,남,20대,4352,3626,176,4.85,2,1.14
36938,100068,멜론매거진이벤트,멜터뷰 #5 댓글 이벤트 ,2025-05-28 12:00,2025-06-30 23:59,남,30대,4841,3988,137,3.44,2,1.46
36938,100068,멜론매거진이벤트,멜터뷰 #5 댓글 이벤트 ,2025-05-28 12:00,2025-06-30 23:59,남,40대,5702,4384,234,5.34,0,0.0
36938,100068,멜론매거진이벤트,멜터뷰 #5 댓글 이벤트 ,2025-05-28 12:00,2025-06-30 23:59,남,50대,3069,2479,94,3.79,0,0.0
36938,100068,멜론매거진이벤트,멜터뷰 #5 댓글 이벤트 ,2025-05-28 12:00,2025-06-30 23:59,남,60대이상,851,620,8,1.29,0,0.0
36938,100068,멜론매거진이벤트,멜터뷰 #5 댓글 이벤트 ,2025-05-28 12:00,2025-06-30 23:59,여,10대이하,7014,4757,682,14.34,9,1.32
36938,100068,멜론매거진이벤트,멜터뷰 #5 댓글 이벤트 ,2025-05-28 12:00,2025-06-30 23:59,여,20대,9752,7297,669,9.17,7,1.05
36938,100068,멜론매거진이벤트,멜터뷰 #5 댓글 이벤트 ,2025-05-28 12:00,2025-06-30 23:59,여,30대,7491,6128,261,4.26,4,1.53
36938,100068,멜론매거진이벤트,멜터뷰 #5 댓글 이벤트 ,2025-05-28 12:00,2025-06-30 23:59,여,40대,10612,7898,416,5.27,4,0.96
36938,100068,멜론매거진이벤트,멜터뷰 #5 댓글 이벤트 ,2025-05-28 12:00,2025-06-30 23:59,여,50대,4454,3512,118,3.36,1,0.85
36938,100068,멜론매거진이벤트,멜터뷰 #5 댓글 이벤트 ,2025-05-28 12:00,2025-06-30 23:59,여,60대이상,1403,1036,15,1.45,1,6.67
36939,100068,멜론매거진이벤트,엔플라잉 (N.Flying) 댓글 이벤트,2025-05-28 18:00,2025-06-11 23:59,남,10대이하,601,472,18,3.81,0,0.0
36939,100068,멜론매거진이벤트,엔플라잉 (N.Flying) 댓글 이벤트,2025-05-28 18:00,2025-06-11 23:59,남,20대,1830,1609,18,1.12,0,0.0
36939,100068,멜론매거진이벤트,엔플라잉 (N.Flying) 댓글 이벤트,2025-05-28 18:00,2025-06-11 23:59,남,30대,2359,1990,23,1.16,0,0.0
36939,100068,멜론매거진이벤트,엔플라잉 (N.Flying) 댓글 이벤트,2025-05-28 18:00,2025-06-11 23:59,남,40대,1898,1474,32,2.17,0,0.0
36939,100068,멜론매거진이벤트,엔플라잉 (N.Flying) 댓글 이벤트,2025-05-28 18:00,2025-06-11 23:59,남,50대,1108,865,22,2.54,0,0.0
36939,100068,멜론매거진이벤트,엔플라잉 (N.Flying) 댓글 이벤트,2025-05-28 18:00,2025-06-11 23:59,여,10대이하,2113,1338,137,10.24,5,3.65
36939,100068,멜론매거진이벤트,엔플라잉 (N.Flying) 댓글 이벤트,2025-05-28 18:00,2025-06-11 23:59,여,20대,5020,3689,261,7.08,15,5.75
36939,100068,멜론매거진이벤트,엔플라잉 (N.Flying) 댓글 이벤트,2025-05-28 18:00,2025-06-11 23:59,여,30대,4558,3478,150,4.31,13,8.67
36939,100068,멜론매거진이벤트,엔플라잉 (N.Flying) 댓글 이벤트,2025-05-28 18:00,2025-06-11 23:59,여,40대,3856,2970,81,2.73,2,2.47
36939,100068,멜론매거진이벤트,엔플라잉 (N.Flying) 댓글 이벤트,2025-05-28 18:00,2025-06-11 23:59,여,50대,1848,1423,39,2.74,1,2.56
36939,100068,멜론매거진이벤트,엔플라잉 (N.Flying) 댓글 이벤트,2025-05-28 18:00,2025-06-11 23:59,여,60대이상,680,510,6,1.18,0,0.0
36941,100068,멜론매거진이벤트,멜론 데이터랩 댓글 이벤트 #51,2025-05-30 12:00,2025-06-13 23:59,남,10대이하,1337,1070,36,3.36,0,0.0
36941,100068,멜론매거진이벤트,멜론 데이터랩 댓글 이벤트 #51,2025-05-30 12:00,2025-06-13 23:59,남,20대,3161,2691,47,1.75,0,0.0
36941,100068,멜론매거진이벤트,멜론 데이터랩 댓글 이벤트 #51,2025-05-30 12:00,2025-06-13 23:59,남,30대,4145,3480,76,2.18,2,2.63
36941,100068,멜론매거진이벤트,멜론 데이터랩 댓글 이벤트 #51,2025-05-30 12:00,2025-06-13 23:59,남,40대,3786,3059,59,1.93,0,0.0
36941,100068,멜론매거진이벤트,멜론 데이터랩 댓글 이벤트 #51,2025-05-30 12:00,2025-06-13 23:59,남,50대,1946,1578,20,1.27,1,5.0
36941,100068,멜론매거진이벤트,멜론 데이터랩 댓글 이벤트 #51,2025-05-30 12:00,2025-06-13 23:59,남,60대이상,580,472,2,0.42,0,0.0
36941,100068,멜론매거진이벤트,멜론 데이터랩 댓글 이벤트 #51,2025-05-30 12:00,2025-06-13 23:59,여,10대이하,2539,2074,93,4.48,1,1.08
36941,100068,멜론매거진이벤트,멜론 데이터랩 댓글 이벤트 #51,2025-05-30 12:00,2025-06-13 23:59,여,20대,6755,5827,191,3.28,5,2.62
36941,100068,멜론매거진이벤트,멜론 데이터랩 댓글 이벤트 #51,2025-05-30 12:00,2025-06-13 23:59,여,30대,7518,6431,123,1.91,0,0.0
36941,100068,멜론매거진이벤트,멜론 데이터랩 댓글 이벤트 #51,2025-05-30 12:00,2025-06-13 23:59,여,40대,8314,6779,93,1.37,0,0.0
36941,100068,멜론매거진이벤트,멜론 데이터랩 댓글 이벤트 #51,2025-05-30 12:00,2025-06-13 23:59,여,50대,3289,2732,32,1.17,0,0.0
36941,100068,멜론매거진이벤트,멜론 데이터랩 댓글 이벤트 #51,2025-05-30 12:00,2025-06-13 23:59,여,60대이상,1128,868,9,1.04,0,0.0
36946,100068,멜론매거진이벤트,엔하이픈 (ENHYPEN) 댓글 이벤트,2025-06-05 13:00,2025-06-19 23:59,남,10대이하,247,194,12,6.19,1,8.33
36946,100068,멜론매거진이벤트,엔하이픈 (ENHYPEN) 댓글 이벤트,2025-06-05 13:00,2025-06-19 23:59,남,20대,585,484,14,2.89,0,0.0
36946,100068,멜론매거진이벤트,엔하이픈 (ENHYPEN) 댓글 이벤트,2025-06-05 13:00,2025-06-19 23:59,남,30대,821,593,8,1.35,0,0.0
36946,100068,멜론매거진이벤트,엔하이픈 (ENHYPEN) 댓글 이벤트,2025-06-05 13:00,2025-06-19 23:59,남,40대,1102,732,36,4.92,0,0.0
36946,100068,멜론매거진이벤트,엔하이픈 (ENHYPEN) 댓글 이벤트,2025-06-05 13:00,2025-06-19 23:59,남,50대,782,503,37,7.36,0,0.0
36946,100068,멜론매거진이벤트,엔하이픈 (ENHYPEN) 댓글 이벤트,2025-06-05 13:00,2025-06-19 23:59,남,60대이상,243,142,5,3.52,1,20.0
36946,100068,멜론매거진이벤트,엔하이픈 (ENHYPEN) 댓글 이벤트,2025-06-05 13:00,2025-06-19 23:59,여,10대이하,5822,2319,601,25.92,30,4.99
36946,100068,멜론매거진이벤트,엔하이픈 (ENHYPEN) 댓글 이벤트,2025-06-05 13:00,2025-06-19 23:59,여,20대,5962,2683,569,21.21,35,6.15
36946,100068,멜론매거진이벤트,엔하이픈 (ENHYPEN) 댓글 이벤트,2025-06-05 13:00,2025-06-19 23:59,여,30대,2161,1291,105,8.13,11,10.48
36946,100068,멜론매거진이벤트,엔하이픈 (ENHYPEN) 댓글 이벤트,2025-06-05 13:00,2025-06-19 23:59,여,40대,3418,1854,146,7.87,6,4.11
36946,100068,멜론매거진이벤트,엔하이픈 (ENHYPEN) 댓글 이벤트,2025-06-05 13:00,2025-06-19 23:59,여,50대,1421,805,63,7.83,0,0.0
36946,100068,멜론매거진이벤트,엔하이픈 (ENHYPEN) 댓글 이벤트,2025-06-05 13:00,2025-06-19 23:59,여,60대이상,312,200,6,3.0,1,16.67
36947,100068,멜론매거진이벤트,RIIZE 댓글 이벤트,2025-06-04 14:00,2025-06-18 23:59,남,10대이하,507,376,22,5.85,1,4.55
36947,100068,멜론매거진이벤트,RIIZE 댓글 이벤트,2025-06-04 14:00,2025-06-18 23:59,남,20대,1133,952,52,5.46,1,1.92
36947,100068,멜론매거진이벤트,RIIZE 댓글 이벤트,2025-06-04 14:00,2025-06-18 23:59,남,30대,1434,1154,24,2.08,0,0.0
36947,100068,멜론매거진이벤트,RIIZE 댓글 이벤트,2025-06-04 14:00,2025-06-18 23:59,남,40대,1460,1096,59,5.38,0,0.0
36947,100068,멜론매거진이벤트,RIIZE 댓글 이벤트,2025-06-04 14:00,2025-06-18 23:59,남,50대,976,703,51,7.25,0,0.0
36947,100068,멜론매거진이벤트,RIIZE 댓글 이벤트,2025-06-04 14:00,2025-06-18 23:59,남,60대이상,282,228,3,1.32,0,0.0
36947,100068,멜론매거진이벤트,RIIZE 댓글 이벤트,2025-06-04 14:00,2025-06-18 23:59,여,10대이하,4810,2957,743,25.13,13,1.75
36947,100068,멜론매거진이벤트,RIIZE 댓글 이벤트,2025-06-04 14:00,2025-06-18 23:59,여,20대,8020,4545,1089,23.96,11,1.01
36947,100068,멜론매거진이벤트,RIIZE 댓글 이벤트,2025-06-04 14:00,2025-06-18 23:59,여,30대,5144,3240,511,15.77,3,0.59
36947,100068,멜론매거진이벤트,RIIZE 댓글 이벤트,2025-06-04 14:00,2025-06-18 23:59,여,40대,4129,2864,253,8.83,1,0.4
36947,100068,멜론매거진이벤트,RIIZE 댓글 이벤트,2025-06-04 14:00,2025-06-18 23:59,여,50대,1550,1149,85,7.4,0,0.0
36947,100068,멜론매거진이벤트,RIIZE 댓글 이벤트,2025-06-04 14:00,2025-06-18 23:59,여,60대이상,496,356,15,4.21,0,0.0
36957,100068,멜론매거진이벤트,도영 (DOYOUNG) 댓글 이벤트,2025-06-09 18:00,2025-06-23 23:59,남,10대이하,267,176,9,5.11,0,0.0
36957,100068,멜론매거진이벤트,도영 (DOYOUNG) 댓글 이벤트,2025-06-09 18:00,2025-06-23 23:59,남,20대,999,831,26,3.13,2,7.69
36957,100068,멜론매거진이벤트,도영 (DOYOUNG) 댓글 이벤트,2025-06-09 18:00,2025-06-23 23:59,남,30대,1192,990,19,1.92,1,5.26
36957,100068,멜론매거진이벤트,도영 (DOYOUNG) 댓글 이벤트,2025-06-09 18:00,2025-06-23 23:59,남,40대,1261,913,74,8.11,0,0.0
36957,100068,멜론매거진이벤트,도영 (DOYOUNG) 댓글 이벤트,2025-06-09 18:00,2025-06-23 23:59,남,50대,845,580,53,9.14,0,0.0
36957,100068,멜론매거진이벤트,도영 (DOYOUNG) 댓글 이벤트,2025-06-09 18:00,2025-06-23 23:59,남,60대이상,226,180,6,3.33,0,0.0
36957,100068,멜론매거진이벤트,도영 (DOYOUNG) 댓글 이벤트,2025-06-09 18:00,2025-06-23 23:59,여,10대이하,4073,1738,573,32.97,28,4.89
36957,100068,멜론매거진이벤트,도영 (DOYOUNG) 댓글 이벤트,2025-06-09 18:00,2025-06-23 23:59,여,20대,5905,3265,635,19.45,32,5.04
36957,100068,멜론매거진이벤트,도영 (DOYOUNG) 댓글 이벤트,2025-06-09 18:00,2025-06-23 23:59,여,30대,3532,2235,242,10.83,10,4.13
36957,100068,멜론매거진이벤트,도영 (DOYOUNG) 댓글 이벤트,2025-06-09 18:00,2025-06-23 23:59,여,40대,2836,1880,175,9.31,5,2.86
36957,100068,멜론매거진이벤트,도영 (DOYOUNG) 댓글 이벤트,2025-06-09 18:00,2025-06-23 23:59,여,50대,1311,926,64,6.91,1,1.56
36957,100068,멜론매거진이벤트,도영 (DOYOUNG) 댓글 이벤트,2025-06-09 18:00,2025-06-23 23:59,여,60대이상,336,265,4,1.51,0,0.0
36960,100068,멜론매거진이벤트,izna (이즈나) 댓글 이벤트,2025-06-09 18:00,2025-06-23 23:59,남,10대이하,274,188,25,13.3,0,0.0
36960,100068,멜론매거진이벤트,izna (이즈나) 댓글 이벤트,2025-06-09 18:00,2025-06-23 23:59,남,20대,863,633,64,10.11,0,0.0
36960,100068,멜론매거진이벤트,izna (이즈나) 댓글 이벤트,2025-06-09 18:00,2025-06-23 23:59,남,30대,839,706,32,4.53,0,0.0
36960,100068,멜론매거진이벤트,izna (이즈나) 댓글 이벤트,2025-06-09 18:00,2025-06-23 23:59,남,40대,1061,683,53,7.76,1,1.89
36960,100068,멜론매거진이벤트,izna (이즈나) 댓글 이벤트,2025-06-09 18:00,2025-06-23 23:59,남,50대,452,328,19,5.79,0,0.0
36960,100068,멜론매거진이벤트,izna (이즈나) 댓글 이벤트,2025-06-09 18:00,2025-06-23 23:59,남,60대이상,138,106,4,3.77,0,0.0
36960,100068,멜론매거진이벤트,izna (이즈나) 댓글 이벤트,2025-06-09 18:00,2025-06-23 23:59,여,10대이하,1250,625,155,24.8,5,3.23
36960,100068,멜론매거진이벤트,izna (이즈나) 댓글 이벤트,2025-06-09 18:00,2025-06-23 23:59,여,20대,1780,1179,121,10.26,2,1.65
36960,100068,멜론매거진이벤트,izna (이즈나) 댓글 이벤트,2025-06-09 18:00,2025-06-23 23:59,여,30대,1329,1105,31,2.81,1,3.23
36960,100068,멜론매거진이벤트,izna (이즈나) 댓글 이벤트,2025-06-09 18:00,2025-06-23 23:59,여,40대,1930,1323,86,6.5,0,0.0
36960,100068,멜론매거진이벤트,izna (이즈나) 댓글 이벤트,2025-06-09 18:00,2025-06-23 23:59,여,50대,635,514,18,3.5,0,0.0
36960,100068,멜론매거진이벤트,izna (이즈나) 댓글 이벤트,2025-06-09 18:00,2025-06-23 23:59,여,60대이상,198,166,3,1.81,0,0.0
36961,100068,멜론매거진이벤트,QWER 댓글 이벤트,2025-06-09 18:00,2025-06-23 23:59,남,10대이하,1561,678,184,27.14,16,8.7
36961,100068,멜론매거진이벤트,QWER 댓글 이벤트,2025-06-09 18:00,2025-06-23 23:59,남,20대,2883,1584,304,19.19,27,8.88
36961,100068,멜론매거진이벤트,QWER 댓글 이벤트,2025-06-09 18:00,2025-06-23 23:59,남,30대,3872,1952,428,21.93,27,6.31
36961,100068,멜론매거진이벤트,QWER 댓글 이벤트,2025-06-09 18:00,2025-06-23 23:59,남,40대,2499,1355,207,15.28,12,5.8
36961,100068,멜론매거진이벤트,QWER 댓글 이벤트,2025-06-09 18:00,2025-06-23 23:59,남,50대,741,486,49,10.08,2,4.08
36961,100068,멜론매거진이벤트,QWER 댓글 이벤트,2025-06-09 18:00,2025-06-23 23:59,남,60대이상,146,116,6,5.17,1,16.67
36961,100068,멜론매거진이벤트,QWER 댓글 이벤트,2025-06-09 18:00,2025-06-23 23:59,여,10대이하,788,506,64,12.65,3,4.69
36961,100068,멜론매거진이벤트,QWER 댓글 이벤트,2025-06-09 18:00,2025-06-23 23:59,여,20대,2181,1632,98,6.0,4,4.08
36961,100068,멜론매거진이벤트,QWER 댓글 이벤트,2025-06-09 18:00,2025-06-23 23:59,여,30대,1851,1379,63,4.57,1,1.59
36961,100068,멜론매거진이벤트,QWER 댓글 이벤트,2025-06-09 18:00,2025-06-23 23:59,여,40대,2361,1557,123,7.9,5,4.07
36961,100068,멜론매거진이벤트,QWER 댓글 이벤트,2025-06-09 18:00,2025-06-23 23:59,여,50대,795,579,30,5.18,0,0.0
36961,100068,멜론매거진이벤트,QWER 댓글 이벤트,2025-06-09 18:00,2025-06-23 23:59,여,60대이상,219,171,4,2.34,0,0.0
36962,100068,멜론매거진이벤트,KISS OF LIFE 댓글 이벤트,2025-06-09 18:00,2025-06-23 23:59,남,10대이하,1221,836,66,7.89,2,3.03
36962,100068,멜론매거진이벤트,KISS OF LIFE 댓글 이벤트,2025-06-09 18:00,2025-06-23 23:59,남,20대,2363,1965,82,4.17,2,2.44
36962,100068,멜론매거진이벤트,KISS OF LIFE 댓글 이벤트,2025-06-09 18:00,2025-06-23 23:59,남,30대,2099,1685,33,1.96,1,3.03
36962,100068,멜론매거진이벤트,KISS OF LIFE 댓글 이벤트,2025-06-09 18:00,2025-06-23 23:59,남,40대,2034,1508,50,3.32,0,0.0
36962,100068,멜론매거진이벤트,KISS OF LIFE 댓글 이벤트,2025-06-09 18:00,2025-06-23 23:59,남,50대,1025,796,26,3.27,1,3.85
36962,100068,멜론매거진이벤트,KISS OF LIFE 댓글 이벤트,2025-06-09 18:00,2025-06-23 23:59,남,60대이상,213,168,3,1.79,0,0.0
36962,100068,멜론매거진이벤트,KISS OF LIFE 댓글 이벤트,2025-06-09 18:00,2025-06-23 23:59,여,10대이하,2594,1750,223,12.74,9,4.04
36962,100068,멜론매거진이벤트,KISS OF LIFE 댓글 이벤트,2025-06-09 18:00,2025-06-23 23:59,여,20대,4317,3457,235,6.8,10,4.26
36962,100068,멜론매거진이벤트,KISS OF LIFE 댓글 이벤트,2025-06-09 18:00,2025-06-23 23:59,여,30대,2757,2257,53,2.35,3,5.66
36962,100068,멜론매거진이벤트,KISS OF LIFE 댓글 이벤트,2025-06-09 18:00,2025-06-23 23:59,여,40대,3151,2365,92,3.89,2,2.17
36962,100068,멜론매거진이벤트,KISS OF LIFE 댓글 이벤트,2025-06-09 18:00,2025-06-23 23:59,여,50대,1100,881,24,2.72,0,0.0
36962,100068,멜론매거진이벤트,KISS OF LIFE 댓글 이벤트,2025-06-09 18:00,2025-06-23 23:59,여,60대이상,321,251,6,2.39,0,0.0
36966,100068,멜론매거진이벤트,j-hope 댓글 이벤트,2025-06-13 13:00,2025-06-27 23:59,남,10대이하,425,342,13,3.8,0,0.0
36966,100068,멜론매거진이벤트,j-hope 댓글 이벤트,2025-06-13 13:00,2025-06-27 23:59,남,20대,1123,957,27,2.82,1,3.7
36966,100068,멜론매거진이벤트,j-hope 댓글 이벤트,2025-06-13 13:00,2025-06-27 23:59,남,30대,1485,1224,23,1.88,0,0.0
36966,100068,멜론매거진이벤트,j-hope 댓글 이벤트,2025-06-13 13:00,2025-06-27 23:59,남,40대,1368,1113,40,3.59,1,2.5
36966,100068,멜론매거진이벤트,j-hope 댓글 이벤트,2025-06-13 13:00,2025-06-27 23:59,남,50대,783,614,21,3.42,0,0.0
36966,100068,멜론매거진이벤트,j-hope 댓글 이벤트,2025-06-13 13:00,2025-06-27 23:59,남,60대이상,217,166,3,1.81,0,0.0
36966,100068,멜론매거진이벤트,j-hope 댓글 이벤트,2025-06-13 13:00,2025-06-27 23:59,여,10대이하,1497,1056,144,13.64,2,1.39
36966,100068,멜론매거진이벤트,j-hope 댓글 이벤트,2025-06-13 13:00,2025-06-27 23:59,여,20대,2882,2165,229,10.58,6,2.62
36966,100068,멜론매거진이벤트,j-hope 댓글 이벤트,2025-06-13 13:00,2025-06-27 23:59,여,30대,3711,2586,267,10.32,7,2.62
36966,100068,멜론매거진이벤트,j-hope 댓글 이벤트,2025-06-13 13:00,2025-06-27 23:59,여,40대,4181,2823,256,9.07,5,1.95
36966,100068,멜론매거진이벤트,j-hope 댓글 이벤트,2025-06-13 13:00,2025-06-27 23:59,여,50대,1651,1111,70,6.3,1,1.43
36966,100068,멜론매거진이벤트,j-hope 댓글 이벤트,2025-06-13 13:00,2025-06-27 23:59,여,60대이상,411,310,11,3.55,0,0.0
36968,100068,멜론매거진이벤트,음악이 만든 나의 집 3화 댓글 이벤트,2025-06-11 19:00,2025-06-30 23:59,남,10대이하,2546,1844,227,12.31,1,0.44
36968,100068,멜론매거진이벤트,음악이 만든 나의 집 3화 댓글 이벤트,2025-06-11 19:00,2025-06-30 23:59,남,20대,4241,3511,236,6.72,2,0.85
36968,100068,멜론매거진이벤트,음악이 만든 나의 집 3화 댓글 이벤트,2025-06-11 19:00,2025-06-30 23:59,남,30대,4336,3544,167,4.71,3,1.8
36968,100068,멜론매거진이벤트,음악이 만든 나의 집 3화 댓글 이벤트,2025-06-11 19:00,2025-06-30 23:59,남,40대,5371,3994,295,7.39,0,0.0
36968,100068,멜론매거진이벤트,음악이 만든 나의 집 3화 댓글 이벤트,2025-06-11 19:00,2025-06-30 23:59,남,50대,2969,2312,119,5.15,0,0.0
36968,100068,멜론매거진이벤트,음악이 만든 나의 집 3화 댓글 이벤트,2025-06-11 19:00,2025-06-30 23:59,남,60대이상,688,536,13,2.43,0,0.0
36968,100068,멜론매거진이벤트,음악이 만든 나의 집 3화 댓글 이벤트,2025-06-11 19:00,2025-06-30 23:59,여,10대이하,11296,7545,1354,17.95,19,1.4
36968,100068,멜론매거진이벤트,음악이 만든 나의 집 3화 댓글 이벤트,2025-06-11 19:00,2025-06-30 23:59,여,20대,18012,12987,1787,13.76,12,0.67
36968,100068,멜론매거진이벤트,음악이 만든 나의 집 3화 댓글 이벤트,2025-06-11 19:00,2025-06-30 23:59,여,30대,14127,10157,937,9.23,2,0.21
36968,100068,멜론매거진이벤트,음악이 만든 나의 집 3화 댓글 이벤트,2025-06-11 19:00,2025-06-30 23:59,여,40대,12263,8825,717,8.12,3,0.42
36968,100068,멜론매거진이벤트,음악이 만든 나의 집 3화 댓글 이벤트,2025-06-11 19:00,2025-06-30 23:59,여,50대,4610,3555,204,5.74,1,0.49
36968,100068,멜론매거진이벤트,음악이 만든 나의 집 3화 댓글 이벤트,2025-06-11 19:00,2025-06-30 23:59,여,60대이상,1267,959,31,3.23,2,6.45
36971,100068,멜론매거진이벤트,BOYS II PLANET 댓글 이벤트,2025-06-12 18:00,2025-06-26 23:59,남,10대이하,244,189,12,6.35,0,0.0
36971,100068,멜론매거진이벤트,BOYS II PLANET 댓글 이벤트,2025-06-12 18:00,2025-06-26 23:59,남,20대,724,625,17,2.72,0,0.0
36971,100068,멜론매거진이벤트,BOYS II PLANET 댓글 이벤트,2025-06-12 18:00,2025-06-26 23:59,남,30대,885,753,10,1.33,0,0.0
36971,100068,멜론매거진이벤트,BOYS II PLANET 댓글 이벤트,2025-06-12 18:00,2025-06-26 23:59,남,40대,882,729,28,3.84,0,0.0
36971,100068,멜론매거진이벤트,BOYS II PLANET 댓글 이벤트,2025-06-12 18:00,2025-06-26 23:59,남,50대,552,410,24,5.85,0,0.0
36971,100068,멜론매거진이벤트,BOYS II PLANET 댓글 이벤트,2025-06-12 18:00,2025-06-26 23:59,여,10대이하,1786,1232,251,20.37,4,1.59
36971,100068,멜론매거진이벤트,BOYS II PLANET 댓글 이벤트,2025-06-12 18:00,2025-06-26 23:59,여,20대,2047,1575,144,9.14,2,1.39
36971,100068,멜론매거진이벤트,BOYS II PLANET 댓글 이벤트,2025-06-12 18:00,2025-06-26 23:59,여,30대,1486,1271,29,2.28,0,0.0
36971,100068,멜론매거진이벤트,BOYS II PLANET 댓글 이벤트,2025-06-12 18:00,2025-06-26 23:59,여,40대,1773,1400,71,5.07,0,0.0
36971,100068,멜론매거진이벤트,BOYS II PLANET 댓글 이벤트,2025-06-12 18:00,2025-06-26 23:59,여,50대,818,656,23,3.51,0,0.0
36971,100068,멜론매거진이벤트,BOYS II PLANET 댓글 이벤트,2025-06-12 18:00,2025-06-26 23:59,여,60대이상,338,240,3,1.25,0,0.0
36974,100068,멜론매거진이벤트,ATEEZ(에이티즈) 댓글 이벤트,2025-06-13 13:00,2025-06-27 23:59,남,10대이하,259,214,8,3.74,0,0.0
36974,100068,멜론매거진이벤트,ATEEZ(에이티즈) 댓글 이벤트,2025-06-13 13:00,2025-06-27 23:59,남,20대,765,694,16,2.31,0,0.0
36974,100068,멜론매거진이벤트,ATEEZ(에이티즈) 댓글 이벤트,2025-06-13 13:00,2025-06-27 23:59,남,30대,1099,941,16,1.7,0,0.0
36974,100068,멜론매거진이벤트,ATEEZ(에이티즈) 댓글 이벤트,2025-06-13 13:00,2025-06-27 23:59,남,40대,979,789,28,3.55,0,0.0
36974,100068,멜론매거진이벤트,ATEEZ(에이티즈) 댓글 이벤트,2025-06-13 13:00,2025-06-27 23:59,남,50대,614,440,30,6.82,1,3.33
36974,100068,멜론매거진이벤트,ATEEZ(에이티즈) 댓글 이벤트,2025-06-13 13:00,2025-06-27 23:59,남,60대이상,158,129,3,2.33,0,0.0
36974,100068,멜론매거진이벤트,ATEEZ(에이티즈) 댓글 이벤트,2025-06-13 13:00,2025-06-27 23:59,여,10대이하,1744,864,215,24.88,14,6.51
36974,100068,멜론매거진이벤트,ATEEZ(에이티즈) 댓글 이벤트,2025-06-13 13:00,2025-06-27 23:59,여,20대,2832,1782,260,14.59,17,6.54
36974,100068,멜론매거진이벤트,ATEEZ(에이티즈) 댓글 이벤트,2025-06-13 13:00,2025-06-27 23:59,여,30대,2273,1620,106,6.54,9,8.49
36974,100068,멜론매거진이벤트,ATEEZ(에이티즈) 댓글 이벤트,2025-06-13 13:00,2025-06-27 23:59,여,40대,1923,1478,67,4.53,1,1.49
36974,100068,멜론매거진이벤트,ATEEZ(에이티즈) 댓글 이벤트,2025-06-13 13:00,2025-06-27 23:59,여,50대,977,705,39,5.53,0,0.0
36974,100068,멜론매거진이벤트,ATEEZ(에이티즈) 댓글 이벤트,2025-06-13 13:00,2025-06-27 23:59,여,60대이상,320,224,4,1.79,1,25.0
36976,100068,멜론매거진이벤트,아일릿(ILLIT) 댓글 이벤트,2025-06-16 18:00,2025-06-30 23:59,남,10대이하,1353,813,92,11.32,5,5.43
36976,100068,멜론매거진이벤트,아일릿(ILLIT) 댓글 이벤트,2025-06-16 18:00,2025-06-30 23:59,남,20대,2450,1636,111,6.78,4,3.6
36976,100068,멜론매거진이벤트,아일릿(ILLIT) 댓글 이벤트,2025-06-16 18:00,2025-06-30 23:59,남,30대,1986,1520,33,2.17,1,3.03
36976,100068,멜론매거진이벤트,아일릿(ILLIT) 댓글 이벤트,2025-06-16 18:00,2025-06-30 23:59,남,40대,2451,1698,62,3.65,0,0.0
36976,100068,멜론매거진이벤트,아일릿(ILLIT) 댓글 이벤트,2025-06-16 18:00,2025-06-30 23:59,남,50대,1099,766,37,4.83,2,5.41
36976,100068,멜론매거진이벤트,아일릿(ILLIT) 댓글 이벤트,2025-06-16 18:00,2025-06-30 23:59,남,60대이상,244,178,1,0.56,0,0.0
36976,100068,멜론매거진이벤트,아일릿(ILLIT) 댓글 이벤트,2025-06-16 18:00,2025-06-30 23:59,여,10대이하,3773,2008,347,17.28,24,6.92
36976,100068,멜론매거진이벤트,아일릿(ILLIT) 댓글 이벤트,2025-06-16 18:00,2025-06-30 23:59,여,20대,5720,3722,355,9.54,25,7.04
36976,100068,멜론매거진이벤트,아일릿(ILLIT) 댓글 이벤트,2025-06-16 18:00,2025-06-30 23:59,여,30대,2958,2333,40,1.71,2,5.0
36976,100068,멜론매거진이벤트,아일릿(ILLIT) 댓글 이벤트,2025-06-16 18:00,2025-06-30 23:59,여,40대,3796,2696,96,3.56,2,2.08
36976,100068,멜론매거진이벤트,아일릿(ILLIT) 댓글 이벤트,2025-06-16 18:00,2025-06-30 23:59,여,50대,1265,950,35,3.68,0,0.0
36976,100068,멜론매거진이벤트,아일릿(ILLIT) 댓글 이벤트,2025-06-16 18:00,2025-06-30 23:59,여,60대이상,280,217,2,0.92,0,0.0
36978,100068,멜론매거진이벤트,멜론X메론킥 댓글 이벤트,2025-06-16 14:00,2025-06-25 23:59,남,10대이하,2074,1546,277,17.92,3,1.08
36978,100068,멜론매거진이벤트,멜론X메론킥 댓글 이벤트,2025-06-16 14:00,2025-06-25 23:59,남,20대,2859,2394,265,11.07,2,0.75
36978,100068,멜론매거진이벤트,멜론X메론킥 댓글 이벤트,2025-06-16 14:00,2025-06-25 23:59,남,30대,3759,3029,344,11.36,3,0.87
36978,100068,멜론매거진이벤트,멜론X메론킥 댓글 이벤트,2025-06-16 14:00,2025-06-25 23:59,남,40대,4232,3020,398,13.18,0,0.0
36978,100068,멜론매거진이벤트,멜론X메론킥 댓글 이벤트,2025-06-16 14:00,2025-06-25 23:59,남,50대,1811,1431,131,9.15,3,2.29
36978,100068,멜론매거진이벤트,멜론X메론킥 댓글 이벤트,2025-06-16 14:00,2025-06-25 23:59,남,60대이상,605,413,40,9.69,1,2.5
36978,100068,멜론매거진이벤트,멜론X메론킥 댓글 이벤트,2025-06-16 14:00,2025-06-25 23:59,여,10대이하,4784,3552,800,22.52,9,1.13
36978,100068,멜론매거진이벤트,멜론X메론킥 댓글 이벤트,2025-06-16 14:00,2025-06-25 23:59,여,20대,8633,6770,1394,20.59,16,1.15
36978,100068,멜론매거진이벤트,멜론X메론킥 댓글 이벤트,2025-06-16 14:00,2025-06-25 23:59,여,30대,8933,6888,1111,16.13,9,0.81
36978,100068,멜론매거진이벤트,멜론X메론킥 댓글 이벤트,2025-06-16 14:00,2025-06-25 23:59,여,40대,8912,6521,802,12.3,9,1.12
36978,100068,멜론매거진이벤트,멜론X메론킥 댓글 이벤트,2025-06-16 14:00,2025-06-25 23:59,여,50대,3693,2590,322,12.43,0,0.0
36978,100068,멜론매거진이벤트,멜론X메론킥 댓글 이벤트,2025-06-16 14:00,2025-06-25 23:59,여,60대이상,2234,1203,202,16.79,2,0.99
36982,100068,멜론매거진이벤트,"ZEROBASEONE (김지웅, 리키, 김규빈, 한유진) 댓글 이벤트",2025-06-16 18:00,2025-06-30 23:59,남,10대이하,252,198,17,8.59,0,0.0
36982,100068,멜론매거진이벤트,"ZEROBASEONE (김지웅, 리키, 김규빈, 한유진) 댓글 이벤트",2025-06-16 18:00,2025-06-30 23:59,남,20대,760,685,17,2.48,0,0.0
36982,100068,멜론매거진이벤트,"ZEROBASEONE (김지웅, 리키, 김규빈, 한유진) 댓글 이벤트",2025-06-16 18:00,2025-06-30 23:59,남,30대,1028,898,6,0.67,0,0.0
36982,100068,멜론매거진이벤트,"ZEROBASEONE (김지웅, 리키, 김규빈, 한유진) 댓글 이벤트",2025-06-16 18:00,2025-06-30 23:59,남,40대,1159,915,46,5.03,0,0.0
36982,100068,멜론매거진이벤트,"ZEROBASEONE (김지웅, 리키, 김규빈, 한유진) 댓글 이벤트",2025-06-16 18:00,2025-06-30 23:59,남,50대,510,428,19,4.44,0,0.0
36982,100068,멜론매거진이벤트,"ZEROBASEONE (김지웅, 리키, 김규빈, 한유진) 댓글 이벤트",2025-06-16 18:00,2025-06-30 23:59,여,10대이하,2127,995,283,28.44,9,3.18
36982,100068,멜론매거진이벤트,"ZEROBASEONE (김지웅, 리키, 김규빈, 한유진) 댓글 이벤트",2025-06-16 18:00,2025-06-30 23:59,여,20대,2389,1461,139,9.51,4,2.88
36982,100068,멜론매거진이벤트,"ZEROBASEONE (김지웅, 리키, 김규빈, 한유진) 댓글 이벤트",2025-06-16 18:00,2025-06-30 23:59,여,30대,1860,1555,50,3.22,1,2.0
36982,100068,멜론매거진이벤트,"ZEROBASEONE (김지웅, 리키, 김규빈, 한유진) 댓글 이벤트",2025-06-16 18:00,2025-06-30 23:59,여,40대,2631,1807,101,5.59,1,0.99
36982,100068,멜론매거진이벤트,"ZEROBASEONE (김지웅, 리키, 김규빈, 한유진) 댓글 이벤트",2025-06-16 18:00,2025-06-30 23:59,여,50대,938,738,25,3.39,0,0.0
36982,100068,멜론매거진이벤트,"ZEROBASEONE (김지웅, 리키, 김규빈, 한유진) 댓글 이벤트",2025-06-16 18:00,2025-06-30 23:59,여,60대이상,299,245,2,0.82,0,0.0
36268,100065,멜론이벤트,브루노 마스 라스베이거스 공연 샌딩 이벤트,2024-07-11 19:00,2024-07-28 23:59,남,10대이하,1921,1238,217,17.53,1,0.46
36268,100065,멜론이벤트,브루노 마스 라스베이거스 공연 샌딩 이벤트,2024-07-11 19:00,2024-07-28 23:59,남,20대,6550,4686,685,14.62,9,1.31
36268,100065,멜론이벤트,브루노 마스 라스베이거스 공연 샌딩 이벤트,2024-07-11 19:00,2024-07-28 23:59,남,30대,7304,5164,735,14.23,6,0.82
36268,100065,멜론이벤트,브루노 마스 라스베이거스 공연 샌딩 이벤트,2024-07-11 19:00,2024-07-28 23:59,남,40대,4813,3511,424,12.08,1,0.24
36268,100065,멜론이벤트,브루노 마스 라스베이거스 공연 샌딩 이벤트,2024-07-11 19:00,2024-07-28 23:59,남,50대,2918,2039,260,12.75,0,0.0
36268,100065,멜론이벤트,브루노 마스 라스베이거스 공연 샌딩 이벤트,2024-07-11 19:00,2024-07-28 23:59,남,60대이상,725,564,40,7.09,1,2.5
36268,100065,멜론이벤트,브루노 마스 라스베이거스 공연 샌딩 이벤트,2024-07-11 19:00,2024-07-28 23:59,여,10대이하,2787,2072,271,13.08,5,1.85
36268,100065,멜론이벤트,브루노 마스 라스베이거스 공연 샌딩 이벤트,2024-07-11 19:00,2024-07-28 23:59,여,20대,12217,8230,1378,16.74,22,1.6
36268,100065,멜론이벤트,브루노 마스 라스베이거스 공연 샌딩 이벤트,2024-07-11 19:00,2024-07-28 23:59,여,30대,11975,8217,1276,15.53,7,0.55
36268,100065,멜론이벤트,브루노 마스 라스베이거스 공연 샌딩 이벤트,2024-07-11 19:00,2024-07-28 23:59,여,40대,9449,6586,855,12.98,7,0.82
36268,100065,멜론이벤트,브루노 마스 라스베이거스 공연 샌딩 이벤트,2024-07-11 19:00,2024-07-28 23:59,여,50대,4729,3318,410,12.36,4,0.98
36268,100065,멜론이벤트,브루노 마스 라스베이거스 공연 샌딩 이벤트,2024-07-11 19:00,2024-07-28 23:59,여,60대이상,1137,864,70,8.1,0,0.0
36279,100065,멜론이벤트,[스포트라이트] NCT 127 [WALK] 발매 이벤트,2024-07-15 18:00,2024-08-05 23:59,남,10대이하,913,686,19,2.77,0,0.0
36279,100065,멜론이벤트,[스포트라이트] NCT 127 [WALK] 발매 이벤트,2024-07-15 18:00,2024-08-05 23:59,남,20대,2792,2252,27,1.2,0,0.0
36279,100065,멜론이벤트,[스포트라이트] NCT 127 [WALK] 발매 이벤트,2024-07-15 18:00,2024-08-05 23:59,남,30대,3105,2488,21,0.84,0,0.0
36279,100065,멜론이벤트,[스포트라이트] NCT 127 [WALK] 발매 이벤트,2024-07-15 18:00,2024-08-05 23:59,남,40대,4535,2738,109,3.98,2,1.83
36279,100065,멜론이벤트,[스포트라이트] NCT 127 [WALK] 발매 이벤트,2024-07-15 18:00,2024-08-05 23:59,남,50대,3547,2017,98,4.86,0,0.0
36279,100065,멜론이벤트,[스포트라이트] NCT 127 [WALK] 발매 이벤트,2024-07-15 18:00,2024-08-05 23:59,남,60대이상,674,428,5,1.17,0,0.0
36279,100065,멜론이벤트,[스포트라이트] NCT 127 [WALK] 발매 이벤트,2024-07-15 18:00,2024-08-05 23:59,여,10대이하,18852,5842,884,15.13,43,4.86
36279,100065,멜론이벤트,[스포트라이트] NCT 127 [WALK] 발매 이벤트,2024-07-15 18:00,2024-08-05 23:59,여,20대,26102,10248,1046,10.21,38,3.63
36279,100065,멜론이벤트,[스포트라이트] NCT 127 [WALK] 발매 이벤트,2024-07-15 18:00,2024-08-05 23:59,여,30대,13586,6087,372,6.11,17,4.57
36279,100065,멜론이벤트,[스포트라이트] NCT 127 [WALK] 발매 이벤트,2024-07-15 18:00,2024-08-05 23:59,여,40대,10816,6114,332,5.43,9,2.71
36279,100065,멜론이벤트,[스포트라이트] NCT 127 [WALK] 발매 이벤트,2024-07-15 18:00,2024-08-05 23:59,여,50대,5094,2970,123,4.14,4,3.25
36279,100065,멜론이벤트,[스포트라이트] NCT 127 [WALK] 발매 이벤트,2024-07-15 18:00,2024-08-05 23:59,여,60대이상,977,664,11,1.66,0,0.0
36313,100065,멜론이벤트,멜론라운지 VIP 영화 혜택 <리볼버> 예매권 이벤트,2024-07-29 18:00,2024-08-06 23:59,남,10대이하,7072,2977,300,10.08,0,0.0
36313,100065,멜론이벤트,멜론라운지 VIP 영화 혜택 <리볼버> 예매권 이벤트,2024-07-29 18:00,2024-08-06 23:59,남,20대,137944,68379,4429,6.48,14,0.32
36313,100065,멜론이벤트,멜론라운지 VIP 영화 혜택 <리볼버> 예매권 이벤트,2024-07-29 18:00,2024-08-06 23:59,남,30대,254150,129791,7329,5.65,16,0.22
36313,100065,멜론이벤트,멜론라운지 VIP 영화 혜택 <리볼버> 예매권 이벤트,2024-07-29 18:00,2024-08-06 23:59,남,40대,135033,65213,4396,6.74,6,0.14
36313,100065,멜론이벤트,멜론라운지 VIP 영화 혜택 <리볼버> 예매권 이벤트,2024-07-29 18:00,2024-08-06 23:59,남,50대,75041,34780,2802,8.06,7,0.25
36313,100065,멜론이벤트,멜론라운지 VIP 영화 혜택 <리볼버> 예매권 이벤트,2024-07-29 18:00,2024-08-06 23:59,남,60대이상,23027,10934,699,6.39,2,0.29
36313,100065,멜론이벤트,멜론라운지 VIP 영화 혜택 <리볼버> 예매권 이벤트,2024-07-29 18:00,2024-08-06 23:59,여,10대이하,20892,8234,1266,15.38,5,0.39
36313,100065,멜론이벤트,멜론라운지 VIP 영화 혜택 <리볼버> 예매권 이벤트,2024-07-29 18:00,2024-08-06 23:59,여,20대,183274,92545,11838,12.79,32,0.27
36313,100065,멜론이벤트,멜론라운지 VIP 영화 혜택 <리볼버> 예매권 이벤트,2024-07-29 18:00,2024-08-06 23:59,여,30대,254086,130635,13620,10.43,18,0.13
36313,100065,멜론이벤트,멜론라운지 VIP 영화 혜택 <리볼버> 예매권 이벤트,2024-07-29 18:00,2024-08-06 23:59,여,40대,211896,95324,9035,9.48,14,0.15
36313,100065,멜론이벤트,멜론라운지 VIP 영화 혜택 <리볼버> 예매권 이벤트,2024-07-29 18:00,2024-08-06 23:59,여,50대,114961,53651,4912,9.16,6,0.12
36313,100065,멜론이벤트,멜론라운지 VIP 영화 혜택 <리볼버> 예매권 이벤트,2024-07-29 18:00,2024-08-06 23:59,여,60대이상,37855,15797,968,6.13,2,0.21
36367,100065,멜론이벤트,[스포트라이트] DAY6 [Band Aid] 발매 이벤트,2024-09-02 18:00,2024-09-08 23:59,남,10대이하,1416,968,52,5.37,3,5.77
36367,100065,멜론이벤트,[스포트라이트] DAY6 [Band Aid] 발매 이벤트,2024-09-02 18:00,2024-09-08 23:59,남,20대,4243,3109,149,4.79,6,4.03
36367,100065,멜론이벤트,[스포트라이트] DAY6 [Band Aid] 발매 이벤트,2024-09-02 18:00,2024-09-08 23:59,남,30대,3947,2884,111,3.85,4,3.6
36367,100065,멜론이벤트,[스포트라이트] DAY6 [Band Aid] 발매 이벤트,2024-09-02 18:00,2024-09-08 23:59,남,40대,3695,2525,128,5.07,2,1.56
36367,100065,멜론이벤트,[스포트라이트] DAY6 [Band Aid] 발매 이벤트,2024-09-02 18:00,2024-09-08 23:59,남,50대,3124,1872,186,9.94,3,1.61
36367,100065,멜론이벤트,[스포트라이트] DAY6 [Band Aid] 발매 이벤트,2024-09-02 18:00,2024-09-08 23:59,남,60대이상,580,392,26,6.63,0,0.0
36367,100065,멜론이벤트,[스포트라이트] DAY6 [Band Aid] 발매 이벤트,2024-09-02 18:00,2024-09-08 23:59,여,10대이하,10799,4674,937,20.05,87,9.28
36367,100065,멜론이벤트,[스포트라이트] DAY6 [Band Aid] 발매 이벤트,2024-09-02 18:00,2024-09-08 23:59,여,20대,36926,17141,3359,19.6,423,12.59
36367,100065,멜론이벤트,[스포트라이트] DAY6 [Band Aid] 발매 이벤트,2024-09-02 18:00,2024-09-08 23:59,여,30대,22940,10160,1777,17.49,241,13.56
36367,100065,멜론이벤트,[스포트라이트] DAY6 [Band Aid] 발매 이벤트,2024-09-02 18:00,2024-09-08 23:59,여,40대,12798,6759,633,9.37,43,6.79
36367,100065,멜론이벤트,[스포트라이트] DAY6 [Band Aid] 발매 이벤트,2024-09-02 18:00,2024-09-08 23:59,여,50대,5593,3131,333,10.64,15,4.5
36367,100065,멜론이벤트,[스포트라이트] DAY6 [Band Aid] 발매 이벤트,2024-09-02 18:00,2024-09-08 23:59,여,60대이상,896,547,39,7.13,2,5.13
36479,100065,멜론이벤트,멜론라운지 <롱레그스> 영화예매권 이벤트,2024-10-24 00:00,2024-10-29 23:59,남,10대이하,353,232,59,25.43,0,0.0
36479,100065,멜론이벤트,멜론라운지 <롱레그스> 영화예매권 이벤트,2024-10-24 00:00,2024-10-29 23:59,남,20대,2280,1380,609,44.13,5,0.82
36479,100065,멜론이벤트,멜론라운지 <롱레그스> 영화예매권 이벤트,2024-10-24 00:00,2024-10-29 23:59,남,30대,2153,1239,593,47.86,6,1.01
36479,100065,멜론이벤트,멜론라운지 <롱레그스> 영화예매권 이벤트,2024-10-24 00:00,2024-10-29 23:59,남,40대,1161,718,280,39.0,3,1.07
36479,100065,멜론이벤트,멜론라운지 <롱레그스> 영화예매권 이벤트,2024-10-24 00:00,2024-10-29 23:59,남,50대,953,592,248,41.89,0,0.0
36479,100065,멜론이벤트,멜론라운지 <롱레그스> 영화예매권 이벤트,2024-10-24 00:00,2024-10-29 23:59,남,60대이상,158,107,36,33.64,2,5.56
36479,100065,멜론이벤트,멜론라운지 <롱레그스> 영화예매권 이벤트,2024-10-24 00:00,2024-10-29 23:59,여,10대이하,1126,713,221,31.0,3,1.36
36479,100065,멜론이벤트,멜론라운지 <롱레그스> 영화예매권 이벤트,2024-10-24 00:00,2024-10-29 23:59,여,20대,4293,2576,1017,39.48,11,1.08
36479,100065,멜론이벤트,멜론라운지 <롱레그스> 영화예매권 이벤트,2024-10-24 00:00,2024-10-29 23:59,여,30대,2754,1640,689,42.01,5,0.73
36479,100065,멜론이벤트,멜론라운지 <롱레그스> 영화예매권 이벤트,2024-10-24 00:00,2024-10-29 23:59,여,40대,2256,1368,545,39.84,1,0.18
36479,100065,멜론이벤트,멜론라운지 <롱레그스> 영화예매권 이벤트,2024-10-24 00:00,2024-10-29 23:59,여,50대,1365,849,330,38.87,0,0.0
36479,100065,멜론이벤트,멜론라운지 <롱레그스> 영화예매권 이벤트,2024-10-24 00:00,2024-10-29 23:59,여,60대이상,229,151,46,30.46,0,0.0
36480,100065,멜론이벤트,[스포트라이트] aespa [Whiplash] 발매 이벤트,2024-10-21 18:00,2024-11-03 23:59,남,10대이하,3876,1968,455,23.12,18,3.96
36480,100065,멜론이벤트,[스포트라이트] aespa [Whiplash] 발매 이벤트,2024-10-21 18:00,2024-11-03 23:59,남,20대,5901,3889,562,14.45,19,3.38
36480,100065,멜론이벤트,[스포트라이트] aespa [Whiplash] 발매 이벤트,2024-10-21 18:00,2024-11-03 23:59,남,30대,5387,3817,366,9.59,2,0.55
36480,100065,멜론이벤트,[스포트라이트] aespa [Whiplash] 발매 이벤트,2024-10-21 18:00,2024-11-03 23:59,남,40대,5280,3463,313,9.04,3,0.96
36480,100065,멜론이벤트,[스포트라이트] aespa [Whiplash] 발매 이벤트,2024-10-21 18:00,2024-11-03 23:59,남,50대,2654,1788,160,8.95,0,0.0
36480,100065,멜론이벤트,[스포트라이트] aespa [Whiplash] 발매 이벤트,2024-10-21 18:00,2024-11-03 23:59,남,60대이상,398,303,19,6.27,0,0.0
36480,100065,멜론이벤트,[스포트라이트] aespa [Whiplash] 발매 이벤트,2024-10-21 18:00,2024-11-03 23:59,여,10대이하,7089,3814,669,17.54,28,4.19
36480,100065,멜론이벤트,[스포트라이트] aespa [Whiplash] 발매 이벤트,2024-10-21 18:00,2024-11-03 23:59,여,20대,12552,8639,865,10.01,26,3.01
36480,100065,멜론이벤트,[스포트라이트] aespa [Whiplash] 발매 이벤트,2024-10-21 18:00,2024-11-03 23:59,여,30대,7692,5733,333,5.81,3,0.9
36480,100065,멜론이벤트,[스포트라이트] aespa [Whiplash] 발매 이벤트,2024-10-21 18:00,2024-11-03 23:59,여,40대,8489,5721,416,7.27,3,0.72
36480,100065,멜론이벤트,[스포트라이트] aespa [Whiplash] 발매 이벤트,2024-10-21 18:00,2024-11-03 23:59,여,50대,3365,2331,144,6.18,1,0.69
36480,100065,멜론이벤트,[스포트라이트] aespa [Whiplash] 발매 이벤트,2024-10-21 18:00,2024-11-03 23:59,여,60대이상,650,475,26,5.47,0,0.0
36527,100065,멜론이벤트,[멜론라운지] 오늘의 퀴즈 이벤트,2024-11-26 00:00,2024-12-16 23:59,남,10대이하,1751,661,517,78.21,37,7.16
36527,100065,멜론이벤트,[멜론라운지] 오늘의 퀴즈 이벤트,2024-11-26 00:00,2024-12-16 23:59,남,20대,2038,966,755,78.16,58,7.68
36527,100065,멜론이벤트,[멜론라운지] 오늘의 퀴즈 이벤트,2024-11-26 00:00,2024-12-16 23:59,남,30대,2167,924,691,74.78,44,6.37
36527,100065,멜론이벤트,[멜론라운지] 오늘의 퀴즈 이벤트,2024-11-26 00:00,2024-12-16 23:59,남,40대,2665,944,692,73.31,58,8.38
36527,100065,멜론이벤트,[멜론라운지] 오늘의 퀴즈 이벤트,2024-11-26 00:00,2024-12-16 23:59,남,50대,981,455,338,74.29,11,3.25
36527,100065,멜론이벤트,[멜론라운지] 오늘의 퀴즈 이벤트,2024-11-26 00:00,2024-12-16 23:59,남,60대이상,264,117,74,63.25,5,6.76
36527,100065,멜론이벤트,[멜론라운지] 오늘의 퀴즈 이벤트,2024-11-26 00:00,2024-12-16 23:59,여,10대이하,3258,1238,1056,85.3,61,5.78
36527,100065,멜론이벤트,[멜론라운지] 오늘의 퀴즈 이벤트,2024-11-26 00:00,2024-12-16 23:59,여,20대,6564,2413,2015,83.51,122,6.05
36527,100065,멜론이벤트,[멜론라운지] 오늘의 퀴즈 이벤트,2024-11-26 00:00,2024-12-16 23:59,여,30대,4641,1865,1492,80.0,95,6.37
36527,100065,멜론이벤트,[멜론라운지] 오늘의 퀴즈 이벤트,2024-11-26 00:00,2024-12-16 23:59,여,40대,5872,2141,1686,78.75,110,6.52
36527,100065,멜론이벤트,[멜론라운지] 오늘의 퀴즈 이벤트,2024-11-26 00:00,2024-12-16 23:59,여,50대,4380,1205,1037,86.06,39,3.76
36527,100065,멜론이벤트,[멜론라운지] 오늘의 퀴즈 이벤트,2024-11-26 00:00,2024-12-16 23:59,여,60대이상,2998,573,536,93.54,9,1.68
36573,100065,멜론이벤트,[멜론라운지] 24년12월 VIP 이달의선물,2024-12-01 04:00,2024-12-25 23:59,남,10대이하,2650,2183,714,32.71,1,0.14
36573,100065,멜론이벤트,[멜론라운지] 24년12월 VIP 이달의선물,2024-12-01 04:00,2024-12-25 23:59,남,20대,34629,29399,13106,44.58,49,0.37
36573,100065,멜론이벤트,[멜론라운지] 24년12월 VIP 이달의선물,2024-12-01 04:00,2024-12-25 23:59,남,30대,50814,42751,18936,44.29,35,0.18
36573,100065,멜론이벤트,[멜론라운지] 24년12월 VIP 이달의선물,2024-12-01 04:00,2024-12-25 23:59,남,40대,29850,24542,9030,36.79,12,0.13
36573,100065,멜론이벤트,[멜론라운지] 24년12월 VIP 이달의선물,2024-12-01 04:00,2024-12-25 23:59,남,50대,14935,12354,4685,37.92,9,0.19
36573,100065,멜론이벤트,[멜론라운지] 24년12월 VIP 이달의선물,2024-12-01 04:00,2024-12-25 23:59,남,60대이상,4504,3665,1203,32.82,3,0.25
36573,100065,멜론이벤트,[멜론라운지] 24년12월 VIP 이달의선물,2024-12-01 04:00,2024-12-25 23:59,여,10대이하,7686,6262,2966,47.37,18,0.61
36573,100065,멜론이벤트,[멜론라운지] 24년12월 VIP 이달의선물,2024-12-01 04:00,2024-12-25 23:59,여,20대,60999,51550,31097,60.32,127,0.41
36573,100065,멜론이벤트,[멜론라운지] 24년12월 VIP 이달의선물,2024-12-01 04:00,2024-12-25 23:59,여,30대,75642,63199,36381,57.57,66,0.18
36573,100065,멜론이벤트,[멜론라운지] 24년12월 VIP 이달의선물,2024-12-01 04:00,2024-12-25 23:59,여,40대,53025,43105,18934,43.93,41,0.22
36573,100065,멜론이벤트,[멜론라운지] 24년12월 VIP 이달의선물,2024-12-01 04:00,2024-12-25 23:59,여,50대,26129,21349,8611,40.33,15,0.17
36573,100065,멜론이벤트,[멜론라운지] 24년12월 VIP 이달의선물,2024-12-01 04:00,2024-12-25 23:59,여,60대이상,7383,5817,1646,28.3,2,0.12
36595,100065,멜론이벤트,멜론X하나투어 여행만렙 이벤트,2024-12-09 10:00,2024-12-29 23:59,남,10대이하,6847,5140,115,2.24,0,0.0
36595,100065,멜론이벤트,멜론X하나투어 여행만렙 이벤트,2024-12-09 10:00,2024-12-29 23:59,남,20대,28405,21417,435,2.03,4,0.92
36595,100065,멜론이벤트,멜론X하나투어 여행만렙 이벤트,2024-12-09 10:00,2024-12-29 23:59,남,30대,33072,24747,478,1.93,0,0.0
36595,100065,멜론이벤트,멜론X하나투어 여행만렙 이벤트,2024-12-09 10:00,2024-12-29 23:59,남,40대,14239,10209,299,2.93,0,0.0
36595,100065,멜론이벤트,멜론X하나투어 여행만렙 이벤트,2024-12-09 10:00,2024-12-29 23:59,남,50대,7138,5302,115,2.17,1,0.87
36595,100065,멜론이벤트,멜론X하나투어 여행만렙 이벤트,2024-12-09 10:00,2024-12-29 23:59,남,60대이상,1974,1453,31,2.13,0,0.0
36595,100065,멜론이벤트,멜론X하나투어 여행만렙 이벤트,2024-12-09 10:00,2024-12-29 23:59,여,10대이하,10740,8457,213,2.52,1,0.47
36595,100065,멜론이벤트,멜론X하나투어 여행만렙 이벤트,2024-12-09 10:00,2024-12-29 23:59,여,20대,40000,30930,978,3.16,5,0.51
36595,100065,멜론이벤트,멜론X하나투어 여행만렙 이벤트,2024-12-09 10:00,2024-12-29 23:59,여,30대,41362,31151,809,2.6,4,0.49
36595,100065,멜론이벤트,멜론X하나투어 여행만렙 이벤트,2024-12-09 10:00,2024-12-29 23:59,여,40대,26768,19322,550,2.85,4,0.73
36595,100065,멜론이벤트,멜론X하나투어 여행만렙 이벤트,2024-12-09 10:00,2024-12-29 23:59,여,50대,11972,8741,227,2.6,0,0.0
36595,100065,멜론이벤트,멜론X하나투어 여행만렙 이벤트,2024-12-09 10:00,2024-12-29 23:59,여,60대이상,4974,3339,57,1.71,0,0.0
36605,100065,멜론이벤트,❄️윈터 멜론❄️,2024-12-10 17:00,2025-01-26 23:59,남,10대이하,5829,3362,575,17.1,16,2.78
36605,100065,멜론이벤트,❄️윈터 멜론❄️,2024-12-10 17:00,2025-01-26 23:59,남,20대,8254,6024,569,9.45,14,2.46
36605,100065,멜론이벤트,❄️윈터 멜론❄️,2024-12-10 17:00,2025-01-26 23:59,남,30대,7443,5226,485,9.28,7,1.44
36605,100065,멜론이벤트,❄️윈터 멜론❄️,2024-12-10 17:00,2025-01-26 23:59,남,40대,9547,6272,747,11.91,7,0.94
36605,100065,멜론이벤트,❄️윈터 멜론❄️,2024-12-10 17:00,2025-01-26 23:59,남,50대,4110,2842,289,10.17,0,0.0
36605,100065,멜론이벤트,❄️윈터 멜론❄️,2024-12-10 17:00,2025-01-26 23:59,남,60대이상,652,479,38,7.93,0,0.0
36605,100065,멜론이벤트,❄️윈터 멜론❄️,2024-12-10 17:00,2025-01-26 23:59,여,10대이하,14012,8044,1462,18.18,33,2.26
36605,100065,멜론이벤트,❄️윈터 멜론❄️,2024-12-10 17:00,2025-01-26 23:59,여,20대,20732,13710,1718,12.53,27,1.57
36605,100065,멜론이벤트,❄️윈터 멜론❄️,2024-12-10 17:00,2025-01-26 23:59,여,30대,14598,9991,1062,10.63,18,1.69
36605,100065,멜론이벤트,❄️윈터 멜론❄️,2024-12-10 17:00,2025-01-26 23:59,여,40대,19981,12691,1504,11.85,19,1.26
36605,100065,멜론이벤트,❄️윈터 멜론❄️,2024-12-10 17:00,2025-01-26 23:59,여,50대,6199,4059,452,11.14,5,1.11
36605,100065,멜론이벤트,❄️윈터 멜론❄️,2024-12-10 17:00,2025-01-26 23:59,여,60대이상,1346,915,76,8.31,0,0.0
36651,100065,멜론이벤트,멜론라운지 <검은수녀들> VIP 영화 혜택,2025-01-10 16:00,2025-01-22 23:59,남,10대이하,1626,968,266,27.48,4,1.5
36651,100065,멜론이벤트,멜론라운지 <검은수녀들> VIP 영화 혜택,2025-01-10 16:00,2025-01-22 23:59,남,20대,18073,11228,3773,33.6,33,0.87
36651,100065,멜론이벤트,멜론라운지 <검은수녀들> VIP 영화 혜택,2025-01-10 16:00,2025-01-22 23:59,남,30대,29128,18369,5462,29.73,20,0.37
36651,100065,멜론이벤트,멜론라운지 <검은수녀들> VIP 영화 혜택,2025-01-10 16:00,2025-01-22 23:59,남,40대,18823,12425,2865,23.06,7,0.24
36651,100065,멜론이벤트,멜론라운지 <검은수녀들> VIP 영화 혜택,2025-01-10 16:00,2025-01-22 23:59,남,50대,10152,6763,1623,24.0,7,0.43
36651,100065,멜론이벤트,멜론라운지 <검은수녀들> VIP 영화 혜택,2025-01-10 16:00,2025-01-22 23:59,남,60대이상,3263,2238,411,18.36,0,0.0
36651,100065,멜론이벤트,멜론라운지 <검은수녀들> VIP 영화 혜택,2025-01-10 16:00,2025-01-22 23:59,여,10대이하,5777,3097,1138,36.75,13,1.14
36651,100065,멜론이벤트,멜론라운지 <검은수녀들> VIP 영화 혜택,2025-01-10 16:00,2025-01-22 23:59,여,20대,42654,23740,9846,41.47,72,0.73
36651,100065,멜론이벤트,멜론라운지 <검은수녀들> VIP 영화 혜택,2025-01-10 16:00,2025-01-22 23:59,여,30대,50646,29361,11393,38.8,39,0.34
36651,100065,멜론이벤트,멜론라운지 <검은수녀들> VIP 영화 혜택,2025-01-10 16:00,2025-01-22 23:59,여,40대,35279,22320,6174,27.66,18,0.29
36651,100065,멜론이벤트,멜론라운지 <검은수녀들> VIP 영화 혜택,2025-01-10 16:00,2025-01-22 23:59,여,50대,17529,11151,2995,26.86,8,0.27
36651,100065,멜론이벤트,멜론라운지 <검은수녀들> VIP 영화 혜택,2025-01-10 16:00,2025-01-22 23:59,여,60대이상,5074,3354,659,19.65,3,0.46
36654,100065,멜론이벤트,[스포트라이트] IVE - REBEL HEART 발매 기념 팬밋업 초대 이벤트,2025-01-13 18:00,2025-01-22 23:59,남,10대이하,5669,2073,352,16.98,22,6.25
36654,100065,멜론이벤트,[스포트라이트] IVE - REBEL HEART 발매 기념 팬밋업 초대 이벤트,2025-01-13 18:00,2025-01-22 23:59,남,20대,8548,4142,485,11.71,22,4.54
36654,100065,멜론이벤트,[스포트라이트] IVE - REBEL HEART 발매 기념 팬밋업 초대 이벤트,2025-01-13 18:00,2025-01-22 23:59,남,30대,6300,3611,335,9.28,13,3.88
36654,100065,멜론이벤트,[스포트라이트] IVE - REBEL HEART 발매 기념 팬밋업 초대 이벤트,2025-01-13 18:00,2025-01-22 23:59,남,40대,10883,5261,554,10.53,8,1.44
36654,100065,멜론이벤트,[스포트라이트] IVE - REBEL HEART 발매 기념 팬밋업 초대 이벤트,2025-01-13 18:00,2025-01-22 23:59,남,50대,3342,1822,141,7.74,5,3.55
36654,100065,멜론이벤트,[스포트라이트] IVE - REBEL HEART 발매 기념 팬밋업 초대 이벤트,2025-01-13 18:00,2025-01-22 23:59,남,60대이상,455,309,13,4.21,0,0.0
36654,100065,멜론이벤트,[스포트라이트] IVE - REBEL HEART 발매 기념 팬밋업 초대 이벤트,2025-01-13 18:00,2025-01-22 23:59,여,10대이하,8298,3540,374,10.56,40,10.7
36654,100065,멜론이벤트,[스포트라이트] IVE - REBEL HEART 발매 기념 팬밋업 초대 이벤트,2025-01-13 18:00,2025-01-22 23:59,여,20대,10972,6532,478,7.32,28,5.86
36654,100065,멜론이벤트,[스포트라이트] IVE - REBEL HEART 발매 기념 팬밋업 초대 이벤트,2025-01-13 18:00,2025-01-22 23:59,여,30대,9139,5717,411,7.19,15,3.65
36654,100065,멜론이벤트,[스포트라이트] IVE - REBEL HEART 발매 기념 팬밋업 초대 이벤트,2025-01-13 18:00,2025-01-22 23:59,여,40대,19094,9225,903,9.79,20,2.21
36654,100065,멜론이벤트,[스포트라이트] IVE - REBEL HEART 발매 기념 팬밋업 초대 이벤트,2025-01-13 18:00,2025-01-22 23:59,여,50대,3316,2033,114,5.61,0,0.0
36654,100065,멜론이벤트,[스포트라이트] IVE - REBEL HEART 발매 기념 팬밋업 초대 이벤트,2025-01-13 18:00,2025-01-22 23:59,여,60대이상,728,452,27,5.97,2,7.41
36678,100065,멜론이벤트,음악이 만든 나의 집 이벤트,2025-02-07 12:00,2025-02-28 23:59,남,10대이하,10430,7670,311,4.05,3,0.96
36678,100065,멜론이벤트,음악이 만든 나의 집 이벤트,2025-02-07 12:00,2025-02-28 23:59,남,20대,33076,26029,612,2.35,6,0.98
36678,100065,멜론이벤트,음악이 만든 나의 집 이벤트,2025-02-07 12:00,2025-02-28 23:59,남,30대,45652,35106,586,1.67,6,1.02
36678,100065,멜론이벤트,음악이 만든 나의 집 이벤트,2025-02-07 12:00,2025-02-28 23:59,남,40대,27015,20232,567,2.8,4,0.71
36678,100065,멜론이벤트,음악이 만든 나의 집 이벤트,2025-02-07 12:00,2025-02-28 23:59,남,50대,13907,10625,255,2.4,2,0.78
36678,100065,멜론이벤트,음악이 만든 나의 집 이벤트,2025-02-07 12:00,2025-02-28 23:59,남,60대이상,4757,3545,50,1.41,3,6.0
36678,100065,멜론이벤트,음악이 만든 나의 집 이벤트,2025-02-07 12:00,2025-02-28 23:59,여,10대이하,19963,14538,1028,7.07,16,1.56
36678,100065,멜론이벤트,음악이 만든 나의 집 이벤트,2025-02-07 12:00,2025-02-28 23:59,여,20대,51648,39925,1928,4.83,17,0.88
36678,100065,멜론이벤트,음악이 만든 나의 집 이벤트,2025-02-07 12:00,2025-02-28 23:59,여,30대,55412,42513,1328,3.12,14,1.05
36678,100065,멜론이벤트,음악이 만든 나의 집 이벤트,2025-02-07 12:00,2025-02-28 23:59,여,40대,46073,34644,1045,3.02,6,0.57
36678,100065,멜론이벤트,음악이 만든 나의 집 이벤트,2025-02-07 12:00,2025-02-28 23:59,여,50대,23345,17465,342,1.96,2,0.58
36678,100065,멜론이벤트,음악이 만든 나의 집 이벤트,2025-02-07 12:00,2025-02-28 23:59,여,60대이상,10584,7081,89,1.26,2,2.25
36695,100065,멜론이벤트,[멜론라운지] 화이트데이 이벤트,2025-02-28 10:00,2025-03-14 23:59,남,10대이하,10496,7113,3401,47.81,93,2.73
36695,100065,멜론이벤트,[멜론라운지] 화이트데이 이벤트,2025-02-28 10:00,2025-03-14 23:59,남,20대,22640,17332,5127,29.58,80,1.56
36695,100065,멜론이벤트,[멜론라운지] 화이트데이 이벤트,2025-02-28 10:00,2025-03-14 23:59,남,30대,24170,17953,5229,29.13,90,1.72
36695,100065,멜론이벤트,[멜론라운지] 화이트데이 이벤트,2025-02-28 10:00,2025-03-14 23:59,남,40대,19275,13520,4567,33.78,100,2.19
36695,100065,멜론이벤트,[멜론라운지] 화이트데이 이벤트,2025-02-28 10:00,2025-03-14 23:59,남,50대,9823,7262,2016,27.76,33,1.64
36695,100065,멜론이벤트,[멜론라운지] 화이트데이 이벤트,2025-02-28 10:00,2025-03-14 23:59,남,60대이상,3172,2212,548,24.77,8,1.46
36695,100065,멜론이벤트,[멜론라운지] 화이트데이 이벤트,2025-02-28 10:00,2025-03-14 23:59,여,10대이하,20629,13439,6651,49.49,125,1.88
36695,100065,멜론이벤트,[멜론라운지] 화이트데이 이벤트,2025-02-28 10:00,2025-03-14 23:59,여,20대,51973,35726,12607,35.29,198,1.57
36695,100065,멜론이벤트,[멜론라운지] 화이트데이 이벤트,2025-02-28 10:00,2025-03-14 23:59,여,30대,47051,32392,10829,33.43,182,1.68
36695,100065,멜론이벤트,[멜론라운지] 화이트데이 이벤트,2025-02-28 10:00,2025-03-14 23:59,여,40대,41362,27566,10088,36.6,198,1.96
36695,100065,멜론이벤트,[멜론라운지] 화이트데이 이벤트,2025-02-28 10:00,2025-03-14 23:59,여,50대,21427,13292,4565,34.34,69,1.51
36695,100065,멜론이벤트,[멜론라운지] 화이트데이 이벤트,2025-02-28 10:00,2025-03-14 23:59,여,60대이상,11849,5814,2290,39.39,18,0.79
36714,100065,멜론이벤트,[스포트라이트] ZEROBASEONE [BLUE PARADISE] 발매 이벤트,2025-02-24 18:00,2025-03-03 23:59,남,10대이하,689,472,28,5.93,3,10.71
36714,100065,멜론이벤트,[스포트라이트] ZEROBASEONE [BLUE PARADISE] 발매 이벤트,2025-02-24 18:00,2025-03-03 23:59,남,20대,1569,1341,22,1.64,1,4.55
36714,100065,멜론이벤트,[스포트라이트] ZEROBASEONE [BLUE PARADISE] 발매 이벤트,2025-02-24 18:00,2025-03-03 23:59,남,30대,1845,1534,20,1.3,2,10.0
36714,100065,멜론이벤트,[스포트라이트] ZEROBASEONE [BLUE PARADISE] 발매 이벤트,2025-02-24 18:00,2025-03-03 23:59,남,40대,3422,2025,171,8.44,1,0.58
36714,100065,멜론이벤트,[스포트라이트] ZEROBASEONE [BLUE PARADISE] 발매 이벤트,2025-02-24 18:00,2025-03-03 23:59,남,50대,1717,1022,95,9.3,1,1.05
36714,100065,멜론이벤트,[스포트라이트] ZEROBASEONE [BLUE PARADISE] 발매 이벤트,2025-02-24 18:00,2025-03-03 23:59,남,60대이상,367,245,10,4.08,0,0.0
36714,100065,멜론이벤트,[스포트라이트] ZEROBASEONE [BLUE PARADISE] 발매 이벤트,2025-02-24 18:00,2025-03-03 23:59,여,10대이하,21353,9457,1587,16.78,110,6.93
36714,100065,멜론이벤트,[스포트라이트] ZEROBASEONE [BLUE PARADISE] 발매 이벤트,2025-02-24 18:00,2025-03-03 23:59,여,20대,15340,6549,1019,15.56,58,5.69
36714,100065,멜론이벤트,[스포트라이트] ZEROBASEONE [BLUE PARADISE] 발매 이벤트,2025-02-24 18:00,2025-03-03 23:59,여,30대,6629,3586,336,9.37,12,3.57
36714,100065,멜론이벤트,[스포트라이트] ZEROBASEONE [BLUE PARADISE] 발매 이벤트,2025-02-24 18:00,2025-03-03 23:59,여,40대,8939,4738,532,11.23,15,2.82
36714,100065,멜론이벤트,[스포트라이트] ZEROBASEONE [BLUE PARADISE] 발매 이벤트,2025-02-24 18:00,2025-03-03 23:59,여,50대,2433,1529,98,6.41,1,1.02
36714,100065,멜론이벤트,[스포트라이트] ZEROBASEONE [BLUE PARADISE] 발매 이벤트,2025-02-24 18:00,2025-03-03 23:59,여,60대이상,580,405,17,4.2,1,5.88
36723,100065,멜론이벤트,평생 PLAVE 마이획득뱃지 이벤트,2025-02-28 12:00,2025-03-21 23:59,남,10대이하,967,603,78,12.94,1,1.28
36723,100065,멜론이벤트,평생 PLAVE 마이획득뱃지 이벤트,2025-02-28 12:00,2025-03-21 23:59,남,20대,1910,1168,161,13.78,1,0.62
36723,100065,멜론이벤트,평생 PLAVE 마이획득뱃지 이벤트,2025-02-28 12:00,2025-03-21 23:59,남,30대,2815,1426,248,17.39,5,2.02
36723,100065,멜론이벤트,평생 PLAVE 마이획득뱃지 이벤트,2025-02-28 12:00,2025-03-21 23:59,남,40대,3125,1627,307,18.87,3,0.98
36723,100065,멜론이벤트,평생 PLAVE 마이획득뱃지 이벤트,2025-02-28 12:00,2025-03-21 23:59,남,50대,1676,810,188,23.21,2,1.06
36723,100065,멜론이벤트,평생 PLAVE 마이획득뱃지 이벤트,2025-02-28 12:00,2025-03-21 23:59,남,60대이상,816,310,119,38.39,4,3.36
36723,100065,멜론이벤트,평생 PLAVE 마이획득뱃지 이벤트,2025-02-28 12:00,2025-03-21 23:59,여,10대이하,10738,2871,1340,46.67,40,2.99
36723,100065,멜론이벤트,평생 PLAVE 마이획득뱃지 이벤트,2025-02-28 12:00,2025-03-21 23:59,여,20대,50326,9507,6582,69.23,118,1.79
36723,100065,멜론이벤트,평생 PLAVE 마이획득뱃지 이벤트,2025-02-28 12:00,2025-03-21 23:59,여,30대,50259,8396,5732,68.27,112,1.95
36723,100065,멜론이벤트,평생 PLAVE 마이획득뱃지 이벤트,2025-02-28 12:00,2025-03-21 23:59,여,40대,16808,4480,1633,36.45,33,2.02
36723,100065,멜론이벤트,평생 PLAVE 마이획득뱃지 이벤트,2025-02-28 12:00,2025-03-21 23:59,여,50대,3858,1418,385,27.15,5,1.3
36723,100065,멜론이벤트,평생 PLAVE 마이획득뱃지 이벤트,2025-02-28 12:00,2025-03-21 23:59,여,60대이상,1498,534,174,32.58,1,0.57
36749,100065,멜론이벤트,[스포트라이트] 제니 [Ruby] 발매 이벤트,2025-03-07 00:00,2025-03-20 23:59,남,10대이하,1132,748,76,10.16,1,1.32
36749,100065,멜론이벤트,[스포트라이트] 제니 [Ruby] 발매 이벤트,2025-03-07 00:00,2025-03-20 23:59,남,20대,3488,2463,192,7.8,3,1.56
36749,100065,멜론이벤트,[스포트라이트] 제니 [Ruby] 발매 이벤트,2025-03-07 00:00,2025-03-20 23:59,남,30대,3464,2474,180,7.28,0,0.0
36749,100065,멜론이벤트,[스포트라이트] 제니 [Ruby] 발매 이벤트,2025-03-07 00:00,2025-03-20 23:59,남,40대,3134,2369,139,5.87,1,0.72
36749,100065,멜론이벤트,[스포트라이트] 제니 [Ruby] 발매 이벤트,2025-03-07 00:00,2025-03-20 23:59,남,50대,1865,1408,87,6.18,0,0.0
36749,100065,멜론이벤트,[스포트라이트] 제니 [Ruby] 발매 이벤트,2025-03-07 00:00,2025-03-20 23:59,남,60대이상,471,348,13,3.74,0,0.0
36749,100065,멜론이벤트,[스포트라이트] 제니 [Ruby] 발매 이벤트,2025-03-07 00:00,2025-03-20 23:59,여,10대이하,2522,1610,223,13.85,10,4.48
36749,100065,멜론이벤트,[스포트라이트] 제니 [Ruby] 발매 이벤트,2025-03-07 00:00,2025-03-20 23:59,여,20대,9641,6615,679,10.26,22,3.24
36749,100065,멜론이벤트,[스포트라이트] 제니 [Ruby] 발매 이벤트,2025-03-07 00:00,2025-03-20 23:59,여,30대,6478,4882,321,6.58,5,1.56
36749,100065,멜론이벤트,[스포트라이트] 제니 [Ruby] 발매 이벤트,2025-03-07 00:00,2025-03-20 23:59,여,40대,6232,4509,239,5.3,1,0.42
36749,100065,멜론이벤트,[스포트라이트] 제니 [Ruby] 발매 이벤트,2025-03-07 00:00,2025-03-20 23:59,여,50대,2926,2116,140,6.62,2,1.43
36749,100065,멜론이벤트,[스포트라이트] 제니 [Ruby] 발매 이벤트,2025-03-07 00:00,2025-03-20 23:59,여,60대이상,682,478,22,4.6,0,0.0
36760,100065,멜론이벤트,멜론라운지 <승부> VIP 영화 혜택,2025-03-12 10:00,2025-03-23 23:59,남,10대이하,1270,774,260,33.59,1,0.38
36760,100065,멜론이벤트,멜론라운지 <승부> VIP 영화 혜택,2025-03-12 10:00,2025-03-23 23:59,남,20대,10446,6414,2450,38.2,25,1.02
36760,100065,멜론이벤트,멜론라운지 <승부> VIP 영화 혜택,2025-03-12 10:00,2025-03-23 23:59,남,30대,13626,8551,3006,35.15,12,0.4
36760,100065,멜론이벤트,멜론라운지 <승부> VIP 영화 혜택,2025-03-12 10:00,2025-03-23 23:59,남,40대,8379,5535,1629,29.43,7,0.43
36760,100065,멜론이벤트,멜론라운지 <승부> VIP 영화 혜택,2025-03-12 10:00,2025-03-23 23:59,남,50대,4551,3107,859,27.65,6,0.7
36760,100065,멜론이벤트,멜론라운지 <승부> VIP 영화 혜택,2025-03-12 10:00,2025-03-23 23:59,남,60대이상,1249,870,206,23.68,0,0.0
36760,100065,멜론이벤트,멜론라운지 <승부> VIP 영화 혜택,2025-03-12 10:00,2025-03-23 23:59,여,10대이하,3013,1801,616,34.2,6,0.97
36760,100065,멜론이벤트,멜론라운지 <승부> VIP 영화 혜택,2025-03-12 10:00,2025-03-23 23:59,여,20대,19394,12504,4013,32.09,31,0.77
36760,100065,멜론이벤트,멜론라운지 <승부> VIP 영화 혜택,2025-03-12 10:00,2025-03-23 23:59,여,30대,21245,13533,4608,34.05,22,0.48
36760,100065,멜론이벤트,멜론라운지 <승부> VIP 영화 혜택,2025-03-12 10:00,2025-03-23 23:59,여,40대,15653,10250,3021,29.47,12,0.4
36760,100065,멜론이벤트,멜론라운지 <승부> VIP 영화 혜택,2025-03-12 10:00,2025-03-23 23:59,여,50대,7514,4926,1406,28.54,8,0.57
36760,100065,멜론이벤트,멜론라운지 <승부> VIP 영화 혜택,2025-03-12 10:00,2025-03-23 23:59,여,60대이상,1976,1353,297,21.95,3,1.01
36820,100065,멜론이벤트,[스포트라이트] 마크 [The Firstfruit] 발매 이벤트,2025-04-07 18:00,2025-04-20 23:59,남,10대이하,649,496,11,2.22,0,0.0
36820,100065,멜론이벤트,[스포트라이트] 마크 [The Firstfruit] 발매 이벤트,2025-04-07 18:00,2025-04-20 23:59,남,20대,1650,1421,36,2.53,2,5.56
36820,100065,멜론이벤트,[스포트라이트] 마크 [The Firstfruit] 발매 이벤트,2025-04-07 18:00,2025-04-20 23:59,남,30대,1713,1404,25,1.78,0,0.0
36820,100065,멜론이벤트,[스포트라이트] 마크 [The Firstfruit] 발매 이벤트,2025-04-07 18:00,2025-04-20 23:59,남,40대,2296,1711,85,4.97,1,1.18
36820,100065,멜론이벤트,[스포트라이트] 마크 [The Firstfruit] 발매 이벤트,2025-04-07 18:00,2025-04-20 23:59,남,50대,1883,1343,107,7.97,2,1.87
36820,100065,멜론이벤트,[스포트라이트] 마크 [The Firstfruit] 발매 이벤트,2025-04-07 18:00,2025-04-20 23:59,남,60대이상,385,261,14,5.36,0,0.0
36820,100065,멜론이벤트,[스포트라이트] 마크 [The Firstfruit] 발매 이벤트,2025-04-07 18:00,2025-04-20 23:59,여,10대이하,8802,4892,921,18.83,26,2.82
36820,100065,멜론이벤트,[스포트라이트] 마크 [The Firstfruit] 발매 이벤트,2025-04-07 18:00,2025-04-20 23:59,여,20대,14250,8163,1359,16.65,59,4.34
36820,100065,멜론이벤트,[스포트라이트] 마크 [The Firstfruit] 발매 이벤트,2025-04-07 18:00,2025-04-20 23:59,여,30대,6772,4200,495,11.79,14,2.83
36820,100065,멜론이벤트,[스포트라이트] 마크 [The Firstfruit] 발매 이벤트,2025-04-07 18:00,2025-04-20 23:59,여,40대,6315,4412,307,6.96,1,0.33
36820,100065,멜론이벤트,[스포트라이트] 마크 [The Firstfruit] 발매 이벤트,2025-04-07 18:00,2025-04-20 23:59,여,50대,2864,1980,135,6.82,1,0.74
36820,100065,멜론이벤트,[스포트라이트] 마크 [The Firstfruit] 발매 이벤트,2025-04-07 18:00,2025-04-20 23:59,여,60대이상,549,407,17,4.18,0,0.0
36849,100065,멜론이벤트,멜론라운지 <파과> VIP 영화 혜택,2025-04-16 00:00,2025-04-28 23:59,남,10대이하,1302,800,245,30.63,1,0.41
36849,100065,멜론이벤트,멜론라운지 <파과> VIP 영화 혜택,2025-04-16 00:00,2025-04-28 23:59,남,20대,10615,7059,2118,30.0,11,0.52
36849,100065,멜론이벤트,멜론라운지 <파과> VIP 영화 혜택,2025-04-16 00:00,2025-04-28 23:59,남,30대,14346,9524,2796,29.36,5,0.18
36849,100065,멜론이벤트,멜론라운지 <파과> VIP 영화 혜택,2025-04-16 00:00,2025-04-28 23:59,남,40대,9154,6124,1580,25.8,5,0.32
36849,100065,멜론이벤트,멜론라운지 <파과> VIP 영화 혜택,2025-04-16 00:00,2025-04-28 23:59,남,50대,5392,3665,914,24.94,5,0.55
36849,100065,멜론이벤트,멜론라운지 <파과> VIP 영화 혜택,2025-04-16 00:00,2025-04-28 23:59,남,60대이상,1324,934,197,21.09,0,0.0
36849,100065,멜론이벤트,멜론라운지 <파과> VIP 영화 혜택,2025-04-16 00:00,2025-04-28 23:59,여,10대이하,3889,2287,771,33.71,4,0.52
36849,100065,멜론이벤트,멜론라운지 <파과> VIP 영화 혜택,2025-04-16 00:00,2025-04-28 23:59,여,20대,26086,15869,5491,34.6,39,0.71
36849,100065,멜론이벤트,멜론라운지 <파과> VIP 영화 혜택,2025-04-16 00:00,2025-04-28 23:59,여,30대,27588,17213,6072,35.28,25,0.41
36849,100065,멜론이벤트,멜론라운지 <파과> VIP 영화 혜택,2025-04-16 00:00,2025-04-28 23:59,여,40대,18027,11920,3373,28.3,9,0.27
36849,100065,멜론이벤트,멜론라운지 <파과> VIP 영화 혜택,2025-04-16 00:00,2025-04-28 23:59,여,50대,8653,5757,1500,26.06,7,0.47
36849,100065,멜론이벤트,멜론라운지 <파과> VIP 영화 혜택,2025-04-16 00:00,2025-04-28 23:59,여,60대이상,2361,1618,353,21.82,1,0.28
36892,100065,멜론이벤트,멜론라운지 <DMZ 피스트레일 뮤직 페스티벌> VIP 초대이벤트,2025-05-07 09:30,2025-05-20 23:59,남,10대이하,1472,914,305,33.37,1,0.33
36892,100065,멜론이벤트,멜론라운지 <DMZ 피스트레일 뮤직 페스티벌> VIP 초대이벤트,2025-05-07 09:30,2025-05-20 23:59,남,20대,14940,9575,3088,32.25,10,0.32
36892,100065,멜론이벤트,멜론라운지 <DMZ 피스트레일 뮤직 페스티벌> VIP 초대이벤트,2025-05-07 09:30,2025-05-20 23:59,남,30대,19721,12686,3870,30.51,13,0.34
36892,100065,멜론이벤트,멜론라운지 <DMZ 피스트레일 뮤직 페스티벌> VIP 초대이벤트,2025-05-07 09:30,2025-05-20 23:59,남,40대,10953,7535,1709,22.68,5,0.29
36892,100065,멜론이벤트,멜론라운지 <DMZ 피스트레일 뮤직 페스티벌> VIP 초대이벤트,2025-05-07 09:30,2025-05-20 23:59,남,50대,6469,4439,986,22.21,1,0.1
36892,100065,멜론이벤트,멜론라운지 <DMZ 피스트레일 뮤직 페스티벌> VIP 초대이벤트,2025-05-07 09:30,2025-05-20 23:59,남,60대이상,1755,1248,236,18.91,0,0.0
36892,100065,멜론이벤트,멜론라운지 <DMZ 피스트레일 뮤직 페스티벌> VIP 초대이벤트,2025-05-07 09:30,2025-05-20 23:59,여,10대이하,4710,2791,928,33.25,4,0.43
36892,100065,멜론이벤트,멜론라운지 <DMZ 피스트레일 뮤직 페스티벌> VIP 초대이벤트,2025-05-07 09:30,2025-05-20 23:59,여,20대,33752,20382,7431,36.46,37,0.5
36892,100065,멜론이벤트,멜론라운지 <DMZ 피스트레일 뮤직 페스티벌> VIP 초대이벤트,2025-05-07 09:30,2025-05-20 23:59,여,30대,34029,21713,6953,32.02,22,0.32
36892,100065,멜론이벤트,멜론라운지 <DMZ 피스트레일 뮤직 페스티벌> VIP 초대이벤트,2025-05-07 09:30,2025-05-20 23:59,여,40대,21538,14405,3554,24.67,10,0.28
36892,100065,멜론이벤트,멜론라운지 <DMZ 피스트레일 뮤직 페스티벌> VIP 초대이벤트,2025-05-07 09:30,2025-05-20 23:59,여,50대,10617,7041,1724,24.49,3,0.17
36892,100065,멜론이벤트,멜론라운지 <DMZ 피스트레일 뮤직 페스티벌> VIP 초대이벤트,2025-05-07 09:30,2025-05-20 23:59,여,60대이상,2913,1998,352,17.62,1,0.28
36913,100065,멜론이벤트,[스포트라이트] 진 [Echo] 발매 이벤트,2025-05-16 13:00,2025-05-30 23:59,남,10대이하,935,691,38,5.5,2,5.26
36913,100065,멜론이벤트,[스포트라이트] 진 [Echo] 발매 이벤트,2025-05-16 13:00,2025-05-30 23:59,남,20대,2458,2043,54,2.64,3,5.56
36913,100065,멜론이벤트,[스포트라이트] 진 [Echo] 발매 이벤트,2025-05-16 13:00,2025-05-30 23:59,남,30대,2718,2107,76,3.61,2,2.63
36913,100065,멜론이벤트,[스포트라이트] 진 [Echo] 발매 이벤트,2025-05-16 13:00,2025-05-30 23:59,남,40대,4196,2715,144,5.3,2,1.39
36913,100065,멜론이벤트,[스포트라이트] 진 [Echo] 발매 이벤트,2025-05-16 13:00,2025-05-30 23:59,남,50대,2482,1716,104,6.06,4,3.85
36913,100065,멜론이벤트,[스포트라이트] 진 [Echo] 발매 이벤트,2025-05-16 13:00,2025-05-30 23:59,남,60대이상,558,366,29,7.92,0,0.0
36913,100065,멜론이벤트,[스포트라이트] 진 [Echo] 발매 이벤트,2025-05-16 13:00,2025-05-30 23:59,여,10대이하,5602,3135,616,19.65,20,3.25
36913,100065,멜론이벤트,[스포트라이트] 진 [Echo] 발매 이벤트,2025-05-16 13:00,2025-05-30 23:59,여,20대,10644,6836,992,14.51,37,3.73
36913,100065,멜론이벤트,[스포트라이트] 진 [Echo] 발매 이벤트,2025-05-16 13:00,2025-05-30 23:59,여,30대,13022,6903,1219,17.66,51,4.18
36913,100065,멜론이벤트,[스포트라이트] 진 [Echo] 발매 이벤트,2025-05-16 13:00,2025-05-30 23:59,여,40대,19063,9576,1511,15.78,81,5.36
36913,100065,멜론이벤트,[스포트라이트] 진 [Echo] 발매 이벤트,2025-05-16 13:00,2025-05-30 23:59,여,50대,8450,3955,508,12.84,24,4.72
36913,100065,멜론이벤트,[스포트라이트] 진 [Echo] 발매 이벤트,2025-05-16 13:00,2025-05-30 23:59,여,60대이상,1421,795,71,8.93,10,14.08
36915,100065,멜론이벤트,[스포트라이트] RIIZE [ODYSSEY] 발매 기념 팬밋업 초대 이벤트,2025-05-19 18:00,2025-05-25 23:59,남,10대이하,1151,832,38,4.57,3,7.89
36915,100065,멜론이벤트,[스포트라이트] RIIZE [ODYSSEY] 발매 기념 팬밋업 초대 이벤트,2025-05-19 18:00,2025-05-25 23:59,남,20대,3173,2341,117,5.0,3,2.56
36915,100065,멜론이벤트,[스포트라이트] RIIZE [ODYSSEY] 발매 기념 팬밋업 초대 이벤트,2025-05-19 18:00,2025-05-25 23:59,남,30대,3028,2301,75,3.26,2,2.67
36915,100065,멜론이벤트,[스포트라이트] RIIZE [ODYSSEY] 발매 기념 팬밋업 초대 이벤트,2025-05-19 18:00,2025-05-25 23:59,남,40대,4786,2891,222,7.68,4,1.8
36915,100065,멜론이벤트,[스포트라이트] RIIZE [ODYSSEY] 발매 기념 팬밋업 초대 이벤트,2025-05-19 18:00,2025-05-25 23:59,남,50대,3464,1932,224,11.59,3,1.34
36915,100065,멜론이벤트,[스포트라이트] RIIZE [ODYSSEY] 발매 기념 팬밋업 초대 이벤트,2025-05-19 18:00,2025-05-25 23:59,남,60대이상,638,438,28,6.39,0,0.0
36915,100065,멜론이벤트,[스포트라이트] RIIZE [ODYSSEY] 발매 기념 팬밋업 초대 이벤트,2025-05-19 18:00,2025-05-25 23:59,여,10대이하,25291,8969,2377,26.5,271,11.4
36915,100065,멜론이벤트,[스포트라이트] RIIZE [ODYSSEY] 발매 기념 팬밋업 초대 이벤트,2025-05-19 18:00,2025-05-25 23:59,여,20대,46212,15442,4745,30.73,607,12.79
36915,100065,멜론이벤트,[스포트라이트] RIIZE [ODYSSEY] 발매 기념 팬밋업 초대 이벤트,2025-05-19 18:00,2025-05-25 23:59,여,30대,22450,8052,1902,23.62,204,10.73
36915,100065,멜론이벤트,[스포트라이트] RIIZE [ODYSSEY] 발매 기념 팬밋업 초대 이벤트,2025-05-19 18:00,2025-05-25 23:59,여,40대,16361,7524,1078,14.33,57,5.29
36915,100065,멜론이벤트,[스포트라이트] RIIZE [ODYSSEY] 발매 기념 팬밋업 초대 이벤트,2025-05-19 18:00,2025-05-25 23:59,여,50대,5359,2989,340,11.38,3,0.88
36915,100065,멜론이벤트,[스포트라이트] RIIZE [ODYSSEY] 발매 기념 팬밋업 초대 이벤트,2025-05-19 18:00,2025-05-25 23:59,여,60대이상,1127,710,40,5.63,1,2.5
36924,100065,멜론이벤트,멜론 혜택 <2025 대구힙합페스티벌> 멜론 VIP 초대이벤트,2025-05-21 00:00,2025-06-03 23:59,남,10대이하,1972,1068,457,42.79,4,0.88
36924,100065,멜론이벤트,멜론 혜택 <2025 대구힙합페스티벌> 멜론 VIP 초대이벤트,2025-05-21 00:00,2025-06-03 23:59,남,20대,15148,8516,3902,45.82,26,0.67
36924,100065,멜론이벤트,멜론 혜택 <2025 대구힙합페스티벌> 멜론 VIP 초대이벤트,2025-05-21 00:00,2025-06-03 23:59,남,30대,15816,9767,3413,34.94,12,0.35
36924,100065,멜론이벤트,멜론 혜택 <2025 대구힙합페스티벌> 멜론 VIP 초대이벤트,2025-05-21 00:00,2025-06-03 23:59,남,40대,8691,5822,1429,24.54,3,0.21
36924,100065,멜론이벤트,멜론 혜택 <2025 대구힙합페스티벌> 멜론 VIP 초대이벤트,2025-05-21 00:00,2025-06-03 23:59,남,50대,5513,3590,984,27.41,2,0.2
36924,100065,멜론이벤트,멜론 혜택 <2025 대구힙합페스티벌> 멜론 VIP 초대이벤트,2025-05-21 00:00,2025-06-03 23:59,남,60대이상,1403,974,205,21.05,0,0.0
36924,100065,멜론이벤트,멜론 혜택 <2025 대구힙합페스티벌> 멜론 VIP 초대이벤트,2025-05-21 00:00,2025-06-03 23:59,여,10대이하,5613,2884,1294,44.87,8,0.62
36924,100065,멜론이벤트,멜론 혜택 <2025 대구힙합페스티벌> 멜론 VIP 초대이벤트,2025-05-21 00:00,2025-06-03 23:59,여,20대,31236,17134,7370,43.01,49,0.66
36924,100065,멜론이벤트,멜론 혜택 <2025 대구힙합페스티벌> 멜론 VIP 초대이벤트,2025-05-21 00:00,2025-06-03 23:59,여,30대,24652,15437,5203,33.7,15,0.29
36924,100065,멜론이벤트,멜론 혜택 <2025 대구힙합페스티벌> 멜론 VIP 초대이벤트,2025-05-21 00:00,2025-06-03 23:59,여,40대,16841,11057,2902,26.25,13,0.45
36924,100065,멜론이벤트,멜론 혜택 <2025 대구힙합페스티벌> 멜론 VIP 초대이벤트,2025-05-21 00:00,2025-06-03 23:59,여,50대,9208,5926,1663,28.06,7,0.42
36924,100065,멜론이벤트,멜론 혜택 <2025 대구힙합페스티벌> 멜론 VIP 초대이벤트,2025-05-21 00:00,2025-06-03 23:59,여,60대이상,2538,1725,342,19.83,0,0.0
36953,100065,멜론이벤트,[멜론VIP혜택] 워터밤 서울 20% 단독 할인,2025-06-05 11:00,2025-06-11 23:59,남,10대이하,3545,2172,194,8.93,3,1.55
36953,100065,멜론이벤트,[멜론VIP혜택] 워터밤 서울 20% 단독 할인,2025-06-05 11:00,2025-06-11 23:59,남,20대,44249,29442,2006,6.81,9,0.45
36953,100065,멜론이벤트,[멜론VIP혜택] 워터밤 서울 20% 단독 할인,2025-06-05 11:00,2025-06-11 23:59,남,30대,62205,43370,1843,4.25,7,0.38
36953,100065,멜론이벤트,[멜론VIP혜택] 워터밤 서울 20% 단독 할인,2025-06-05 11:00,2025-06-11 23:59,남,40대,31612,22088,793,3.59,1,0.13
36953,100065,멜론이벤트,[멜론VIP혜택] 워터밤 서울 20% 단독 할인,2025-06-05 11:00,2025-06-11 23:59,남,50대,18801,12953,639,4.93,3,0.47
36953,100065,멜론이벤트,[멜론VIP혜택] 워터밤 서울 20% 단독 할인,2025-06-05 11:00,2025-06-11 23:59,남,60대이상,5467,3813,129,3.38,0,0.0
36953,100065,멜론이벤트,[멜론VIP혜택] 워터밤 서울 20% 단독 할인,2025-06-05 11:00,2025-06-11 23:59,여,10대이하,8220,5008,682,13.62,2,0.29
36953,100065,멜론이벤트,[멜론VIP혜택] 워터밤 서울 20% 단독 할인,2025-06-05 11:00,2025-06-11 23:59,여,20대,65439,42936,4932,11.49,24,0.49
36953,100065,멜론이벤트,[멜론VIP혜택] 워터밤 서울 20% 단독 할인,2025-06-05 11:00,2025-06-11 23:59,여,30대,68007,48074,3281,6.82,5,0.15
36953,100065,멜론이벤트,[멜론VIP혜택] 워터밤 서울 20% 단독 할인,2025-06-05 11:00,2025-06-11 23:59,여,40대,52248,36121,1967,5.45,3,0.15
36953,100065,멜론이벤트,[멜론VIP혜택] 워터밤 서울 20% 단독 할인,2025-06-05 11:00,2025-06-11 23:59,여,50대,29710,20179,1161,5.75,5,0.43
36953,100065,멜론이벤트,[멜론VIP혜택] 워터밤 서울 20% 단독 할인,2025-06-05 11:00,2025-06-11 23:59,여,60대이상,10027,6332,229,3.62,0,0.0
66,100065,뮤직웨이브이벤트,🎁STAYC(스테이씨) 컴백 EVENT!,2024-07-01 18:00,2024-07-14 23:59,남,10대이하,677,321,72,22.43,12,16.67
66,100065,뮤직웨이브이벤트,🎁STAYC(스테이씨) 컴백 EVENT!,2024-07-01 18:00,2024-07-14 23:59,남,20대,1536,806,187,23.2,37,19.79
66,100065,뮤직웨이브이벤트,🎁STAYC(스테이씨) 컴백 EVENT!,2024-07-01 18:00,2024-07-14 23:59,남,30대,1129,652,77,11.81,7,9.09
66,100065,뮤직웨이브이벤트,🎁STAYC(스테이씨) 컴백 EVENT!,2024-07-01 18:00,2024-07-14 23:59,남,40대,1173,699,86,12.3,8,9.3
66,100065,뮤직웨이브이벤트,🎁STAYC(스테이씨) 컴백 EVENT!,2024-07-01 18:00,2024-07-14 23:59,남,50대,428,292,28,9.59,0,0.0
66,100065,뮤직웨이브이벤트,🎁STAYC(스테이씨) 컴백 EVENT!,2024-07-01 18:00,2024-07-14 23:59,남,60대이상,108,71,3,4.23,1,33.33
66,100065,뮤직웨이브이벤트,🎁STAYC(스테이씨) 컴백 EVENT!,2024-07-01 18:00,2024-07-14 23:59,여,10대이하,1181,591,132,22.34,29,21.97
66,100065,뮤직웨이브이벤트,🎁STAYC(스테이씨) 컴백 EVENT!,2024-07-01 18:00,2024-07-14 23:59,여,20대,1578,1038,131,12.62,26,19.85
66,100065,뮤직웨이브이벤트,🎁STAYC(스테이씨) 컴백 EVENT!,2024-07-01 18:00,2024-07-14 23:59,여,30대,1268,919,47,5.11,3,6.38
66,100065,뮤직웨이브이벤트,🎁STAYC(스테이씨) 컴백 EVENT!,2024-07-01 18:00,2024-07-14 23:59,여,40대,1860,1221,133,10.89,9,6.77
66,100065,뮤직웨이브이벤트,🎁STAYC(스테이씨) 컴백 EVENT!,2024-07-01 18:00,2024-07-14 23:59,여,50대,712,454,35,7.71,2,5.71
66,100065,뮤직웨이브이벤트,🎁STAYC(스테이씨) 컴백 EVENT!,2024-07-01 18:00,2024-07-14 23:59,여,60대이상,208,150,5,3.33,2,40.0
67,100065,뮤직웨이브이벤트,🎁ENHYPEN 컴백 EVENT!,2024-07-12 18:00,2024-08-04 23:59,남,10대이하,157,90,19,21.11,2,10.53
67,100065,뮤직웨이브이벤트,🎁ENHYPEN 컴백 EVENT!,2024-07-12 18:00,2024-08-04 23:59,남,20대,267,196,19,9.69,1,5.26
67,100065,뮤직웨이브이벤트,🎁ENHYPEN 컴백 EVENT!,2024-07-12 18:00,2024-08-04 23:59,남,30대,543,312,22,7.05,1,4.55
67,100065,뮤직웨이브이벤트,🎁ENHYPEN 컴백 EVENT!,2024-07-12 18:00,2024-08-04 23:59,남,40대,1181,452,82,18.14,0,0.0
67,100065,뮤직웨이브이벤트,🎁ENHYPEN 컴백 EVENT!,2024-07-12 18:00,2024-08-04 23:59,남,50대,741,270,70,25.93,8,11.43
67,100065,뮤직웨이브이벤트,🎁ENHYPEN 컴백 EVENT!,2024-07-12 18:00,2024-08-04 23:59,남,60대이상,137,64,3,4.69,0,0.0
67,100065,뮤직웨이브이벤트,🎁ENHYPEN 컴백 EVENT!,2024-07-12 18:00,2024-08-04 23:59,여,10대이하,4409,1536,601,39.13,132,21.96
67,100065,뮤직웨이브이벤트,🎁ENHYPEN 컴백 EVENT!,2024-07-12 18:00,2024-08-04 23:59,여,20대,6051,1913,793,41.45,156,19.67
67,100065,뮤직웨이브이벤트,🎁ENHYPEN 컴백 EVENT!,2024-07-12 18:00,2024-08-04 23:59,여,30대,1841,716,157,21.93,31,19.75
67,100065,뮤직웨이브이벤트,🎁ENHYPEN 컴백 EVENT!,2024-07-12 18:00,2024-08-04 23:59,여,40대,3083,1050,265,25.24,31,11.7
67,100065,뮤직웨이브이벤트,🎁ENHYPEN 컴백 EVENT!,2024-07-12 18:00,2024-08-04 23:59,여,50대,1382,476,131,27.52,10,7.63
67,100065,뮤직웨이브이벤트,🎁ENHYPEN 컴백 EVENT!,2024-07-12 18:00,2024-08-04 23:59,여,60대이상,182,78,16,20.51,0,0.0
68,100065,뮤직웨이브이벤트,🎁NCT WISH 컴백 EVENT!,2024-07-04 18:00,2024-07-21 23:59,남,10대이하,187,123,21,17.07,4,19.05
68,100065,뮤직웨이브이벤트,🎁NCT WISH 컴백 EVENT!,2024-07-04 18:00,2024-07-21 23:59,남,20대,397,313,31,9.9,0,0.0
68,100065,뮤직웨이브이벤트,🎁NCT WISH 컴백 EVENT!,2024-07-04 18:00,2024-07-21 23:59,남,30대,607,380,22,5.79,1,4.55
68,100065,뮤직웨이브이벤트,🎁NCT WISH 컴백 EVENT!,2024-07-04 18:00,2024-07-21 23:59,남,40대,861,497,79,15.9,2,2.53
68,100065,뮤직웨이브이벤트,🎁NCT WISH 컴백 EVENT!,2024-07-04 18:00,2024-07-21 23:59,남,50대,753,375,97,25.87,1,1.03
68,100065,뮤직웨이브이벤트,🎁NCT WISH 컴백 EVENT!,2024-07-04 18:00,2024-07-21 23:59,남,60대이상,135,74,7,9.46,0,0.0
68,100065,뮤직웨이브이벤트,🎁NCT WISH 컴백 EVENT!,2024-07-04 18:00,2024-07-21 23:59,여,10대이하,5286,1957,722,36.89,71,9.83
68,100065,뮤직웨이브이벤트,🎁NCT WISH 컴백 EVENT!,2024-07-04 18:00,2024-07-21 23:59,여,20대,10352,3493,1397,39.99,134,9.59
68,100065,뮤직웨이브이벤트,🎁NCT WISH 컴백 EVENT!,2024-07-04 18:00,2024-07-21 23:59,여,30대,2957,1150,294,25.57,28,9.52
68,100065,뮤직웨이브이벤트,🎁NCT WISH 컴백 EVENT!,2024-07-04 18:00,2024-07-21 23:59,여,40대,2250,1129,275,24.36,11,4.0
68,100065,뮤직웨이브이벤트,🎁NCT WISH 컴백 EVENT!,2024-07-04 18:00,2024-07-21 23:59,여,50대,959,526,132,25.1,2,1.52
68,100065,뮤직웨이브이벤트,🎁NCT WISH 컴백 EVENT!,2024-07-04 18:00,2024-07-21 23:59,여,60대이상,197,123,16,13.01,0,0.0
69,100065,뮤직웨이브이벤트,🎁NCT 127 컴백 EVENT!,2024-07-23 18:00,2024-07-24 23:59,남,10대이하,154,89,8,8.99,0,0.0
69,100065,뮤직웨이브이벤트,🎁NCT 127 컴백 EVENT!,2024-07-23 18:00,2024-07-24 23:59,남,20대,408,287,13,4.53,0,0.0
69,100065,뮤직웨이브이벤트,🎁NCT 127 컴백 EVENT!,2024-07-23 18:00,2024-07-24 23:59,남,30대,741,348,22,6.32,0,0.0
69,100065,뮤직웨이브이벤트,🎁NCT 127 컴백 EVENT!,2024-07-23 18:00,2024-07-24 23:59,남,40대,1447,573,71,12.39,0,0.0
69,100065,뮤직웨이브이벤트,🎁NCT 127 컴백 EVENT!,2024-07-23 18:00,2024-07-24 23:59,남,50대,787,403,64,15.88,0,0.0
69,100065,뮤직웨이브이벤트,🎁NCT 127 컴백 EVENT!,2024-07-23 18:00,2024-07-24 23:59,남,60대이상,174,72,11,15.28,1,9.09
69,100065,뮤직웨이브이벤트,🎁NCT 127 컴백 EVENT!,2024-07-23 18:00,2024-07-24 23:59,여,10대이하,6294,2670,726,27.19,22,3.03
69,100065,뮤직웨이브이벤트,🎁NCT 127 컴백 EVENT!,2024-07-23 18:00,2024-07-24 23:59,여,20대,8301,3767,1041,27.63,15,1.44
69,100065,뮤직웨이브이벤트,🎁NCT 127 컴백 EVENT!,2024-07-23 18:00,2024-07-24 23:59,여,30대,4201,1790,474,26.48,8,1.69
69,100065,뮤직웨이브이벤트,🎁NCT 127 컴백 EVENT!,2024-07-23 18:00,2024-07-24 23:59,여,40대,3087,1569,235,14.98,2,0.85
69,100065,뮤직웨이브이벤트,🎁NCT 127 컴백 EVENT!,2024-07-23 18:00,2024-07-24 23:59,여,50대,1159,608,108,17.76,2,1.85
69,100065,뮤직웨이브이벤트,🎁NCT 127 컴백 EVENT!,2024-07-23 18:00,2024-07-24 23:59,여,60대이상,196,126,20,15.87,0,0.0
70,100065,뮤직웨이브이벤트,🎁라이엇게임즈 VALORANT 노래 듣고 사인 마우스패드 받자 !,2024-07-24 12:00,2024-08-04 23:59,남,10대이하,2315,1111,209,18.81,36,17.22
70,100065,뮤직웨이브이벤트,🎁라이엇게임즈 VALORANT 노래 듣고 사인 마우스패드 받자 !,2024-07-24 12:00,2024-08-04 23:59,남,20대,999,604,161,26.66,7,4.35
70,100065,뮤직웨이브이벤트,🎁라이엇게임즈 VALORANT 노래 듣고 사인 마우스패드 받자 !,2024-07-24 12:00,2024-08-04 23:59,남,30대,592,391,51,13.04,0,0.0
70,100065,뮤직웨이브이벤트,🎁라이엇게임즈 VALORANT 노래 듣고 사인 마우스패드 받자 !,2024-07-24 12:00,2024-08-04 23:59,남,40대,834,457,82,17.94,2,2.44
70,100065,뮤직웨이브이벤트,🎁라이엇게임즈 VALORANT 노래 듣고 사인 마우스패드 받자 !,2024-07-24 12:00,2024-08-04 23:59,남,50대,427,258,35,13.57,2,5.71
70,100065,뮤직웨이브이벤트,🎁라이엇게임즈 VALORANT 노래 듣고 사인 마우스패드 받자 !,2024-07-24 12:00,2024-08-04 23:59,남,60대이상,107,69,3,4.35,0,0.0
70,100065,뮤직웨이브이벤트,🎁라이엇게임즈 VALORANT 노래 듣고 사인 마우스패드 받자 !,2024-07-24 12:00,2024-08-04 23:59,여,10대이하,850,398,130,32.66,11,8.46
70,100065,뮤직웨이브이벤트,🎁라이엇게임즈 VALORANT 노래 듣고 사인 마우스패드 받자 !,2024-07-24 12:00,2024-08-04 23:59,여,20대,974,604,122,20.2,6,4.92
70,100065,뮤직웨이브이벤트,🎁라이엇게임즈 VALORANT 노래 듣고 사인 마우스패드 받자 !,2024-07-24 12:00,2024-08-04 23:59,여,30대,726,463,39,8.42,4,10.26
70,100065,뮤직웨이브이벤트,🎁라이엇게임즈 VALORANT 노래 듣고 사인 마우스패드 받자 !,2024-07-24 12:00,2024-08-04 23:59,여,40대,1493,863,186,21.55,4,2.15
70,100065,뮤직웨이브이벤트,🎁라이엇게임즈 VALORANT 노래 듣고 사인 마우스패드 받자 !,2024-07-24 12:00,2024-08-04 23:59,여,50대,575,356,50,14.04,0,0.0
70,100065,뮤직웨이브이벤트,🎁라이엇게임즈 VALORANT 노래 듣고 사인 마우스패드 받자 !,2024-07-24 12:00,2024-08-04 23:59,여,60대이상,124,96,11,11.46,0,0.0
72,100065,뮤직웨이브이벤트,🎁 구공탄 (비투비)과 함께하는 대표팀 응원 EVENT!,2024-08-08 18:00,2024-08-18 23:59,남,10대이하,306,189,20,10.58,0,0.0
72,100065,뮤직웨이브이벤트,🎁 구공탄 (비투비)과 함께하는 대표팀 응원 EVENT!,2024-08-08 18:00,2024-08-18 23:59,남,20대,429,336,17,5.06,0,0.0
72,100065,뮤직웨이브이벤트,🎁 구공탄 (비투비)과 함께하는 대표팀 응원 EVENT!,2024-08-08 18:00,2024-08-18 23:59,남,30대,725,408,28,6.86,0,0.0
72,100065,뮤직웨이브이벤트,🎁 구공탄 (비투비)과 함께하는 대표팀 응원 EVENT!,2024-08-08 18:00,2024-08-18 23:59,남,40대,768,422,53,12.56,0,0.0
72,100065,뮤직웨이브이벤트,🎁 구공탄 (비투비)과 함께하는 대표팀 응원 EVENT!,2024-08-08 18:00,2024-08-18 23:59,남,50대,447,252,28,11.11,0,0.0
72,100065,뮤직웨이브이벤트,🎁 구공탄 (비투비)과 함께하는 대표팀 응원 EVENT!,2024-08-08 18:00,2024-08-18 23:59,남,60대이상,74,47,3,6.38,0,0.0
72,100065,뮤직웨이브이벤트,🎁 구공탄 (비투비)과 함께하는 대표팀 응원 EVENT!,2024-08-08 18:00,2024-08-18 23:59,여,10대이하,2296,830,286,34.46,21,7.34
72,100065,뮤직웨이브이벤트,🎁 구공탄 (비투비)과 함께하는 대표팀 응원 EVENT!,2024-08-08 18:00,2024-08-18 23:59,여,20대,3530,1660,450,27.11,14,3.11
72,100065,뮤직웨이브이벤트,🎁 구공탄 (비투비)과 함께하는 대표팀 응원 EVENT!,2024-08-08 18:00,2024-08-18 23:59,여,30대,3393,1394,382,27.4,8,2.09
72,100065,뮤직웨이브이벤트,🎁 구공탄 (비투비)과 함께하는 대표팀 응원 EVENT!,2024-08-08 18:00,2024-08-18 23:59,여,40대,2810,1232,246,19.97,2,0.81
72,100065,뮤직웨이브이벤트,🎁 구공탄 (비투비)과 함께하는 대표팀 응원 EVENT!,2024-08-08 18:00,2024-08-18 23:59,여,50대,898,406,66,16.26,3,4.55
72,100065,뮤직웨이브이벤트,🎁 구공탄 (비투비)과 함께하는 대표팀 응원 EVENT!,2024-08-08 18:00,2024-08-18 23:59,여,60대이상,196,101,7,6.93,1,14.29
73,100065,뮤직웨이브이벤트,🎁PLAVE 컴백 EVENT!,2024-08-20 18:00,2024-09-01 23:59,남,10대이하,387,239,32,13.39,7,21.88
73,100065,뮤직웨이브이벤트,🎁PLAVE 컴백 EVENT!,2024-08-20 18:00,2024-09-01 23:59,남,20대,1203,572,114,19.93,29,25.44
73,100065,뮤직웨이브이벤트,🎁PLAVE 컴백 EVENT!,2024-08-20 18:00,2024-09-01 23:59,남,30대,1940,740,163,22.03,30,18.4
73,100065,뮤직웨이브이벤트,🎁PLAVE 컴백 EVENT!,2024-08-20 18:00,2024-09-01 23:59,남,40대,2102,813,185,22.76,22,11.89
73,100065,뮤직웨이브이벤트,🎁PLAVE 컴백 EVENT!,2024-08-20 18:00,2024-09-01 23:59,남,50대,1299,468,165,35.26,8,4.85
73,100065,뮤직웨이브이벤트,🎁PLAVE 컴백 EVENT!,2024-08-20 18:00,2024-09-01 23:59,남,60대이상,642,134,43,32.09,9,20.93
73,100065,뮤직웨이브이벤트,🎁PLAVE 컴백 EVENT!,2024-08-20 18:00,2024-09-01 23:59,여,10대이하,10559,2678,1358,50.71,370,27.25
73,100065,뮤직웨이브이벤트,🎁PLAVE 컴백 EVENT!,2024-08-20 18:00,2024-09-01 23:59,여,20대,46919,10418,6586,63.22,1790,27.18
73,100065,뮤직웨이브이벤트,🎁PLAVE 컴백 EVENT!,2024-08-20 18:00,2024-09-01 23:59,여,30대,32836,7695,4765,61.92,1163,24.41
73,100065,뮤직웨이브이벤트,🎁PLAVE 컴백 EVENT!,2024-08-20 18:00,2024-09-01 23:59,여,40대,8651,2629,1047,39.83,211,20.15
73,100065,뮤직웨이브이벤트,🎁PLAVE 컴백 EVENT!,2024-08-20 18:00,2024-09-01 23:59,여,50대,2686,866,312,36.03,61,19.55
73,100065,뮤직웨이브이벤트,🎁PLAVE 컴백 EVENT!,2024-08-20 18:00,2024-09-01 23:59,여,60대이상,698,231,73,31.6,26,35.62
74,100065,뮤직웨이브이벤트,🎁NMIXX 컴백 EVENT!,2024-08-26 18:00,2024-09-08 23:59,남,10대이하,4408,1239,580,46.81,36,6.21
74,100065,뮤직웨이브이벤트,🎁NMIXX 컴백 EVENT!,2024-08-26 18:00,2024-09-08 23:59,남,20대,3210,1403,550,39.2,19,3.45
74,100065,뮤직웨이브이벤트,🎁NMIXX 컴백 EVENT!,2024-08-26 18:00,2024-09-08 23:59,남,30대,1657,823,240,29.16,5,2.08
74,100065,뮤직웨이브이벤트,🎁NMIXX 컴백 EVENT!,2024-08-26 18:00,2024-09-08 23:59,남,40대,1952,835,208,24.91,13,6.25
74,100065,뮤직웨이브이벤트,🎁NMIXX 컴백 EVENT!,2024-08-26 18:00,2024-09-08 23:59,남,50대,980,367,66,17.98,1,1.52
74,100065,뮤직웨이브이벤트,🎁NMIXX 컴백 EVENT!,2024-08-26 18:00,2024-09-08 23:59,남,60대이상,131,74,12,16.22,0,0.0
74,100065,뮤직웨이브이벤트,🎁NMIXX 컴백 EVENT!,2024-08-26 18:00,2024-09-08 23:59,여,10대이하,1746,902,281,31.15,21,7.47
74,100065,뮤직웨이브이벤트,🎁NMIXX 컴백 EVENT!,2024-08-26 18:00,2024-09-08 23:59,여,20대,1794,1050,248,23.62,6,2.42
74,100065,뮤직웨이브이벤트,🎁NMIXX 컴백 EVENT!,2024-08-26 18:00,2024-09-08 23:59,여,30대,1129,700,109,15.57,4,3.67
74,100065,뮤직웨이브이벤트,🎁NMIXX 컴백 EVENT!,2024-08-26 18:00,2024-09-08 23:59,여,40대,2542,1349,327,24.24,12,3.67
74,100065,뮤직웨이브이벤트,🎁NMIXX 컴백 EVENT!,2024-08-26 18:00,2024-09-08 23:59,여,50대,805,470,87,18.51,6,6.9
74,100065,뮤직웨이브이벤트,🎁NMIXX 컴백 EVENT!,2024-08-26 18:00,2024-09-08 23:59,여,60대이상,172,98,13,13.27,1,7.69
75,100065,뮤직웨이브이벤트,🎁ZEROBASEONE (제로베이스원)컴백 EVENT!,2024-08-26 18:00,2024-09-08 23:59,남,10대이하,236,150,29,19.33,4,13.79
75,100065,뮤직웨이브이벤트,🎁ZEROBASEONE (제로베이스원)컴백 EVENT!,2024-08-26 18:00,2024-09-08 23:59,남,20대,410,310,35,11.29,9,25.71
75,100065,뮤직웨이브이벤트,🎁ZEROBASEONE (제로베이스원)컴백 EVENT!,2024-08-26 18:00,2024-09-08 23:59,남,30대,507,312,48,15.38,9,18.75
75,100065,뮤직웨이브이벤트,🎁ZEROBASEONE (제로베이스원)컴백 EVENT!,2024-08-26 18:00,2024-09-08 23:59,남,40대,1694,703,161,22.9,10,6.21
75,100065,뮤직웨이브이벤트,🎁ZEROBASEONE (제로베이스원)컴백 EVENT!,2024-08-26 18:00,2024-09-08 23:59,남,50대,629,363,79,21.76,11,13.92
75,100065,뮤직웨이브이벤트,🎁ZEROBASEONE (제로베이스원)컴백 EVENT!,2024-08-26 18:00,2024-09-08 23:59,남,60대이상,169,65,8,12.31,1,12.5
75,100065,뮤직웨이브이벤트,🎁ZEROBASEONE (제로베이스원)컴백 EVENT!,2024-08-26 18:00,2024-09-08 23:59,여,10대이하,6473,2757,1200,43.53,345,28.75
75,100065,뮤직웨이브이벤트,🎁ZEROBASEONE (제로베이스원)컴백 EVENT!,2024-08-26 18:00,2024-09-08 23:59,여,20대,5002,2318,996,42.97,220,22.09
75,100065,뮤직웨이브이벤트,🎁ZEROBASEONE (제로베이스원)컴백 EVENT!,2024-08-26 18:00,2024-09-08 23:59,여,30대,2664,1192,422,35.4,99,23.46
75,100065,뮤직웨이브이벤트,🎁ZEROBASEONE (제로베이스원)컴백 EVENT!,2024-08-26 18:00,2024-09-08 23:59,여,40대,4556,2044,617,30.19,70,11.35
75,100065,뮤직웨이브이벤트,🎁ZEROBASEONE (제로베이스원)컴백 EVENT!,2024-08-26 18:00,2024-09-08 23:59,여,50대,1191,553,120,21.7,23,19.17
75,100065,뮤직웨이브이벤트,🎁ZEROBASEONE (제로베이스원)컴백 EVENT!,2024-08-26 18:00,2024-09-08 23:59,여,60대이상,224,120,26,21.67,4,15.38
76,100065,뮤직웨이브이벤트,🎁재현 첫 솔로앨범 EVENT!,2024-08-26 18:00,2024-09-08 23:59,남,10대이하,175,139,8,5.76,1,12.5
76,100065,뮤직웨이브이벤트,🎁재현 첫 솔로앨범 EVENT!,2024-08-26 18:00,2024-09-08 23:59,남,20대,475,369,27,7.32,0,0.0
76,100065,뮤직웨이브이벤트,🎁재현 첫 솔로앨범 EVENT!,2024-08-26 18:00,2024-09-08 23:59,남,30대,536,384,29,7.55,0,0.0
76,100065,뮤직웨이브이벤트,🎁재현 첫 솔로앨범 EVENT!,2024-08-26 18:00,2024-09-08 23:59,남,40대,1081,609,123,20.2,3,2.44
76,100065,뮤직웨이브이벤트,🎁재현 첫 솔로앨범 EVENT!,2024-08-26 18:00,2024-09-08 23:59,남,50대,761,453,92,20.31,1,1.09
76,100065,뮤직웨이브이벤트,🎁재현 첫 솔로앨범 EVENT!,2024-08-26 18:00,2024-09-08 23:59,남,60대이상,125,85,6,7.06,0,0.0
76,100065,뮤직웨이브이벤트,🎁재현 첫 솔로앨범 EVENT!,2024-08-26 18:00,2024-09-08 23:59,여,10대이하,4733,2655,938,35.33,105,11.19
76,100065,뮤직웨이브이벤트,🎁재현 첫 솔로앨범 EVENT!,2024-08-26 18:00,2024-09-08 23:59,여,20대,6599,3431,1154,33.63,96,8.32
76,100065,뮤직웨이브이벤트,🎁재현 첫 솔로앨범 EVENT!,2024-08-26 18:00,2024-09-08 23:59,여,30대,3182,1658,521,31.42,34,6.53
76,100065,뮤직웨이브이벤트,🎁재현 첫 솔로앨범 EVENT!,2024-08-26 18:00,2024-09-08 23:59,여,40대,2862,1647,366,22.22,16,4.37
76,100065,뮤직웨이브이벤트,🎁재현 첫 솔로앨범 EVENT!,2024-08-26 18:00,2024-09-08 23:59,여,50대,964,618,141,22.82,4,2.84
76,100065,뮤직웨이브이벤트,🎁재현 첫 솔로앨범 EVENT!,2024-08-26 18:00,2024-09-08 23:59,여,60대이상,207,117,15,12.82,0,0.0
77,100065,뮤직웨이브이벤트,🎁이세계아이돌 데뷔 천일 역조공 EVENT!,2024-08-26 18:00,2024-09-01 23:59,남,10대이하,10579,2235,1038,46.44,645,62.14
77,100065,뮤직웨이브이벤트,🎁이세계아이돌 데뷔 천일 역조공 EVENT!,2024-08-26 18:00,2024-09-01 23:59,남,20대,10989,3096,1483,47.9,797,53.74
77,100065,뮤직웨이브이벤트,🎁이세계아이돌 데뷔 천일 역조공 EVENT!,2024-08-26 18:00,2024-09-01 23:59,남,30대,4142,1571,474,30.17,159,33.54
77,100065,뮤직웨이브이벤트,🎁이세계아이돌 데뷔 천일 역조공 EVENT!,2024-08-26 18:00,2024-09-01 23:59,남,40대,1766,931,158,16.97,14,8.86
77,100065,뮤직웨이브이벤트,🎁이세계아이돌 데뷔 천일 역조공 EVENT!,2024-08-26 18:00,2024-09-01 23:59,남,50대,1009,458,97,21.18,14,14.43
77,100065,뮤직웨이브이벤트,🎁이세계아이돌 데뷔 천일 역조공 EVENT!,2024-08-26 18:00,2024-09-01 23:59,남,60대이상,191,97,15,15.46,5,33.33
77,100065,뮤직웨이브이벤트,🎁이세계아이돌 데뷔 천일 역조공 EVENT!,2024-08-26 18:00,2024-09-01 23:59,여,10대이하,2598,1011,244,24.13,106,43.44
77,100065,뮤직웨이브이벤트,🎁이세계아이돌 데뷔 천일 역조공 EVENT!,2024-08-26 18:00,2024-09-01 23:59,여,20대,2316,1408,297,21.09,95,31.99
77,100065,뮤직웨이브이벤트,🎁이세계아이돌 데뷔 천일 역조공 EVENT!,2024-08-26 18:00,2024-09-01 23:59,여,30대,1550,1121,109,9.72,25,22.94
77,100065,뮤직웨이브이벤트,🎁이세계아이돌 데뷔 천일 역조공 EVENT!,2024-08-26 18:00,2024-09-01 23:59,여,40대,4100,1902,371,19.51,32,8.63
77,100065,뮤직웨이브이벤트,🎁이세계아이돌 데뷔 천일 역조공 EVENT!,2024-08-26 18:00,2024-09-01 23:59,여,50대,1141,670,103,15.37,18,17.48
77,100065,뮤직웨이브이벤트,🎁이세계아이돌 데뷔 천일 역조공 EVENT!,2024-08-26 18:00,2024-09-01 23:59,여,60대이상,259,164,23,14.02,8,34.78
78,100065,뮤직웨이브이벤트,🎁RIIZE 데뷔 1주년 기념 EVENT!,2024-09-04 12:00,2024-09-15 23:59,남,10대이하,318,216,43,19.91,4,9.3
78,100065,뮤직웨이브이벤트,🎁RIIZE 데뷔 1주년 기념 EVENT!,2024-09-04 12:00,2024-09-15 23:59,남,20대,438,333,44,13.21,3,6.82
78,100065,뮤직웨이브이벤트,🎁RIIZE 데뷔 1주년 기념 EVENT!,2024-09-04 12:00,2024-09-15 23:59,남,30대,458,317,40,12.62,0,0.0
78,100065,뮤직웨이브이벤트,🎁RIIZE 데뷔 1주년 기념 EVENT!,2024-09-04 12:00,2024-09-15 23:59,남,40대,1256,730,192,26.3,1,0.52
78,100065,뮤직웨이브이벤트,🎁RIIZE 데뷔 1주년 기념 EVENT!,2024-09-04 12:00,2024-09-15 23:59,남,50대,752,488,127,26.02,5,3.94
78,100065,뮤직웨이브이벤트,🎁RIIZE 데뷔 1주년 기념 EVENT!,2024-09-04 12:00,2024-09-15 23:59,남,60대이상,141,84,17,20.24,1,5.88
78,100065,뮤직웨이브이벤트,🎁RIIZE 데뷔 1주년 기념 EVENT!,2024-09-04 12:00,2024-09-15 23:59,여,10대이하,6197,3173,1262,39.77,131,10.38
78,100065,뮤직웨이브이벤트,🎁RIIZE 데뷔 1주년 기념 EVENT!,2024-09-04 12:00,2024-09-15 23:59,여,20대,6880,3787,1539,40.64,132,8.58
78,100065,뮤직웨이브이벤트,🎁RIIZE 데뷔 1주년 기념 EVENT!,2024-09-04 12:00,2024-09-15 23:59,여,30대,4689,1935,682,35.25,42,6.16
78,100065,뮤직웨이브이벤트,🎁RIIZE 데뷔 1주년 기념 EVENT!,2024-09-04 12:00,2024-09-15 23:59,여,40대,4681,2250,707,31.42,38,5.37
78,100065,뮤직웨이브이벤트,🎁RIIZE 데뷔 1주년 기념 EVENT!,2024-09-04 12:00,2024-09-15 23:59,여,50대,1222,680,187,27.5,7,3.74
78,100065,뮤직웨이브이벤트,🎁RIIZE 데뷔 1주년 기념 EVENT!,2024-09-04 12:00,2024-09-15 23:59,여,60대이상,248,146,23,15.75,0,0.0
79,100065,뮤직웨이브이벤트,🎁백현 컴백 EVENT!,2024-09-06 18:00,2024-09-22 23:59,남,10대이하,179,123,20,16.26,3,15.0
79,100065,뮤직웨이브이벤트,🎁백현 컴백 EVENT!,2024-09-06 18:00,2024-09-22 23:59,남,20대,725,486,61,12.55,6,9.84
79,100065,뮤직웨이브이벤트,🎁백현 컴백 EVENT!,2024-09-06 18:00,2024-09-22 23:59,남,30대,879,507,66,13.02,12,18.18
79,100065,뮤직웨이브이벤트,🎁백현 컴백 EVENT!,2024-09-06 18:00,2024-09-22 23:59,남,40대,851,533,72,13.51,10,13.89
79,100065,뮤직웨이브이벤트,🎁백현 컴백 EVENT!,2024-09-06 18:00,2024-09-22 23:59,남,50대,938,419,91,21.72,13,14.29
79,100065,뮤직웨이브이벤트,🎁백현 컴백 EVENT!,2024-09-06 18:00,2024-09-22 23:59,남,60대이상,242,130,29,22.31,5,17.24
79,100065,뮤직웨이브이벤트,🎁백현 컴백 EVENT!,2024-09-06 18:00,2024-09-22 23:59,여,10대이하,2752,1211,441,36.42,148,33.56
79,100065,뮤직웨이브이벤트,🎁백현 컴백 EVENT!,2024-09-06 18:00,2024-09-22 23:59,여,20대,13433,5873,2666,45.39,677,25.39
79,100065,뮤직웨이브이벤트,🎁백현 컴백 EVENT!,2024-09-06 18:00,2024-09-22 23:59,여,30대,5459,1995,725,36.34,151,20.83
79,100065,뮤직웨이브이벤트,🎁백현 컴백 EVENT!,2024-09-06 18:00,2024-09-22 23:59,여,40대,2561,1190,282,23.7,45,15.96
79,100065,뮤직웨이브이벤트,🎁백현 컴백 EVENT!,2024-09-06 18:00,2024-09-22 23:59,여,50대,1175,655,162,24.73,13,8.02
79,100065,뮤직웨이브이벤트,🎁백현 컴백 EVENT!,2024-09-06 18:00,2024-09-22 23:59,여,60대이상,294,144,30,20.83,9,30.0
80,100065,뮤직웨이브이벤트,🎁BOYNEXTDOOR 컴백 EVENT!,2024-09-09 18:00,2024-09-22 00:00,남,10대이하,301,152,44,28.95,5,11.36
80,100065,뮤직웨이브이벤트,🎁BOYNEXTDOOR 컴백 EVENT!,2024-09-09 18:00,2024-09-22 00:00,남,20대,611,345,47,13.62,4,8.51
80,100065,뮤직웨이브이벤트,🎁BOYNEXTDOOR 컴백 EVENT!,2024-09-09 18:00,2024-09-22 00:00,남,30대,536,370,26,7.03,2,7.69
80,100065,뮤직웨이브이벤트,🎁BOYNEXTDOOR 컴백 EVENT!,2024-09-09 18:00,2024-09-22 00:00,남,40대,1391,683,157,22.99,9,5.73
80,100065,뮤직웨이브이벤트,🎁BOYNEXTDOOR 컴백 EVENT!,2024-09-09 18:00,2024-09-22 00:00,남,50대,1036,517,152,29.4,11,7.24
80,100065,뮤직웨이브이벤트,🎁BOYNEXTDOOR 컴백 EVENT!,2024-09-09 18:00,2024-09-22 00:00,남,60대이상,150,80,12,15.0,0,0.0
80,100065,뮤직웨이브이벤트,🎁BOYNEXTDOOR 컴백 EVENT!,2024-09-09 18:00,2024-09-22 00:00,여,10대이하,10593,4180,1935,46.29,257,13.28
80,100065,뮤직웨이브이벤트,🎁BOYNEXTDOOR 컴백 EVENT!,2024-09-09 18:00,2024-09-22 00:00,여,20대,7220,3302,1410,42.7,194,13.76
80,100065,뮤직웨이브이벤트,🎁BOYNEXTDOOR 컴백 EVENT!,2024-09-09 18:00,2024-09-22 00:00,여,30대,1202,717,132,18.41,14,10.61
80,100065,뮤직웨이브이벤트,🎁BOYNEXTDOOR 컴백 EVENT!,2024-09-09 18:00,2024-09-22 00:00,여,40대,3095,1461,401,27.45,27,6.73
80,100065,뮤직웨이브이벤트,🎁BOYNEXTDOOR 컴백 EVENT!,2024-09-09 18:00,2024-09-22 00:00,여,50대,1534,643,170,26.44,9,5.29
80,100065,뮤직웨이브이벤트,🎁BOYNEXTDOOR 컴백 EVENT!,2024-09-09 18:00,2024-09-22 00:00,여,60대이상,164,99,15,15.15,1,6.67
81,100065,뮤직웨이브이벤트,🎁키 컴백 기념 EVENT!,2024-09-23 18:00,2024-10-06 23:59,남,10대이하,220,144,16,11.11,1,6.25
81,100065,뮤직웨이브이벤트,🎁키 컴백 기념 EVENT!,2024-09-23 18:00,2024-10-06 23:59,남,20대,469,321,24,7.48,5,20.83
81,100065,뮤직웨이브이벤트,🎁키 컴백 기념 EVENT!,2024-09-23 18:00,2024-10-06 23:59,남,30대,593,348,23,6.61,5,21.74
81,100065,뮤직웨이브이벤트,🎁키 컴백 기념 EVENT!,2024-09-23 18:00,2024-10-06 23:59,남,40대,1003,498,43,8.63,4,9.3
81,100065,뮤직웨이브이벤트,🎁키 컴백 기념 EVENT!,2024-09-23 18:00,2024-10-06 23:59,남,50대,454,256,27,10.55,1,3.7
81,100065,뮤직웨이브이벤트,🎁키 컴백 기념 EVENT!,2024-09-23 18:00,2024-10-06 23:59,남,60대이상,330,82,4,4.88,2,50.0
81,100065,뮤직웨이브이벤트,🎁키 컴백 기념 EVENT!,2024-09-23 18:00,2024-10-06 23:59,여,10대이하,2573,582,141,24.23,25,17.73
81,100065,뮤직웨이브이벤트,🎁키 컴백 기념 EVENT!,2024-09-23 18:00,2024-10-06 23:59,여,20대,10804,2030,817,40.25,158,19.34
81,100065,뮤직웨이브이벤트,🎁키 컴백 기념 EVENT!,2024-09-23 18:00,2024-10-06 23:59,여,30대,12838,2001,757,37.83,158,20.87
81,100065,뮤직웨이브이벤트,🎁키 컴백 기념 EVENT!,2024-09-23 18:00,2024-10-06 23:59,여,40대,6118,1419,299,21.07,49,16.39
81,100065,뮤직웨이브이벤트,🎁키 컴백 기념 EVENT!,2024-09-23 18:00,2024-10-06 23:59,여,50대,1572,456,78,17.11,11,14.1
81,100065,뮤직웨이브이벤트,🎁키 컴백 기념 EVENT!,2024-09-23 18:00,2024-10-06 23:59,여,60대이상,437,106,13,12.26,2,15.38
82,100065,뮤직웨이브이벤트,🎁화사 컴백 EVENT!,2024-09-23 12:00,2024-09-29 23:59,남,10대이하,266,199,17,8.54,0,0.0
82,100065,뮤직웨이브이벤트,🎁화사 컴백 EVENT!,2024-09-23 12:00,2024-09-29 23:59,남,20대,534,389,26,6.68,0,0.0
82,100065,뮤직웨이브이벤트,🎁화사 컴백 EVENT!,2024-09-23 12:00,2024-09-29 23:59,남,30대,636,452,25,5.53,2,8.0
82,100065,뮤직웨이브이벤트,🎁화사 컴백 EVENT!,2024-09-23 12:00,2024-09-29 23:59,남,40대,739,505,27,5.35,0,0.0
82,100065,뮤직웨이브이벤트,🎁화사 컴백 EVENT!,2024-09-23 12:00,2024-09-29 23:59,남,50대,376,254,18,7.09,0,0.0
82,100065,뮤직웨이브이벤트,🎁화사 컴백 EVENT!,2024-09-23 12:00,2024-09-29 23:59,남,60대이상,118,71,7,9.86,0,0.0
82,100065,뮤직웨이브이벤트,🎁화사 컴백 EVENT!,2024-09-23 12:00,2024-09-29 23:59,여,10대이하,658,425,79,18.59,2,2.53
82,100065,뮤직웨이브이벤트,🎁화사 컴백 EVENT!,2024-09-23 12:00,2024-09-29 23:59,여,20대,1484,885,111,12.54,7,6.31
82,100065,뮤직웨이브이벤트,🎁화사 컴백 EVENT!,2024-09-23 12:00,2024-09-29 23:59,여,30대,1629,1070,88,8.22,2,2.27
82,100065,뮤직웨이브이벤트,🎁화사 컴백 EVENT!,2024-09-23 12:00,2024-09-29 23:59,여,40대,1692,1103,75,6.8,0,0.0
82,100065,뮤직웨이브이벤트,🎁화사 컴백 EVENT!,2024-09-23 12:00,2024-09-29 23:59,여,50대,570,400,25,6.25,1,4.0
82,100065,뮤직웨이브이벤트,🎁화사 컴백 EVENT!,2024-09-23 12:00,2024-09-29 23:59,여,60대이상,158,85,6,7.06,0,0.0
83,100065,뮤직웨이브이벤트,🎁연준 첫 솔로 앨범 기념 EVENT!,2024-09-19 18:00,2024-09-29 23:59,남,10대이하,449,260,60,23.08,2,3.33
83,100065,뮤직웨이브이벤트,🎁연준 첫 솔로 앨범 기념 EVENT!,2024-09-19 18:00,2024-09-29 23:59,남,20대,602,408,48,11.76,2,4.17
83,100065,뮤직웨이브이벤트,🎁연준 첫 솔로 앨범 기념 EVENT!,2024-09-19 18:00,2024-09-29 23:59,남,30대,688,430,49,11.4,2,4.08
83,100065,뮤직웨이브이벤트,🎁연준 첫 솔로 앨범 기념 EVENT!,2024-09-19 18:00,2024-09-29 23:59,남,40대,3419,1228,428,34.85,9,2.1
83,100065,뮤직웨이브이벤트,🎁연준 첫 솔로 앨범 기념 EVENT!,2024-09-19 18:00,2024-09-29 23:59,남,50대,1038,532,174,32.71,4,2.3
83,100065,뮤직웨이브이벤트,🎁연준 첫 솔로 앨범 기념 EVENT!,2024-09-19 18:00,2024-09-29 23:59,남,60대이상,193,96,19,19.79,2,10.53
83,100065,뮤직웨이브이벤트,🎁연준 첫 솔로 앨범 기념 EVENT!,2024-09-19 18:00,2024-09-29 23:59,여,10대이하,10873,3963,1855,46.81,229,12.35
83,100065,뮤직웨이브이벤트,🎁연준 첫 솔로 앨범 기념 EVENT!,2024-09-19 18:00,2024-09-29 23:59,여,20대,4870,2103,815,38.75,116,14.23
83,100065,뮤직웨이브이벤트,🎁연준 첫 솔로 앨범 기념 EVENT!,2024-09-19 18:00,2024-09-29 23:59,여,30대,3034,1286,389,30.25,36,9.25
83,100065,뮤직웨이브이벤트,🎁연준 첫 솔로 앨범 기념 EVENT!,2024-09-19 18:00,2024-09-29 23:59,여,40대,9614,3046,1157,37.98,53,4.58
83,100065,뮤직웨이브이벤트,🎁연준 첫 솔로 앨범 기념 EVENT!,2024-09-19 18:00,2024-09-29 23:59,여,50대,1821,717,239,33.33,13,5.44
83,100065,뮤직웨이브이벤트,🎁연준 첫 솔로 앨범 기념 EVENT!,2024-09-19 18:00,2024-09-29 23:59,여,60대이상,274,131,29,22.14,4,13.79
84,100065,뮤직웨이브이벤트,🎁QWER 컴백 기념 EVENT!,2024-09-30 12:00,2024-10-13 23:59,남,10대이하,5382,897,379,42.25,67,17.68
84,100065,뮤직웨이브이벤트,🎁QWER 컴백 기념 EVENT!,2024-09-30 12:00,2024-10-13 23:59,남,20대,4557,1509,513,34.0,74,14.42
84,100065,뮤직웨이브이벤트,🎁QWER 컴백 기념 EVENT!,2024-09-30 12:00,2024-10-13 23:59,남,30대,5452,1609,568,35.3,64,11.27
84,100065,뮤직웨이브이벤트,🎁QWER 컴백 기념 EVENT!,2024-09-30 12:00,2024-10-13 23:59,남,40대,4588,1436,462,32.17,44,9.52
84,100065,뮤직웨이브이벤트,🎁QWER 컴백 기념 EVENT!,2024-09-30 12:00,2024-10-13 23:59,남,50대,1527,509,106,20.83,13,12.26
84,100065,뮤직웨이브이벤트,🎁QWER 컴백 기념 EVENT!,2024-09-30 12:00,2024-10-13 23:59,남,60대이상,167,94,12,12.77,2,16.67
84,100065,뮤직웨이브이벤트,🎁QWER 컴백 기념 EVENT!,2024-09-30 12:00,2024-10-13 23:59,여,10대이하,1243,657,136,20.7,24,17.65
84,100065,뮤직웨이브이벤트,🎁QWER 컴백 기념 EVENT!,2024-09-30 12:00,2024-10-13 23:59,여,20대,1714,987,166,16.82,11,6.63
84,100065,뮤직웨이브이벤트,🎁QWER 컴백 기념 EVENT!,2024-09-30 12:00,2024-10-13 23:59,여,30대,1641,843,103,12.22,10,9.71
84,100065,뮤직웨이브이벤트,🎁QWER 컴백 기념 EVENT!,2024-09-30 12:00,2024-10-13 23:59,여,40대,3262,1409,273,19.38,12,4.4
84,100065,뮤직웨이브이벤트,🎁QWER 컴백 기념 EVENT!,2024-09-30 12:00,2024-10-13 23:59,여,50대,843,425,56,13.18,1,1.79
84,100065,뮤직웨이브이벤트,🎁QWER 컴백 기념 EVENT!,2024-09-30 12:00,2024-10-13 23:59,여,60대이상,133,86,12,13.95,0,0.0
85,100065,뮤직웨이브이벤트,🎁NCT WISH컴백 EVENT!,2024-09-30 12:00,2024-10-13 23:59,남,10대이하,295,169,38,22.49,9,23.68
85,100065,뮤직웨이브이벤트,🎁NCT WISH컴백 EVENT!,2024-09-30 12:00,2024-10-13 23:59,남,20대,470,335,34,10.15,2,5.88
85,100065,뮤직웨이브이벤트,🎁NCT WISH컴백 EVENT!,2024-09-30 12:00,2024-10-13 23:59,남,30대,481,357,25,7.0,1,4.0
85,100065,뮤직웨이브이벤트,🎁NCT WISH컴백 EVENT!,2024-09-30 12:00,2024-10-13 23:59,남,40대,1239,589,132,22.41,4,3.03
85,100065,뮤직웨이브이벤트,🎁NCT WISH컴백 EVENT!,2024-09-30 12:00,2024-10-13 23:59,남,50대,986,461,123,26.68,3,2.44
85,100065,뮤직웨이브이벤트,🎁NCT WISH컴백 EVENT!,2024-09-30 12:00,2024-10-13 23:59,남,60대이상,115,67,15,22.39,1,6.67
85,100065,뮤직웨이브이벤트,🎁NCT WISH컴백 EVENT!,2024-09-30 12:00,2024-10-13 23:59,여,10대이하,8638,3411,1526,44.74,136,8.91
85,100065,뮤직웨이브이벤트,🎁NCT WISH컴백 EVENT!,2024-09-30 12:00,2024-10-13 23:59,여,20대,10273,4259,1868,43.86,98,5.25
85,100065,뮤직웨이브이벤트,🎁NCT WISH컴백 EVENT!,2024-09-30 12:00,2024-10-13 23:59,여,30대,2934,1145,371,32.4,21,5.66
85,100065,뮤직웨이브이벤트,🎁NCT WISH컴백 EVENT!,2024-09-30 12:00,2024-10-13 23:59,여,40대,2880,1426,406,28.47,14,3.45
85,100065,뮤직웨이브이벤트,🎁NCT WISH컴백 EVENT!,2024-09-30 12:00,2024-10-13 23:59,여,50대,1228,643,174,27.06,3,1.72
85,100065,뮤직웨이브이벤트,🎁NCT WISH컴백 EVENT!,2024-09-30 12:00,2024-10-13 23:59,여,60대이상,216,100,20,20.0,1,5.0
86,100065,뮤직웨이브이벤트,🎁ITZY 컴백 기념 EVENT!,2024-10-15 18:00,2024-10-27 23:59,남,10대이하,553,315,77,24.44,6,7.79
86,100065,뮤직웨이브이벤트,🎁ITZY 컴백 기념 EVENT!,2024-10-15 18:00,2024-10-27 23:59,남,20대,1524,676,158,23.37,22,13.92
86,100065,뮤직웨이브이벤트,🎁ITZY 컴백 기념 EVENT!,2024-10-15 18:00,2024-10-27 23:59,남,30대,1053,518,107,20.66,7,6.54
86,100065,뮤직웨이브이벤트,🎁ITZY 컴백 기념 EVENT!,2024-10-15 18:00,2024-10-27 23:59,남,40대,770,514,65,12.65,4,6.15
86,100065,뮤직웨이브이벤트,🎁ITZY 컴백 기념 EVENT!,2024-10-15 18:00,2024-10-27 23:59,남,50대,366,219,32,14.61,0,0.0
86,100065,뮤직웨이브이벤트,🎁ITZY 컴백 기념 EVENT!,2024-10-15 18:00,2024-10-27 23:59,남,60대이상,89,56,6,10.71,1,16.67
86,100065,뮤직웨이브이벤트,🎁ITZY 컴백 기념 EVENT!,2024-10-15 18:00,2024-10-27 23:59,여,10대이하,824,532,133,25.0,20,15.04
86,100065,뮤직웨이브이벤트,🎁ITZY 컴백 기념 EVENT!,2024-10-15 18:00,2024-10-27 23:59,여,20대,1217,853,156,18.29,22,14.1
86,100065,뮤직웨이브이벤트,🎁ITZY 컴백 기념 EVENT!,2024-10-15 18:00,2024-10-27 23:59,여,30대,986,616,71,11.53,12,16.9
86,100065,뮤직웨이브이벤트,🎁ITZY 컴백 기념 EVENT!,2024-10-15 18:00,2024-10-27 23:59,여,40대,1165,812,92,11.33,3,3.26
86,100065,뮤직웨이브이벤트,🎁ITZY 컴백 기념 EVENT!,2024-10-15 18:00,2024-10-27 23:59,여,50대,440,277,33,11.91,3,9.09
86,100065,뮤직웨이브이벤트,🎁ITZY 컴백 기념 EVENT!,2024-10-15 18:00,2024-10-27 23:59,여,60대이상,167,101,3,2.97,0,0.0
88,100065,뮤직웨이브이벤트,🎁KISS OF LIFE 컴백 기념 EVENT!,2024-10-15 18:00,2024-10-27 23:59,남,10대이하,748,381,119,31.23,10,8.4
88,100065,뮤직웨이브이벤트,🎁KISS OF LIFE 컴백 기념 EVENT!,2024-10-15 18:00,2024-10-27 23:59,남,20대,798,501,101,20.16,8,7.92
88,100065,뮤직웨이브이벤트,🎁KISS OF LIFE 컴백 기념 EVENT!,2024-10-15 18:00,2024-10-27 23:59,남,30대,577,374,40,10.7,1,2.5
88,100065,뮤직웨이브이벤트,🎁KISS OF LIFE 컴백 기념 EVENT!,2024-10-15 18:00,2024-10-27 23:59,남,40대,1022,614,116,18.89,4,3.45
88,100065,뮤직웨이브이벤트,🎁KISS OF LIFE 컴백 기념 EVENT!,2024-10-15 18:00,2024-10-27 23:59,남,50대,482,302,70,23.18,1,1.43
88,100065,뮤직웨이브이벤트,🎁KISS OF LIFE 컴백 기념 EVENT!,2024-10-15 18:00,2024-10-27 23:59,남,60대이상,85,46,5,10.87,1,20.0
88,100065,뮤직웨이브이벤트,🎁KISS OF LIFE 컴백 기념 EVENT!,2024-10-15 18:00,2024-10-27 23:59,여,10대이하,1768,986,329,33.37,34,10.33
88,100065,뮤직웨이브이벤트,🎁KISS OF LIFE 컴백 기념 EVENT!,2024-10-15 18:00,2024-10-27 23:59,여,20대,1522,1093,241,22.05,21,8.71
88,100065,뮤직웨이브이벤트,🎁KISS OF LIFE 컴백 기념 EVENT!,2024-10-15 18:00,2024-10-27 23:59,여,30대,861,598,70,11.71,5,7.14
88,100065,뮤직웨이브이벤트,🎁KISS OF LIFE 컴백 기념 EVENT!,2024-10-15 18:00,2024-10-27 23:59,여,40대,1513,1064,196,18.42,6,3.06
88,100065,뮤직웨이브이벤트,🎁KISS OF LIFE 컴백 기념 EVENT!,2024-10-15 18:00,2024-10-27 23:59,여,50대,512,371,55,14.82,1,1.82
88,100065,뮤직웨이브이벤트,🎁KISS OF LIFE 컴백 기념 EVENT!,2024-10-15 18:00,2024-10-27 23:59,여,60대이상,143,92,9,9.78,0,0.0
89,100065,뮤직웨이브이벤트,🎁아일릿 컴백 기념 EVENT!,2024-10-21 18:00,2024-11-03 23:59,남,10대이하,632,289,108,37.37,23,21.3
89,100065,뮤직웨이브이벤트,🎁아일릿 컴백 기념 EVENT!,2024-10-21 18:00,2024-11-03 23:59,남,20대,948,461,141,30.59,26,18.44
89,100065,뮤직웨이브이벤트,🎁아일릿 컴백 기념 EVENT!,2024-10-21 18:00,2024-11-03 23:59,남,30대,687,366,77,21.04,10,12.99
89,100065,뮤직웨이브이벤트,🎁아일릿 컴백 기념 EVENT!,2024-10-21 18:00,2024-11-03 23:59,남,40대,797,383,67,17.49,2,2.99
89,100065,뮤직웨이브이벤트,🎁아일릿 컴백 기념 EVENT!,2024-10-21 18:00,2024-11-03 23:59,남,50대,356,213,33,15.49,0,0.0
89,100065,뮤직웨이브이벤트,🎁아일릿 컴백 기념 EVENT!,2024-10-21 18:00,2024-11-03 23:59,남,60대이상,81,55,4,7.27,0,0.0
89,100065,뮤직웨이브이벤트,🎁아일릿 컴백 기념 EVENT!,2024-10-21 18:00,2024-11-03 23:59,여,10대이하,817,486,166,34.16,29,17.47
89,100065,뮤직웨이브이벤트,🎁아일릿 컴백 기념 EVENT!,2024-10-21 18:00,2024-11-03 23:59,여,20대,1177,771,187,24.25,28,14.97
89,100065,뮤직웨이브이벤트,🎁아일릿 컴백 기념 EVENT!,2024-10-21 18:00,2024-11-03 23:59,여,30대,647,447,46,10.29,6,13.04
89,100065,뮤직웨이브이벤트,🎁아일릿 컴백 기념 EVENT!,2024-10-21 18:00,2024-11-03 23:59,여,40대,1080,697,103,14.78,4,3.88
89,100065,뮤직웨이브이벤트,🎁아일릿 컴백 기념 EVENT!,2024-10-21 18:00,2024-11-03 23:59,여,50대,430,263,39,14.83,3,7.69
89,100065,뮤직웨이브이벤트,🎁아일릿 컴백 기념 EVENT!,2024-10-21 18:00,2024-11-03 23:59,여,60대이상,121,81,8,9.88,1,12.5
90,100065,뮤직웨이브이벤트,🎁BABYMONSTER 컴백 기념 EVENT!,2024-11-01 13:00,2024-11-10 23:59,남,10대이하,643,399,84,21.05,9,10.71
90,100065,뮤직웨이브이벤트,🎁BABYMONSTER 컴백 기념 EVENT!,2024-11-01 13:00,2024-11-10 23:59,남,20대,895,577,122,21.14,9,7.38
90,100065,뮤직웨이브이벤트,🎁BABYMONSTER 컴백 기념 EVENT!,2024-11-01 13:00,2024-11-10 23:59,남,30대,821,493,65,13.18,5,7.69
90,100065,뮤직웨이브이벤트,🎁BABYMONSTER 컴백 기념 EVENT!,2024-11-01 13:00,2024-11-10 23:59,남,40대,1185,768,123,16.02,5,4.07
90,100065,뮤직웨이브이벤트,🎁BABYMONSTER 컴백 기념 EVENT!,2024-11-01 13:00,2024-11-10 23:59,남,50대,507,342,53,15.5,1,1.89
90,100065,뮤직웨이브이벤트,🎁BABYMONSTER 컴백 기념 EVENT!,2024-11-01 13:00,2024-11-10 23:59,남,60대이상,128,79,3,3.8,1,33.33
90,100065,뮤직웨이브이벤트,🎁BABYMONSTER 컴백 기념 EVENT!,2024-11-01 13:00,2024-11-10 23:59,여,10대이하,1424,952,230,24.16,31,13.48
90,100065,뮤직웨이브이벤트,🎁BABYMONSTER 컴백 기념 EVENT!,2024-11-01 13:00,2024-11-10 23:59,여,20대,1626,1124,229,20.37,25,10.92
90,100065,뮤직웨이브이벤트,🎁BABYMONSTER 컴백 기념 EVENT!,2024-11-01 13:00,2024-11-10 23:59,여,30대,1050,671,77,11.48,4,5.19
90,100065,뮤직웨이브이벤트,🎁BABYMONSTER 컴백 기념 EVENT!,2024-11-01 13:00,2024-11-10 23:59,여,40대,1875,1246,172,13.8,4,2.33
90,100065,뮤직웨이브이벤트,🎁BABYMONSTER 컴백 기념 EVENT!,2024-11-01 13:00,2024-11-10 23:59,여,50대,641,441,52,11.79,1,1.92
90,100065,뮤직웨이브이벤트,🎁BABYMONSTER 컴백 기념 EVENT!,2024-11-01 13:00,2024-11-10 23:59,여,60대이상,165,91,11,12.09,0,0.0
120,100065,뮤직웨이브이벤트,🎁민호 컴백 기념 EVENT!,2024-11-04 18:00,2024-11-17 23:59,남,10대이하,169,120,13,10.83,1,7.69
120,100065,뮤직웨이브이벤트,🎁민호 컴백 기념 EVENT!,2024-11-04 18:00,2024-11-17 23:59,남,20대,587,315,20,6.35,2,10.0
120,100065,뮤직웨이브이벤트,🎁민호 컴백 기념 EVENT!,2024-11-04 18:00,2024-11-17 23:59,남,30대,695,320,20,6.25,0,0.0
120,100065,뮤직웨이브이벤트,🎁민호 컴백 기념 EVENT!,2024-11-04 18:00,2024-11-17 23:59,남,40대,643,371,36,9.7,1,2.78
120,100065,뮤직웨이브이벤트,🎁민호 컴백 기념 EVENT!,2024-11-04 18:00,2024-11-17 23:59,남,50대,422,201,16,7.96,0,0.0
120,100065,뮤직웨이브이벤트,🎁민호 컴백 기념 EVENT!,2024-11-04 18:00,2024-11-17 23:59,남,60대이상,163,60,4,6.67,0,0.0
120,100065,뮤직웨이브이벤트,🎁민호 컴백 기념 EVENT!,2024-11-04 18:00,2024-11-17 23:59,여,10대이하,1366,452,95,21.02,8,8.42
120,100065,뮤직웨이브이벤트,🎁민호 컴백 기념 EVENT!,2024-11-04 18:00,2024-11-17 23:59,여,20대,8981,1570,529,33.69,78,14.74
120,100065,뮤직웨이브이벤트,🎁민호 컴백 기념 EVENT!,2024-11-04 18:00,2024-11-17 23:59,여,30대,11776,1583,507,32.03,78,15.38
120,100065,뮤직웨이브이벤트,🎁민호 컴백 기념 EVENT!,2024-11-04 18:00,2024-11-17 23:59,여,40대,5553,1106,228,20.61,16,7.02
120,100065,뮤직웨이브이벤트,🎁민호 컴백 기념 EVENT!,2024-11-04 18:00,2024-11-17 23:59,여,50대,1561,352,52,14.77,8,15.38
120,100065,뮤직웨이브이벤트,🎁민호 컴백 기념 EVENT!,2024-11-04 18:00,2024-11-17 23:59,여,60대이상,619,82,13,15.85,4,30.77
121,100065,뮤직웨이브이벤트,🎁도영 컴백 기념 EVENT!,2024-11-06 18:00,2024-11-17 23:59,남,10대이하,166,133,23,17.29,0,0.0
121,100065,뮤직웨이브이벤트,🎁도영 컴백 기념 EVENT!,2024-11-06 18:00,2024-11-17 23:59,남,20대,420,330,39,11.82,0,0.0
121,100065,뮤직웨이브이벤트,🎁도영 컴백 기념 EVENT!,2024-11-06 18:00,2024-11-17 23:59,남,30대,371,282,23,8.16,0,0.0
121,100065,뮤직웨이브이벤트,🎁도영 컴백 기념 EVENT!,2024-11-06 18:00,2024-11-17 23:59,남,40대,830,565,105,18.58,5,4.76
121,100065,뮤직웨이브이벤트,🎁도영 컴백 기념 EVENT!,2024-11-06 18:00,2024-11-17 23:59,남,50대,501,359,87,24.23,2,2.3
121,100065,뮤직웨이브이벤트,🎁도영 컴백 기념 EVENT!,2024-11-06 18:00,2024-11-17 23:59,남,60대이상,163,64,14,21.88,4,28.57
121,100065,뮤직웨이브이벤트,🎁도영 컴백 기념 EVENT!,2024-11-06 18:00,2024-11-17 23:59,여,10대이하,4436,2464,986,40.02,102,10.34
121,100065,뮤직웨이브이벤트,🎁도영 컴백 기념 EVENT!,2024-11-06 18:00,2024-11-17 23:59,여,20대,4703,2623,1042,39.73,109,10.46
121,100065,뮤직웨이브이벤트,🎁도영 컴백 기념 EVENT!,2024-11-06 18:00,2024-11-17 23:59,여,30대,2219,1228,365,29.72,27,7.4
121,100065,뮤직웨이브이벤트,🎁도영 컴백 기념 EVENT!,2024-11-06 18:00,2024-11-17 23:59,여,40대,2323,1407,357,25.37,9,2.52
121,100065,뮤직웨이브이벤트,🎁도영 컴백 기념 EVENT!,2024-11-06 18:00,2024-11-17 23:59,여,50대,778,484,122,25.21,3,2.46
121,100065,뮤직웨이브이벤트,🎁도영 컴백 기념 EVENT!,2024-11-06 18:00,2024-11-17 23:59,여,60대이상,192,114,21,18.42,2,9.52
122,100065,뮤직웨이브이벤트,🎁투모로우바이투게더 컴백 기념 EVENT!,2024-11-04 18:00,2024-11-17 23:59,남,10대이하,340,188,46,24.47,4,8.7
122,100065,뮤직웨이브이벤트,🎁투모로우바이투게더 컴백 기념 EVENT!,2024-11-04 18:00,2024-11-17 23:59,남,20대,370,278,39,14.03,6,15.38
122,100065,뮤직웨이브이벤트,🎁투모로우바이투게더 컴백 기념 EVENT!,2024-11-04 18:00,2024-11-17 23:59,남,30대,484,335,45,13.43,8,17.78
122,100065,뮤직웨이브이벤트,🎁투모로우바이투게더 컴백 기념 EVENT!,2024-11-04 18:00,2024-11-17 23:59,남,40대,1685,812,301,37.07,26,8.64
122,100065,뮤직웨이브이벤트,🎁투모로우바이투게더 컴백 기념 EVENT!,2024-11-04 18:00,2024-11-17 23:59,남,50대,876,387,133,34.37,12,9.02
122,100065,뮤직웨이브이벤트,🎁투모로우바이투게더 컴백 기념 EVENT!,2024-11-04 18:00,2024-11-17 23:59,남,60대이상,110,64,7,10.94,0,0.0
122,100065,뮤직웨이브이벤트,🎁투모로우바이투게더 컴백 기념 EVENT!,2024-11-04 18:00,2024-11-17 23:59,여,10대이하,6521,3053,1576,51.62,435,27.6
122,100065,뮤직웨이브이벤트,🎁투모로우바이투게더 컴백 기념 EVENT!,2024-11-04 18:00,2024-11-17 23:59,여,20대,3690,1688,734,43.48,159,21.66
122,100065,뮤직웨이브이벤트,🎁투모로우바이투게더 컴백 기념 EVENT!,2024-11-04 18:00,2024-11-17 23:59,여,30대,2015,945,348,36.83,62,17.82
122,100065,뮤직웨이브이벤트,🎁투모로우바이투게더 컴백 기념 EVENT!,2024-11-04 18:00,2024-11-17 23:59,여,40대,5250,2123,873,41.12,95,10.88
122,100065,뮤직웨이브이벤트,🎁투모로우바이투게더 컴백 기념 EVENT!,2024-11-04 18:00,2024-11-17 23:59,여,50대,1122,533,182,34.15,18,9.89
122,100065,뮤직웨이브이벤트,🎁투모로우바이투게더 컴백 기념 EVENT!,2024-11-04 18:00,2024-11-17 23:59,여,60대이상,209,103,24,23.3,1,4.17
123,100065,뮤직웨이브이벤트,🎁헤이즈 컴백 기념 EVENT!,2024-11-06 18:00,2024-11-17 23:59,남,10대이하,409,224,48,21.43,3,6.25
123,100065,뮤직웨이브이벤트,🎁헤이즈 컴백 기념 EVENT!,2024-11-06 18:00,2024-11-17 23:59,남,20대,1011,651,151,23.2,13,8.61
123,100065,뮤직웨이브이벤트,🎁헤이즈 컴백 기념 EVENT!,2024-11-06 18:00,2024-11-17 23:59,남,30대,1060,648,138,21.3,3,2.17
123,100065,뮤직웨이브이벤트,🎁헤이즈 컴백 기념 EVENT!,2024-11-06 18:00,2024-11-17 23:59,남,40대,772,491,83,16.9,4,4.82
123,100065,뮤직웨이브이벤트,🎁헤이즈 컴백 기념 EVENT!,2024-11-06 18:00,2024-11-17 23:59,남,50대,286,206,19,9.22,0,0.0
123,100065,뮤직웨이브이벤트,🎁헤이즈 컴백 기념 EVENT!,2024-11-06 18:00,2024-11-17 23:59,남,60대이상,94,63,12,19.05,1,8.33
123,100065,뮤직웨이브이벤트,🎁헤이즈 컴백 기념 EVENT!,2024-11-06 18:00,2024-11-17 23:59,여,10대이하,372,297,49,16.5,2,4.08
123,100065,뮤직웨이브이벤트,🎁헤이즈 컴백 기념 EVENT!,2024-11-06 18:00,2024-11-17 23:59,여,20대,929,709,106,14.95,10,9.43
123,100065,뮤직웨이브이벤트,🎁헤이즈 컴백 기념 EVENT!,2024-11-06 18:00,2024-11-17 23:59,여,30대,967,662,80,12.08,4,5.0
123,100065,뮤직웨이브이벤트,🎁헤이즈 컴백 기념 EVENT!,2024-11-06 18:00,2024-11-17 23:59,여,40대,945,686,74,10.79,0,0.0
123,100065,뮤직웨이브이벤트,🎁헤이즈 컴백 기념 EVENT!,2024-11-06 18:00,2024-11-17 23:59,여,50대,358,256,31,12.11,0,0.0
123,100065,뮤직웨이브이벤트,🎁헤이즈 컴백 기념 EVENT!,2024-11-06 18:00,2024-11-17 23:59,여,60대이상,178,90,7,7.78,3,42.86
124,100065,뮤직웨이브이벤트,🎁 엔하이픈 컴백 EVENT!,2024-11-12 12:00,2024-11-24 23:59,남,10대이하,136,92,15,16.3,3,20.0
124,100065,뮤직웨이브이벤트,🎁 엔하이픈 컴백 EVENT!,2024-11-12 12:00,2024-11-24 23:59,남,20대,293,264,19,7.2,0,0.0
124,100065,뮤직웨이브이벤트,🎁 엔하이픈 컴백 EVENT!,2024-11-12 12:00,2024-11-24 23:59,남,30대,383,276,24,8.7,0,0.0
124,100065,뮤직웨이브이벤트,🎁 엔하이픈 컴백 EVENT!,2024-11-12 12:00,2024-11-24 23:59,남,40대,610,362,64,17.68,3,4.69
124,100065,뮤직웨이브이벤트,🎁 엔하이픈 컴백 EVENT!,2024-11-12 12:00,2024-11-24 23:59,남,50대,536,224,58,25.89,3,5.17
124,100065,뮤직웨이브이벤트,🎁 엔하이픈 컴백 EVENT!,2024-11-12 12:00,2024-11-24 23:59,남,60대이상,91,52,9,17.31,1,11.11
124,100065,뮤직웨이브이벤트,🎁 엔하이픈 컴백 EVENT!,2024-11-12 12:00,2024-11-24 23:59,여,10대이하,2643,1266,559,44.15,44,7.87
124,100065,뮤직웨이브이벤트,🎁 엔하이픈 컴백 EVENT!,2024-11-12 12:00,2024-11-24 23:59,여,20대,3274,1527,626,41.0,64,10.22
124,100065,뮤직웨이브이벤트,🎁 엔하이픈 컴백 EVENT!,2024-11-12 12:00,2024-11-24 23:59,여,30대,1247,689,137,19.88,12,8.76
124,100065,뮤직웨이브이벤트,🎁 엔하이픈 컴백 EVENT!,2024-11-12 12:00,2024-11-24 23:59,여,40대,1827,978,244,24.95,14,5.74
124,100065,뮤직웨이브이벤트,🎁 엔하이픈 컴백 EVENT!,2024-11-12 12:00,2024-11-24 23:59,여,50대,730,382,108,28.27,3,2.78
124,100065,뮤직웨이브이벤트,🎁 엔하이픈 컴백 EVENT!,2024-11-12 12:00,2024-11-24 23:59,여,60대이상,129,74,12,16.22,0,0.0
125,100065,뮤직웨이브이벤트,🎁 IVE 안유진 ‘더 그레이트 OST’ EVENT!,2024-11-12 18:00,2024-11-18 18:00,남,10대이하,3233,1286,358,27.84,23,6.42
125,100065,뮤직웨이브이벤트,🎁 IVE 안유진 ‘더 그레이트 OST’ EVENT!,2024-11-12 18:00,2024-11-18 18:00,남,20대,3538,1836,437,23.8,12,2.75
125,100065,뮤직웨이브이벤트,🎁 IVE 안유진 ‘더 그레이트 OST’ EVENT!,2024-11-12 18:00,2024-11-18 18:00,남,30대,3248,1697,350,20.62,7,2.0
125,100065,뮤직웨이브이벤트,🎁 IVE 안유진 ‘더 그레이트 OST’ EVENT!,2024-11-12 18:00,2024-11-18 18:00,남,40대,4672,2334,563,24.12,6,1.07
125,100065,뮤직웨이브이벤트,🎁 IVE 안유진 ‘더 그레이트 OST’ EVENT!,2024-11-12 18:00,2024-11-18 18:00,남,50대,1514,918,113,12.31,2,1.77
125,100065,뮤직웨이브이벤트,🎁 IVE 안유진 ‘더 그레이트 OST’ EVENT!,2024-11-12 18:00,2024-11-18 18:00,남,60대이상,372,224,17,7.59,0,0.0
125,100065,뮤직웨이브이벤트,🎁 IVE 안유진 ‘더 그레이트 OST’ EVENT!,2024-11-12 18:00,2024-11-18 18:00,여,10대이하,3157,1803,378,20.97,17,4.5
125,100065,뮤직웨이브이벤트,🎁 IVE 안유진 ‘더 그레이트 OST’ EVENT!,2024-11-12 18:00,2024-11-18 18:00,여,20대,3274,2232,296,13.26,8,2.7
125,100065,뮤직웨이브이벤트,🎁 IVE 안유진 ‘더 그레이트 OST’ EVENT!,2024-11-12 18:00,2024-11-18 18:00,여,30대,3278,2114,298,14.1,6,2.01
125,100065,뮤직웨이브이벤트,🎁 IVE 안유진 ‘더 그레이트 OST’ EVENT!,2024-11-12 18:00,2024-11-18 18:00,여,40대,6949,3645,754,20.69,11,1.46
125,100065,뮤직웨이브이벤트,🎁 IVE 안유진 ‘더 그레이트 OST’ EVENT!,2024-11-12 18:00,2024-11-18 18:00,여,50대,1726,1058,99,9.36,0,0.0
125,100065,뮤직웨이브이벤트,🎁 IVE 안유진 ‘더 그레이트 OST’ EVENT!,2024-11-12 18:00,2024-11-18 18:00,여,60대이상,483,280,18,6.43,0,0.0
126,100065,뮤직웨이브이벤트,🎁 영화 '히든페이스' 개봉 기념 EVENT!,2024-11-12 18:00,2024-11-24 23:59,남,10대이하,140,120,8,6.67,0,0.0
126,100065,뮤직웨이브이벤트,🎁 영화 '히든페이스' 개봉 기념 EVENT!,2024-11-12 18:00,2024-11-24 23:59,남,20대,558,443,61,13.77,1,1.64
126,100065,뮤직웨이브이벤트,🎁 영화 '히든페이스' 개봉 기념 EVENT!,2024-11-12 18:00,2024-11-24 23:59,남,30대,821,556,91,16.37,2,2.2
126,100065,뮤직웨이브이벤트,🎁 영화 '히든페이스' 개봉 기념 EVENT!,2024-11-12 18:00,2024-11-24 23:59,남,40대,565,379,28,7.39,1,3.57
126,100065,뮤직웨이브이벤트,🎁 영화 '히든페이스' 개봉 기념 EVENT!,2024-11-12 18:00,2024-11-24 23:59,남,50대,199,152,2,1.32,0,0.0
126,100065,뮤직웨이브이벤트,🎁 영화 '히든페이스' 개봉 기념 EVENT!,2024-11-12 18:00,2024-11-24 23:59,남,60대이상,99,55,2,3.64,0,0.0
126,100065,뮤직웨이브이벤트,🎁 영화 '히든페이스' 개봉 기념 EVENT!,2024-11-12 18:00,2024-11-24 23:59,여,10대이하,260,220,9,4.09,2,22.22
126,100065,뮤직웨이브이벤트,🎁 영화 '히든페이스' 개봉 기념 EVENT!,2024-11-12 18:00,2024-11-24 23:59,여,20대,1049,841,102,12.13,4,3.92
126,100065,뮤직웨이브이벤트,🎁 영화 '히든페이스' 개봉 기념 EVENT!,2024-11-12 18:00,2024-11-24 23:59,여,30대,1744,1260,123,9.76,3,2.44
126,100065,뮤직웨이브이벤트,🎁 영화 '히든페이스' 개봉 기념 EVENT!,2024-11-12 18:00,2024-11-24 23:59,여,40대,2180,1564,88,5.63,5,5.68
126,100065,뮤직웨이브이벤트,🎁 영화 '히든페이스' 개봉 기념 EVENT!,2024-11-12 18:00,2024-11-24 23:59,여,50대,556,397,17,4.28,0,0.0
126,100065,뮤직웨이브이벤트,🎁 영화 '히든페이스' 개봉 기념 EVENT!,2024-11-12 18:00,2024-11-24 23:59,여,60대이상,146,105,5,4.76,1,20.0
131,100065,뮤직웨이브이벤트,🎁 다비치 컴백 기념 EVENT!,2024-11-20 13:00,2024-12-01 23:59,남,10대이하,253,189,24,12.7,2,8.33
131,100065,뮤직웨이브이벤트,🎁 다비치 컴백 기념 EVENT!,2024-11-20 13:00,2024-12-01 23:59,남,20대,899,601,104,17.3,5,4.81
131,100065,뮤직웨이브이벤트,🎁 다비치 컴백 기념 EVENT!,2024-11-20 13:00,2024-12-01 23:59,남,30대,1927,990,202,20.4,8,3.96
131,100065,뮤직웨이브이벤트,🎁 다비치 컴백 기념 EVENT!,2024-11-20 13:00,2024-12-01 23:59,남,40대,1213,697,98,14.06,1,1.02
131,100065,뮤직웨이브이벤트,🎁 다비치 컴백 기념 EVENT!,2024-11-20 13:00,2024-12-01 23:59,남,50대,390,254,18,7.09,1,5.56
131,100065,뮤직웨이브이벤트,🎁 다비치 컴백 기념 EVENT!,2024-11-20 13:00,2024-12-01 23:59,남,60대이상,118,78,10,12.82,0,0.0
131,100065,뮤직웨이브이벤트,🎁 다비치 컴백 기념 EVENT!,2024-11-20 13:00,2024-12-01 23:59,여,10대이하,370,260,32,12.31,2,6.25
131,100065,뮤직웨이브이벤트,🎁 다비치 컴백 기념 EVENT!,2024-11-20 13:00,2024-12-01 23:59,여,20대,1737,1072,173,16.14,17,9.83
131,100065,뮤직웨이브이벤트,🎁 다비치 컴백 기념 EVENT!,2024-11-20 13:00,2024-12-01 23:59,여,30대,2009,1339,192,14.34,14,7.29
131,100065,뮤직웨이브이벤트,🎁 다비치 컴백 기념 EVENT!,2024-11-20 13:00,2024-12-01 23:59,여,40대,1341,940,84,8.94,4,4.76
131,100065,뮤직웨이브이벤트,🎁 다비치 컴백 기념 EVENT!,2024-11-20 13:00,2024-12-01 23:59,여,50대,489,349,39,11.17,1,2.56
131,100065,뮤직웨이브이벤트,🎁 다비치 컴백 기념 EVENT!,2024-11-20 13:00,2024-12-01 23:59,여,60대이상,179,121,7,5.79,1,14.29
133,100065,뮤직웨이브이벤트,🎁 규현 컴백 기념 EVENT!,2024-11-27 17:00,2024-12-09 23:59,남,10대이하,148,97,9,9.28,0,0.0
133,100065,뮤직웨이브이벤트,🎁 규현 컴백 기념 EVENT!,2024-11-27 17:00,2024-12-09 23:59,남,20대,316,248,11,4.44,1,9.09
133,100065,뮤직웨이브이벤트,🎁 규현 컴백 기념 EVENT!,2024-11-27 17:00,2024-12-09 23:59,남,30대,399,262,18,6.87,0,0.0
133,100065,뮤직웨이브이벤트,🎁 규현 컴백 기념 EVENT!,2024-11-27 17:00,2024-12-09 23:59,남,40대,465,307,19,6.19,0,0.0
133,100065,뮤직웨이브이벤트,🎁 규현 컴백 기념 EVENT!,2024-11-27 17:00,2024-12-09 23:59,남,50대,238,158,16,10.13,0,0.0
133,100065,뮤직웨이브이벤트,🎁 규현 컴백 기념 EVENT!,2024-11-27 17:00,2024-12-09 23:59,남,60대이상,54,39,4,10.26,0,0.0
133,100065,뮤직웨이브이벤트,🎁 규현 컴백 기념 EVENT!,2024-11-27 17:00,2024-12-09 23:59,여,10대이하,737,339,74,21.83,16,21.62
133,100065,뮤직웨이브이벤트,🎁 규현 컴백 기념 EVENT!,2024-11-27 17:00,2024-12-09 23:59,여,20대,1574,772,152,19.69,22,14.47
133,100065,뮤직웨이브이벤트,🎁 규현 컴백 기념 EVENT!,2024-11-27 17:00,2024-12-09 23:59,여,30대,1990,826,167,20.22,21,12.57
133,100065,뮤직웨이브이벤트,🎁 규현 컴백 기념 EVENT!,2024-11-27 17:00,2024-12-09 23:59,여,40대,1304,741,93,12.55,9,9.68
133,100065,뮤직웨이브이벤트,🎁 규현 컴백 기념 EVENT!,2024-11-27 17:00,2024-12-09 23:59,여,50대,746,311,38,12.22,4,10.53
133,100065,뮤직웨이브이벤트,🎁 규현 컴백 기념 EVENT!,2024-11-27 17:00,2024-12-09 23:59,여,60대이상,176,96,10,10.42,1,10.0
134,100065,뮤직웨이브이벤트,🎁 WayV 컴백 EVENT!,2024-11-25 18:00,2024-12-08 23:59,남,10대이하,143,130,1,0.77,0,0.0
134,100065,뮤직웨이브이벤트,🎁 WayV 컴백 EVENT!,2024-11-25 18:00,2024-12-08 23:59,남,20대,449,418,4,0.96,0,0.0
134,100065,뮤직웨이브이벤트,🎁 WayV 컴백 EVENT!,2024-11-25 18:00,2024-12-08 23:59,남,30대,670,431,14,3.25,1,7.14
134,100065,뮤직웨이브이벤트,🎁 WayV 컴백 EVENT!,2024-11-25 18:00,2024-12-08 23:59,남,40대,587,459,13,2.83,0,0.0
134,100065,뮤직웨이브이벤트,🎁 WayV 컴백 EVENT!,2024-11-25 18:00,2024-12-08 23:59,남,50대,306,220,9,4.09,0,0.0
134,100065,뮤직웨이브이벤트,🎁 WayV 컴백 EVENT!,2024-11-25 18:00,2024-12-08 23:59,남,60대이상,133,66,1,1.52,0,0.0
134,100065,뮤직웨이브이벤트,🎁 WayV 컴백 EVENT!,2024-11-25 18:00,2024-12-08 23:59,여,10대이하,771,613,58,9.46,7,12.07
134,100065,뮤직웨이브이벤트,🎁 WayV 컴백 EVENT!,2024-11-25 18:00,2024-12-08 23:59,여,20대,1353,958,92,9.6,20,21.74
134,100065,뮤직웨이브이벤트,🎁 WayV 컴백 EVENT!,2024-11-25 18:00,2024-12-08 23:59,여,30대,1120,843,58,6.88,24,41.38
134,100065,뮤직웨이브이벤트,🎁 WayV 컴백 EVENT!,2024-11-25 18:00,2024-12-08 23:59,여,40대,1217,921,41,4.45,6,14.63
134,100065,뮤직웨이브이벤트,🎁 WayV 컴백 EVENT!,2024-11-25 18:00,2024-12-08 23:59,여,50대,509,393,8,2.04,0,0.0
134,100065,뮤직웨이브이벤트,🎁 WayV 컴백 EVENT!,2024-11-25 18:00,2024-12-08 23:59,여,60대이상,216,139,4,2.88,1,25.0
135,100065,뮤직웨이브이벤트,🎁 TWS (투어스) 컴백 EVENT!,2024-11-25 18:00,2024-12-08 23:59,남,10대이하,360,220,44,20.0,7,15.91
135,100065,뮤직웨이브이벤트,🎁 TWS (투어스) 컴백 EVENT!,2024-11-25 18:00,2024-12-08 23:59,남,20대,577,384,67,17.45,6,8.96
135,100065,뮤직웨이브이벤트,🎁 TWS (투어스) 컴백 EVENT!,2024-11-25 18:00,2024-12-08 23:59,남,30대,514,328,52,15.85,5,9.62
135,100065,뮤직웨이브이벤트,🎁 TWS (투어스) 컴백 EVENT!,2024-11-25 18:00,2024-12-08 23:59,남,40대,993,576,91,15.8,4,4.4
135,100065,뮤직웨이브이벤트,🎁 TWS (투어스) 컴백 EVENT!,2024-11-25 18:00,2024-12-08 23:59,남,50대,461,259,46,17.76,2,4.35
135,100065,뮤직웨이브이벤트,🎁 TWS (투어스) 컴백 EVENT!,2024-11-25 18:00,2024-12-08 23:59,남,60대이상,157,72,8,11.11,0,0.0
135,100065,뮤직웨이브이벤트,🎁 TWS (투어스) 컴백 EVENT!,2024-11-25 18:00,2024-12-08 23:59,여,10대이하,3349,1500,500,33.33,78,15.6
135,100065,뮤직웨이브이벤트,🎁 TWS (투어스) 컴백 EVENT!,2024-11-25 18:00,2024-12-08 23:59,여,20대,3557,1647,593,36.0,66,11.13
135,100065,뮤직웨이브이벤트,🎁 TWS (투어스) 컴백 EVENT!,2024-11-25 18:00,2024-12-08 23:59,여,30대,2594,1134,353,31.13,25,7.08
135,100065,뮤직웨이브이벤트,🎁 TWS (투어스) 컴백 EVENT!,2024-11-25 18:00,2024-12-08 23:59,여,40대,3012,1569,353,22.5,17,4.82
135,100065,뮤직웨이브이벤트,🎁 TWS (투어스) 컴백 EVENT!,2024-11-25 18:00,2024-12-08 23:59,여,50대,918,475,90,18.95,6,6.67
135,100065,뮤직웨이브이벤트,🎁 TWS (투어스) 컴백 EVENT!,2024-11-25 18:00,2024-12-08 23:59,여,60대이상,183,110,9,8.18,1,11.11
136,100065,뮤직웨이브이벤트,🎁 izna (이즈나) 데뷔 EVENT!,2024-11-25 18:00,2024-12-08 00:00,남,10대이하,501,285,33,11.58,3,9.09
136,100065,뮤직웨이브이벤트,🎁 izna (이즈나) 데뷔 EVENT!,2024-11-25 18:00,2024-12-08 00:00,남,20대,979,447,62,13.87,6,9.68
136,100065,뮤직웨이브이벤트,🎁 izna (이즈나) 데뷔 EVENT!,2024-11-25 18:00,2024-12-08 00:00,남,30대,793,469,61,13.01,8,13.11
136,100065,뮤직웨이브이벤트,🎁 izna (이즈나) 데뷔 EVENT!,2024-11-25 18:00,2024-12-08 00:00,남,40대,1307,716,94,13.13,2,2.13
136,100065,뮤직웨이브이벤트,🎁 izna (이즈나) 데뷔 EVENT!,2024-11-25 18:00,2024-12-08 00:00,남,50대,563,326,40,12.27,5,12.5
136,100065,뮤직웨이브이벤트,🎁 izna (이즈나) 데뷔 EVENT!,2024-11-25 18:00,2024-12-08 00:00,남,60대이상,100,65,5,7.69,1,20.0
136,100065,뮤직웨이브이벤트,🎁 izna (이즈나) 데뷔 EVENT!,2024-11-25 18:00,2024-12-08 00:00,여,10대이하,1479,847,163,19.24,27,16.56
136,100065,뮤직웨이브이벤트,🎁 izna (이즈나) 데뷔 EVENT!,2024-11-25 18:00,2024-12-08 00:00,여,20대,1650,994,172,17.3,26,15.12
136,100065,뮤직웨이브이벤트,🎁 izna (이즈나) 데뷔 EVENT!,2024-11-25 18:00,2024-12-08 00:00,여,30대,1116,605,59,9.75,5,8.47
136,100065,뮤직웨이브이벤트,🎁 izna (이즈나) 데뷔 EVENT!,2024-11-25 18:00,2024-12-08 00:00,여,40대,2148,1211,208,17.18,14,6.73
136,100065,뮤직웨이브이벤트,🎁 izna (이즈나) 데뷔 EVENT!,2024-11-25 18:00,2024-12-08 00:00,여,50대,508,321,39,12.15,6,15.38
136,100065,뮤직웨이브이벤트,🎁 izna (이즈나) 데뷔 EVENT!,2024-11-25 18:00,2024-12-08 00:00,여,60대이상,139,99,6,6.06,0,0.0
137,100065,뮤직웨이브이벤트,🎁디에잇(SEVENTEEN) 뮤직웨이브 EVENT,2024-12-04 11:00,2024-12-15 23:59,남,10대이하,232,177,17,9.6,0,0.0
137,100065,뮤직웨이브이벤트,🎁디에잇(SEVENTEEN) 뮤직웨이브 EVENT,2024-12-04 11:00,2024-12-15 23:59,남,20대,379,293,30,10.24,1,3.33
137,100065,뮤직웨이브이벤트,🎁디에잇(SEVENTEEN) 뮤직웨이브 EVENT,2024-12-04 11:00,2024-12-15 23:59,남,30대,751,423,89,21.04,7,7.87
137,100065,뮤직웨이브이벤트,🎁디에잇(SEVENTEEN) 뮤직웨이브 EVENT,2024-12-04 11:00,2024-12-15 23:59,남,40대,1319,776,164,21.13,6,3.66
137,100065,뮤직웨이브이벤트,🎁디에잇(SEVENTEEN) 뮤직웨이브 EVENT,2024-12-04 11:00,2024-12-15 23:59,남,50대,717,439,94,21.41,2,2.13
137,100065,뮤직웨이브이벤트,🎁디에잇(SEVENTEEN) 뮤직웨이브 EVENT,2024-12-04 11:00,2024-12-15 23:59,남,60대이상,158,99,17,17.17,0,0.0
137,100065,뮤직웨이브이벤트,🎁디에잇(SEVENTEEN) 뮤직웨이브 EVENT,2024-12-04 11:00,2024-12-15 23:59,여,10대이하,4384,2314,678,29.3,57,8.41
137,100065,뮤직웨이브이벤트,🎁디에잇(SEVENTEEN) 뮤직웨이브 EVENT,2024-12-04 11:00,2024-12-15 23:59,여,20대,3532,1980,542,27.37,32,5.9
137,100065,뮤직웨이브이벤트,🎁디에잇(SEVENTEEN) 뮤직웨이브 EVENT,2024-12-04 11:00,2024-12-15 23:59,여,30대,2673,1439,421,29.26,14,3.33
137,100065,뮤직웨이브이벤트,🎁디에잇(SEVENTEEN) 뮤직웨이브 EVENT,2024-12-04 11:00,2024-12-15 23:59,여,40대,3021,1801,381,21.15,9,2.36
137,100065,뮤직웨이브이벤트,🎁디에잇(SEVENTEEN) 뮤직웨이브 EVENT,2024-12-04 11:00,2024-12-15 23:59,여,50대,828,509,84,16.5,4,4.76
137,100065,뮤직웨이브이벤트,🎁디에잇(SEVENTEEN) 뮤직웨이브 EVENT,2024-12-04 11:00,2024-12-15 23:59,여,60대이상,179,118,22,18.64,2,9.09
138,100065,뮤직웨이브이벤트,🎁CRAVITY 뮤직웨이브 EVENT,2024-12-05 18:00,2024-12-18 23:59,남,10대이하,127,112,7,6.25,1,14.29
138,100065,뮤직웨이브이벤트,🎁CRAVITY 뮤직웨이브 EVENT,2024-12-05 18:00,2024-12-18 23:59,남,20대,372,325,12,3.69,1,8.33
138,100065,뮤직웨이브이벤트,🎁CRAVITY 뮤직웨이브 EVENT,2024-12-05 18:00,2024-12-18 23:59,남,30대,525,389,19,4.88,1,5.26
138,100065,뮤직웨이브이벤트,🎁CRAVITY 뮤직웨이브 EVENT,2024-12-05 18:00,2024-12-18 23:59,남,40대,869,434,46,10.6,4,8.7
138,100065,뮤직웨이브이벤트,🎁CRAVITY 뮤직웨이브 EVENT,2024-12-05 18:00,2024-12-18 23:59,남,50대,357,222,24,10.81,2,8.33
138,100065,뮤직웨이브이벤트,🎁CRAVITY 뮤직웨이브 EVENT,2024-12-05 18:00,2024-12-18 23:59,남,60대이상,79,53,1,1.89,1,100.0
138,100065,뮤직웨이브이벤트,🎁CRAVITY 뮤직웨이브 EVENT,2024-12-05 18:00,2024-12-18 23:59,여,10대이하,3388,1076,378,35.13,98,25.93
138,100065,뮤직웨이브이벤트,🎁CRAVITY 뮤직웨이브 EVENT,2024-12-05 18:00,2024-12-18 23:59,여,20대,3351,1447,432,29.85,80,18.52
138,100065,뮤직웨이브이벤트,🎁CRAVITY 뮤직웨이브 EVENT,2024-12-05 18:00,2024-12-18 23:59,여,30대,1893,914,124,13.57,18,14.52
138,100065,뮤직웨이브이벤트,🎁CRAVITY 뮤직웨이브 EVENT,2024-12-05 18:00,2024-12-18 23:59,여,40대,1924,978,145,14.83,12,8.28
138,100065,뮤직웨이브이벤트,🎁CRAVITY 뮤직웨이브 EVENT,2024-12-05 18:00,2024-12-18 23:59,여,50대,610,378,44,11.64,3,6.82
138,100065,뮤직웨이브이벤트,🎁CRAVITY 뮤직웨이브 EVENT,2024-12-05 18:00,2024-12-18 23:59,여,60대이상,274,115,6,5.22,0,0.0
139,100065,뮤직웨이브이벤트,🎁RAP:PUBLIC 뮤직웨이브 EVENT,2024-12-09 12:00,2024-12-15 23:59,남,10대이하,650,337,72,21.36,9,12.5
139,100065,뮤직웨이브이벤트,🎁RAP:PUBLIC 뮤직웨이브 EVENT,2024-12-09 12:00,2024-12-15 23:59,남,20대,791,561,69,12.3,4,5.8
139,100065,뮤직웨이브이벤트,🎁RAP:PUBLIC 뮤직웨이브 EVENT,2024-12-09 12:00,2024-12-15 23:59,남,30대,519,339,39,11.5,0,0.0
139,100065,뮤직웨이브이벤트,🎁RAP:PUBLIC 뮤직웨이브 EVENT,2024-12-09 12:00,2024-12-15 23:59,남,40대,504,320,55,17.19,0,0.0
139,100065,뮤직웨이브이벤트,🎁RAP:PUBLIC 뮤직웨이브 EVENT,2024-12-09 12:00,2024-12-15 23:59,남,50대,342,213,38,17.84,2,5.26
139,100065,뮤직웨이브이벤트,🎁RAP:PUBLIC 뮤직웨이브 EVENT,2024-12-09 12:00,2024-12-15 23:59,남,60대이상,65,42,1,2.38,0,0.0
139,100065,뮤직웨이브이벤트,🎁RAP:PUBLIC 뮤직웨이브 EVENT,2024-12-09 12:00,2024-12-15 23:59,여,10대이하,1601,649,206,31.74,32,15.53
139,100065,뮤직웨이브이벤트,🎁RAP:PUBLIC 뮤직웨이브 EVENT,2024-12-09 12:00,2024-12-15 23:59,여,20대,751,524,85,16.22,11,12.94
139,100065,뮤직웨이브이벤트,🎁RAP:PUBLIC 뮤직웨이브 EVENT,2024-12-09 12:00,2024-12-15 23:59,여,30대,550,400,45,11.25,3,6.67
139,100065,뮤직웨이브이벤트,🎁RAP:PUBLIC 뮤직웨이브 EVENT,2024-12-09 12:00,2024-12-15 23:59,여,40대,1222,720,128,17.78,7,5.47
139,100065,뮤직웨이브이벤트,🎁RAP:PUBLIC 뮤직웨이브 EVENT,2024-12-09 12:00,2024-12-15 23:59,여,50대,505,302,55,18.21,3,5.45
139,100065,뮤직웨이브이벤트,🎁RAP:PUBLIC 뮤직웨이브 EVENT,2024-12-09 12:00,2024-12-15 23:59,여,60대이상,97,71,9,12.68,0,0.0
140,100065,뮤직웨이브이벤트,🎁 tripleS 김유연 수능상담 뮤직웨이브 EVENT,2024-12-06 00:00,2024-12-15 23:59,남,10대이하,1777,965,133,13.78,18,13.53
140,100065,뮤직웨이브이벤트,🎁 tripleS 김유연 수능상담 뮤직웨이브 EVENT,2024-12-06 00:00,2024-12-15 23:59,남,20대,1774,1151,116,10.08,7,6.03
140,100065,뮤직웨이브이벤트,🎁 tripleS 김유연 수능상담 뮤직웨이브 EVENT,2024-12-06 00:00,2024-12-15 23:59,남,30대,781,520,37,7.12,0,0.0
140,100065,뮤직웨이브이벤트,🎁 tripleS 김유연 수능상담 뮤직웨이브 EVENT,2024-12-06 00:00,2024-12-15 23:59,남,40대,1196,832,58,6.97,3,5.17
140,100065,뮤직웨이브이벤트,🎁 tripleS 김유연 수능상담 뮤직웨이브 EVENT,2024-12-06 00:00,2024-12-15 23:59,남,50대,602,489,23,4.7,1,4.35
140,100065,뮤직웨이브이벤트,🎁 tripleS 김유연 수능상담 뮤직웨이브 EVENT,2024-12-06 00:00,2024-12-15 23:59,남,60대이상,89,74,3,4.05,0,0.0
140,100065,뮤직웨이브이벤트,🎁 tripleS 김유연 수능상담 뮤직웨이브 EVENT,2024-12-06 00:00,2024-12-15 23:59,여,10대이하,2313,1788,149,8.33,18,12.08
140,100065,뮤직웨이브이벤트,🎁 tripleS 김유연 수능상담 뮤직웨이브 EVENT,2024-12-06 00:00,2024-12-15 23:59,여,20대,1681,1394,59,4.23,5,8.47
140,100065,뮤직웨이브이벤트,🎁 tripleS 김유연 수능상담 뮤직웨이브 EVENT,2024-12-06 00:00,2024-12-15 23:59,여,30대,795,636,23,3.62,1,4.35
140,100065,뮤직웨이브이벤트,🎁 tripleS 김유연 수능상담 뮤직웨이브 EVENT,2024-12-06 00:00,2024-12-15 23:59,여,40대,2345,1744,102,5.85,4,3.92
140,100065,뮤직웨이브이벤트,🎁 tripleS 김유연 수능상담 뮤직웨이브 EVENT,2024-12-06 00:00,2024-12-15 23:59,여,50대,818,621,29,4.67,0,0.0
140,100065,뮤직웨이브이벤트,🎁 tripleS 김유연 수능상담 뮤직웨이브 EVENT,2024-12-06 00:00,2024-12-15 23:59,여,60대이상,165,110,3,2.73,0,0.0
142,100065,뮤직웨이브이벤트,🎁 TREASURE (트레저) 뮤직웨이브 EVENT,2024-12-11 18:00,2024-12-24 23:59,남,10대이하,103,87,6,6.9,1,16.67
142,100065,뮤직웨이브이벤트,🎁 TREASURE (트레저) 뮤직웨이브 EVENT,2024-12-11 18:00,2024-12-24 23:59,남,20대,305,257,12,4.67,1,8.33
142,100065,뮤직웨이브이벤트,🎁 TREASURE (트레저) 뮤직웨이브 EVENT,2024-12-11 18:00,2024-12-24 23:59,남,30대,338,217,23,10.6,0,0.0
142,100065,뮤직웨이브이벤트,🎁 TREASURE (트레저) 뮤직웨이브 EVENT,2024-12-11 18:00,2024-12-24 23:59,남,40대,357,259,20,7.72,1,5.0
142,100065,뮤직웨이브이벤트,🎁 TREASURE (트레저) 뮤직웨이브 EVENT,2024-12-11 18:00,2024-12-24 23:59,남,50대,331,166,26,15.66,0,0.0
142,100065,뮤직웨이브이벤트,🎁 TREASURE (트레저) 뮤직웨이브 EVENT,2024-12-11 18:00,2024-12-24 23:59,남,60대이상,43,31,,,,
142,100065,뮤직웨이브이벤트,🎁 TREASURE (트레저) 뮤직웨이브 EVENT,2024-12-11 18:00,2024-12-24 23:59,여,10대이하,1615,703,238,33.85,25,10.5
142,100065,뮤직웨이브이벤트,🎁 TREASURE (트레저) 뮤직웨이브 EVENT,2024-12-11 18:00,2024-12-24 23:59,여,20대,2566,1045,318,30.43,28,8.81
142,100065,뮤직웨이브이벤트,🎁 TREASURE (트레저) 뮤직웨이브 EVENT,2024-12-11 18:00,2024-12-24 23:59,여,30대,872,450,48,10.67,1,2.08
142,100065,뮤직웨이브이벤트,🎁 TREASURE (트레저) 뮤직웨이브 EVENT,2024-12-11 18:00,2024-12-24 23:59,여,40대,1068,596,99,16.61,8,8.08
142,100065,뮤직웨이브이벤트,🎁 TREASURE (트레저) 뮤직웨이브 EVENT,2024-12-11 18:00,2024-12-24 23:59,여,50대,376,243,50,20.58,2,4.0
142,100065,뮤직웨이브이벤트,🎁 TREASURE (트레저) 뮤직웨이브 EVENT,2024-12-11 18:00,2024-12-24 23:59,여,60대이상,92,61,4,6.56,0,0.0
143,100065,뮤직웨이브이벤트,🎁 TWICE(트와이스) 뮤직웨이브 EVENT,2024-12-12 12:00,2024-12-22 23:59,남,10대이하,681,348,61,17.53,6,9.84
143,100065,뮤직웨이브이벤트,🎁 TWICE(트와이스) 뮤직웨이브 EVENT,2024-12-12 12:00,2024-12-22 23:59,남,20대,1346,754,148,19.63,13,8.78
143,100065,뮤직웨이브이벤트,🎁 TWICE(트와이스) 뮤직웨이브 EVENT,2024-12-12 12:00,2024-12-22 23:59,남,30대,1318,666,129,19.37,3,2.33
143,100065,뮤직웨이브이벤트,🎁 TWICE(트와이스) 뮤직웨이브 EVENT,2024-12-12 12:00,2024-12-22 23:59,남,40대,1180,600,69,11.5,2,2.9
143,100065,뮤직웨이브이벤트,🎁 TWICE(트와이스) 뮤직웨이브 EVENT,2024-12-12 12:00,2024-12-22 23:59,남,50대,356,256,24,9.38,1,4.17
143,100065,뮤직웨이브이벤트,🎁 TWICE(트와이스) 뮤직웨이브 EVENT,2024-12-12 12:00,2024-12-22 23:59,남,60대이상,85,60,2,3.33,1,50.0
143,100065,뮤직웨이브이벤트,🎁 TWICE(트와이스) 뮤직웨이브 EVENT,2024-12-12 12:00,2024-12-22 23:59,여,10대이하,729,516,76,14.73,8,10.53
143,100065,뮤직웨이브이벤트,🎁 TWICE(트와이스) 뮤직웨이브 EVENT,2024-12-12 12:00,2024-12-22 23:59,여,20대,1652,895,149,16.65,10,6.71
143,100065,뮤직웨이브이벤트,🎁 TWICE(트와이스) 뮤직웨이브 EVENT,2024-12-12 12:00,2024-12-22 23:59,여,30대,1371,709,69,9.73,2,2.9
143,100065,뮤직웨이브이벤트,🎁 TWICE(트와이스) 뮤직웨이브 EVENT,2024-12-12 12:00,2024-12-22 23:59,여,40대,1531,890,94,10.56,3,3.19
143,100065,뮤직웨이브이벤트,🎁 TWICE(트와이스) 뮤직웨이브 EVENT,2024-12-12 12:00,2024-12-22 23:59,여,50대,450,293,26,8.87,0,0.0
143,100065,뮤직웨이브이벤트,🎁 TWICE(트와이스) 뮤직웨이브 EVENT,2024-12-12 12:00,2024-12-22 23:59,여,60대이상,179,100,9,9.0,0,0.0
144,100065,뮤직웨이브이벤트,🎁 마크 (MARK) 뮤직웨이브 챌린지 EVENT!,2024-12-16 18:00,2024-12-29 23:59,남,10대이하,202,110,9,8.18,1,11.11
144,100065,뮤직웨이브이벤트,🎁 마크 (MARK) 뮤직웨이브 챌린지 EVENT!,2024-12-16 18:00,2024-12-29 23:59,남,20대,494,342,36,10.53,3,8.33
144,100065,뮤직웨이브이벤트,🎁 마크 (MARK) 뮤직웨이브 챌린지 EVENT!,2024-12-16 18:00,2024-12-29 23:59,남,30대,588,326,34,10.43,2,5.88
144,100065,뮤직웨이브이벤트,🎁 마크 (MARK) 뮤직웨이브 챌린지 EVENT!,2024-12-16 18:00,2024-12-29 23:59,남,40대,660,357,70,19.61,2,2.86
144,100065,뮤직웨이브이벤트,🎁 마크 (MARK) 뮤직웨이브 챌린지 EVENT!,2024-12-16 18:00,2024-12-29 23:59,남,50대,626,309,94,30.42,6,6.38
144,100065,뮤직웨이브이벤트,🎁 마크 (MARK) 뮤직웨이브 챌린지 EVENT!,2024-12-16 18:00,2024-12-29 23:59,남,60대이상,93,61,13,21.31,2,15.38
144,100065,뮤직웨이브이벤트,🎁 마크 (MARK) 뮤직웨이브 챌린지 EVENT!,2024-12-16 18:00,2024-12-29 23:59,여,10대이하,4392,1778,899,50.56,109,12.12
144,100065,뮤직웨이브이벤트,🎁 마크 (MARK) 뮤직웨이브 챌린지 EVENT!,2024-12-16 18:00,2024-12-29 23:59,여,20대,6292,2477,1445,58.34,145,10.03
144,100065,뮤직웨이브이벤트,🎁 마크 (MARK) 뮤직웨이브 챌린지 EVENT!,2024-12-16 18:00,2024-12-29 23:59,여,30대,3321,1009,431,42.72,41,9.51
144,100065,뮤직웨이브이벤트,🎁 마크 (MARK) 뮤직웨이브 챌린지 EVENT!,2024-12-16 18:00,2024-12-29 23:59,여,40대,1996,918,262,28.54,14,5.34
144,100065,뮤직웨이브이벤트,🎁 마크 (MARK) 뮤직웨이브 챌린지 EVENT!,2024-12-16 18:00,2024-12-29 23:59,여,50대,861,506,136,26.88,4,2.94
144,100065,뮤직웨이브이벤트,🎁 마크 (MARK) 뮤직웨이브 챌린지 EVENT!,2024-12-16 18:00,2024-12-29 23:59,여,60대이상,196,109,16,14.68,1,6.25
146,100065,뮤직웨이브이벤트,🎁BOYNEXTDOOR 뮤직웨이브 EVENT,2025-01-06 18:00,2025-01-15 23:59,남,10대이하,2891,468,116,24.79,22,18.97
146,100065,뮤직웨이브이벤트,🎁BOYNEXTDOOR 뮤직웨이브 EVENT,2025-01-06 18:00,2025-01-15 23:59,남,20대,4221,865,169,19.54,27,15.98
146,100065,뮤직웨이브이벤트,🎁BOYNEXTDOOR 뮤직웨이브 EVENT,2025-01-06 18:00,2025-01-15 23:59,남,30대,2530,740,88,11.89,1,1.14
146,100065,뮤직웨이브이벤트,🎁BOYNEXTDOOR 뮤직웨이브 EVENT,2025-01-06 18:00,2025-01-15 23:59,남,40대,21541,2428,1037,42.71,37,3.57
146,100065,뮤직웨이브이벤트,🎁BOYNEXTDOOR 뮤직웨이브 EVENT,2025-01-06 18:00,2025-01-15 23:59,남,50대,14796,1669,781,46.79,47,6.02
146,100065,뮤직웨이브이벤트,🎁BOYNEXTDOOR 뮤직웨이브 EVENT,2025-01-06 18:00,2025-01-15 23:59,남,60대이상,1521,187,51,27.27,9,17.65
146,100065,뮤직웨이브이벤트,🎁BOYNEXTDOOR 뮤직웨이브 EVENT,2025-01-06 18:00,2025-01-15 23:59,여,10대이하,173778,14839,7738,52.15,1543,19.94
146,100065,뮤직웨이브이벤트,🎁BOYNEXTDOOR 뮤직웨이브 EVENT,2025-01-06 18:00,2025-01-15 23:59,여,20대,98510,8723,5010,57.43,884,17.64
146,100065,뮤직웨이브이벤트,🎁BOYNEXTDOOR 뮤직웨이브 EVENT,2025-01-06 18:00,2025-01-15 23:59,여,30대,13830,1791,530,29.59,60,11.32
146,100065,뮤직웨이브이벤트,🎁BOYNEXTDOOR 뮤직웨이브 EVENT,2025-01-06 18:00,2025-01-15 23:59,여,40대,53726,5886,2600,44.17,123,4.73
146,100065,뮤직웨이브이벤트,🎁BOYNEXTDOOR 뮤직웨이브 EVENT,2025-01-06 18:00,2025-01-15 23:59,여,50대,15531,1960,853,43.52,52,6.1
146,100065,뮤직웨이브이벤트,🎁BOYNEXTDOOR 뮤직웨이브 EVENT,2025-01-06 18:00,2025-01-15 23:59,여,60대이상,1466,303,72,23.76,11,15.28
147,100065,뮤직웨이브이벤트,🎁온유 뮤직웨이브 EVENT,2025-01-06 18:00,2025-01-15 23:59,남,10대이하,245,160,8,5.0,0,0.0
147,100065,뮤직웨이브이벤트,🎁온유 뮤직웨이브 EVENT,2025-01-06 18:00,2025-01-15 23:59,남,20대,818,344,17,4.94,0,0.0
147,100065,뮤직웨이브이벤트,🎁온유 뮤직웨이브 EVENT,2025-01-06 18:00,2025-01-15 23:59,남,30대,1217,404,25,6.19,1,4.0
147,100065,뮤직웨이브이벤트,🎁온유 뮤직웨이브 EVENT,2025-01-06 18:00,2025-01-15 23:59,남,40대,1202,474,47,9.92,1,2.13
147,100065,뮤직웨이브이벤트,🎁온유 뮤직웨이브 EVENT,2025-01-06 18:00,2025-01-15 23:59,남,50대,299,193,14,7.25,0,0.0
147,100065,뮤직웨이브이벤트,🎁온유 뮤직웨이브 EVENT,2025-01-06 18:00,2025-01-15 23:59,남,60대이상,375,52,7,13.46,1,14.29
147,100065,뮤직웨이브이벤트,🎁온유 뮤직웨이브 EVENT,2025-01-06 18:00,2025-01-15 23:59,여,10대이하,1673,643,75,11.66,12,16.0
147,100065,뮤직웨이브이벤트,🎁온유 뮤직웨이브 EVENT,2025-01-06 18:00,2025-01-15 23:59,여,20대,6324,1267,268,21.15,45,16.79
147,100065,뮤직웨이브이벤트,🎁온유 뮤직웨이브 EVENT,2025-01-06 18:00,2025-01-15 23:59,여,30대,18626,1290,357,27.67,67,18.77
147,100065,뮤직웨이브이벤트,🎁온유 뮤직웨이브 EVENT,2025-01-06 18:00,2025-01-15 23:59,여,40대,24522,1268,308,24.29,58,18.83
147,100065,뮤직웨이브이벤트,🎁온유 뮤직웨이브 EVENT,2025-01-06 18:00,2025-01-15 23:59,여,50대,5224,375,63,16.8,14,22.22
147,100065,뮤직웨이브이벤트,🎁온유 뮤직웨이브 EVENT,2025-01-06 18:00,2025-01-15 23:59,여,60대이상,1062,131,15,11.45,5,33.33
150,100065,뮤직웨이브이벤트,🎁RIIZE 뮤직웨이브 EVENT,2025-01-08 18:00,2025-01-17 23:59,남,10대이하,480,225,38,16.89,1,2.63
150,100065,뮤직웨이브이벤트,🎁RIIZE 뮤직웨이브 EVENT,2025-01-08 18:00,2025-01-17 23:59,남,20대,802,403,77,19.11,2,2.6
150,100065,뮤직웨이브이벤트,🎁RIIZE 뮤직웨이브 EVENT,2025-01-08 18:00,2025-01-17 23:59,남,30대,1011,361,66,18.28,4,6.06
150,100065,뮤직웨이브이벤트,🎁RIIZE 뮤직웨이브 EVENT,2025-01-08 18:00,2025-01-17 23:59,남,40대,2684,942,265,28.13,10,3.77
150,100065,뮤직웨이브이벤트,🎁RIIZE 뮤직웨이브 EVENT,2025-01-08 18:00,2025-01-17 23:59,남,50대,1328,584,187,32.02,8,4.28
150,100065,뮤직웨이브이벤트,🎁RIIZE 뮤직웨이브 EVENT,2025-01-08 18:00,2025-01-17 23:59,남,60대이상,191,94,21,22.34,4,19.05
150,100065,뮤직웨이브이벤트,🎁RIIZE 뮤직웨이브 EVENT,2025-01-08 18:00,2025-01-17 23:59,여,10대이하,16247,5545,2168,39.1,341,15.73
150,100065,뮤직웨이브이벤트,🎁RIIZE 뮤직웨이브 EVENT,2025-01-08 18:00,2025-01-17 23:59,여,20대,15854,5180,2307,44.54,252,10.92
150,100065,뮤직웨이브이벤트,🎁RIIZE 뮤직웨이브 EVENT,2025-01-08 18:00,2025-01-17 23:59,여,30대,10435,2261,970,42.9,97,10.0
150,100065,뮤직웨이브이벤트,🎁RIIZE 뮤직웨이브 EVENT,2025-01-08 18:00,2025-01-17 23:59,여,40대,9307,2729,966,35.4,62,6.42
150,100065,뮤직웨이브이벤트,🎁RIIZE 뮤직웨이브 EVENT,2025-01-08 18:00,2025-01-17 23:59,여,50대,2053,817,263,32.19,11,4.18
150,100065,뮤직웨이브이벤트,🎁RIIZE 뮤직웨이브 EVENT,2025-01-08 18:00,2025-01-17 23:59,여,60대이상,560,202,48,23.76,3,6.25
153,100065,뮤직웨이브이벤트,🎁ZEROBASEONE 뮤직웨이브 EVENT,2025-01-20 18:00,2025-02-20 23:59,남,10대이하,565,356,29,8.15,12,41.38
153,100065,뮤직웨이브이벤트,🎁ZEROBASEONE 뮤직웨이브 EVENT,2025-01-20 18:00,2025-02-20 23:59,남,20대,1218,836,36,4.31,7,19.44
153,100065,뮤직웨이브이벤트,🎁ZEROBASEONE 뮤직웨이브 EVENT,2025-01-20 18:00,2025-02-20 23:59,남,30대,1519,898,46,5.12,5,10.87
153,100065,뮤직웨이브이벤트,🎁ZEROBASEONE 뮤직웨이브 EVENT,2025-01-20 18:00,2025-02-20 23:59,남,40대,3620,1488,261,17.54,14,5.36
153,100065,뮤직웨이브이벤트,🎁ZEROBASEONE 뮤직웨이브 EVENT,2025-01-20 18:00,2025-02-20 23:59,남,50대,1684,733,157,21.42,9,5.73
153,100065,뮤직웨이브이벤트,🎁ZEROBASEONE 뮤직웨이브 EVENT,2025-01-20 18:00,2025-02-20 23:59,남,60대이상,307,165,14,8.48,3,21.43
153,100065,뮤직웨이브이벤트,🎁ZEROBASEONE 뮤직웨이브 EVENT,2025-01-20 18:00,2025-02-20 23:59,여,10대이하,20090,5200,1918,36.88,618,32.22
153,100065,뮤직웨이브이벤트,🎁ZEROBASEONE 뮤직웨이브 EVENT,2025-01-20 18:00,2025-02-20 23:59,여,20대,14060,4194,1273,30.35,230,18.07
153,100065,뮤직웨이브이벤트,🎁ZEROBASEONE 뮤직웨이브 EVENT,2025-01-20 18:00,2025-02-20 23:59,여,30대,7205,2243,427,19.04,81,18.97
153,100065,뮤직웨이브이벤트,🎁ZEROBASEONE 뮤직웨이브 EVENT,2025-01-20 18:00,2025-02-20 23:59,여,40대,12997,3642,896,24.6,108,12.05
153,100065,뮤직웨이브이벤트,🎁ZEROBASEONE 뮤직웨이브 EVENT,2025-01-20 18:00,2025-02-20 23:59,여,50대,2857,1150,190,16.52,24,12.63
153,100065,뮤직웨이브이벤트,🎁ZEROBASEONE 뮤직웨이브 EVENT,2025-01-20 18:00,2025-02-20 23:59,여,60대이상,493,262,35,13.36,4,11.43
154,100065,뮤직웨이브이벤트,🎁NCT WISH 뮤직웨이브 EVENT,2025-01-22 18:00,2025-02-02 23:59,남,10대이하,972,354,79,22.32,10,12.66
154,100065,뮤직웨이브이벤트,🎁NCT WISH 뮤직웨이브 EVENT,2025-01-22 18:00,2025-02-02 23:59,남,20대,1534,690,95,13.77,6,6.32
154,100065,뮤직웨이브이벤트,🎁NCT WISH 뮤직웨이브 EVENT,2025-01-22 18:00,2025-02-02 23:59,남,30대,1216,620,62,10.0,4,6.45
154,100065,뮤직웨이브이벤트,🎁NCT WISH 뮤직웨이브 EVENT,2025-01-22 18:00,2025-02-02 23:59,남,40대,3989,1366,387,28.33,8,2.07
154,100065,뮤직웨이브이벤트,🎁NCT WISH 뮤직웨이브 EVENT,2025-01-22 18:00,2025-02-02 23:59,남,50대,4513,1032,382,37.02,7,1.83
154,100065,뮤직웨이브이벤트,🎁NCT WISH 뮤직웨이브 EVENT,2025-01-22 18:00,2025-02-02 23:59,남,60대이상,346,139,37,26.62,3,8.11
154,100065,뮤직웨이브이벤트,🎁NCT WISH 뮤직웨이브 EVENT,2025-01-22 18:00,2025-02-02 23:59,여,10대이하,43387,8052,3718,46.17,595,16.0
154,100065,뮤직웨이브이벤트,🎁NCT WISH 뮤직웨이브 EVENT,2025-01-22 18:00,2025-02-02 23:59,여,20대,43890,7882,3825,48.53,607,15.87
154,100065,뮤직웨이브이벤트,🎁NCT WISH 뮤직웨이브 EVENT,2025-01-22 18:00,2025-02-02 23:59,여,30대,14396,2142,720,33.61,89,12.36
154,100065,뮤직웨이브이벤트,🎁NCT WISH 뮤직웨이브 EVENT,2025-01-22 18:00,2025-02-02 23:59,여,40대,13238,3319,1104,33.26,36,3.26
154,100065,뮤직웨이브이벤트,🎁NCT WISH 뮤직웨이브 EVENT,2025-01-22 18:00,2025-02-02 23:59,여,50대,4567,1415,499,35.27,11,2.2
154,100065,뮤직웨이브이벤트,🎁NCT WISH 뮤직웨이브 EVENT,2025-01-22 18:00,2025-02-02 23:59,여,60대이상,487,229,41,17.9,4,9.76
157,100065,뮤직웨이브이벤트,🎁GOT7 뮤직웨이브 EVENT,2025-01-24 18:00,2025-02-06 23:59,남,10대이하,130,102,5,4.9,0,0.0
157,100065,뮤직웨이브이벤트,🎁GOT7 뮤직웨이브 EVENT,2025-01-24 18:00,2025-02-06 23:59,남,20대,342,269,10,3.72,0,0.0
157,100065,뮤직웨이브이벤트,🎁GOT7 뮤직웨이브 EVENT,2025-01-24 18:00,2025-02-06 23:59,남,30대,648,295,26,8.81,0,0.0
157,100065,뮤직웨이브이벤트,🎁GOT7 뮤직웨이브 EVENT,2025-01-24 18:00,2025-02-06 23:59,남,40대,482,326,30,9.2,3,10.0
157,100065,뮤직웨이브이벤트,🎁GOT7 뮤직웨이브 EVENT,2025-01-24 18:00,2025-02-06 23:59,남,50대,381,148,25,16.89,4,16.0
157,100065,뮤직웨이브이벤트,🎁GOT7 뮤직웨이브 EVENT,2025-01-24 18:00,2025-02-06 23:59,남,60대이상,81,40,7,17.5,1,14.29
157,100065,뮤직웨이브이벤트,🎁GOT7 뮤직웨이브 EVENT,2025-01-24 18:00,2025-02-06 23:59,여,10대이하,634,435,70,16.09,5,7.14
157,100065,뮤직웨이브이벤트,🎁GOT7 뮤직웨이브 EVENT,2025-01-24 18:00,2025-02-06 23:59,여,20대,2071,953,239,25.08,18,7.53
157,100065,뮤직웨이브이벤트,🎁GOT7 뮤직웨이브 EVENT,2025-01-24 18:00,2025-02-06 23:59,여,30대,2549,862,210,24.36,10,4.76
157,100065,뮤직웨이브이벤트,🎁GOT7 뮤직웨이브 EVENT,2025-01-24 18:00,2025-02-06 23:59,여,40대,1931,814,112,13.76,5,4.46
157,100065,뮤직웨이브이벤트,🎁GOT7 뮤직웨이브 EVENT,2025-01-24 18:00,2025-02-06 23:59,여,50대,530,271,28,10.33,1,3.57
157,100065,뮤직웨이브이벤트,🎁GOT7 뮤직웨이브 EVENT,2025-01-24 18:00,2025-02-06 23:59,여,60대이상,169,76,6,7.89,0,0.0
158,100065,뮤직웨이브이벤트,🎁제니 뮤직웨이브 EVENT,2025-01-31 14:00,2025-02-09 23:59,남,10대이하,1433,675,102,15.11,9,8.82
158,100065,뮤직웨이브이벤트,🎁제니 뮤직웨이브 EVENT,2025-01-31 14:00,2025-02-09 23:59,남,20대,3079,1620,231,14.26,9,3.9
158,100065,뮤직웨이브이벤트,🎁제니 뮤직웨이브 EVENT,2025-01-31 14:00,2025-02-09 23:59,남,30대,1738,971,121,12.46,6,4.96
158,100065,뮤직웨이브이벤트,🎁제니 뮤직웨이브 EVENT,2025-01-31 14:00,2025-02-09 23:59,남,40대,3175,1731,208,12.02,5,2.4
158,100065,뮤직웨이브이벤트,🎁제니 뮤직웨이브 EVENT,2025-01-31 14:00,2025-02-09 23:59,남,50대,2016,1136,141,12.41,3,2.13
158,100065,뮤직웨이브이벤트,🎁제니 뮤직웨이브 EVENT,2025-01-31 14:00,2025-02-09 23:59,남,60대이상,420,172,18,10.47,1,5.56
158,100065,뮤직웨이브이벤트,🎁제니 뮤직웨이브 EVENT,2025-01-31 14:00,2025-02-09 23:59,여,10대이하,3884,1856,412,22.2,35,8.5
158,100065,뮤직웨이브이벤트,🎁제니 뮤직웨이브 EVENT,2025-01-31 14:00,2025-02-09 23:59,여,20대,7369,4032,782,19.39,61,7.8
158,100065,뮤직웨이브이벤트,🎁제니 뮤직웨이브 EVENT,2025-01-31 14:00,2025-02-09 23:59,여,30대,3349,1931,271,14.03,18,6.64
158,100065,뮤직웨이브이벤트,🎁제니 뮤직웨이브 EVENT,2025-01-31 14:00,2025-02-09 23:59,여,40대,6967,3428,476,13.89,20,4.2
158,100065,뮤직웨이브이벤트,🎁제니 뮤직웨이브 EVENT,2025-01-31 14:00,2025-02-09 23:59,여,50대,2568,1372,147,10.71,1,0.68
158,100065,뮤직웨이브이벤트,🎁제니 뮤직웨이브 EVENT,2025-01-31 14:00,2025-02-09 23:59,여,60대이상,514,237,34,14.35,1,2.94
159,100065,뮤직웨이브이벤트,🎁PLAVE 뮤직웨이브 EVENT,2025-02-03 18:00,2025-02-16 23:59,남,10대이하,1205,637,73,11.46,18,24.66
159,100065,뮤직웨이브이벤트,🎁PLAVE 뮤직웨이브 EVENT,2025-02-03 18:00,2025-02-16 23:59,남,20대,2322,1160,130,11.21,21,16.15
159,100065,뮤직웨이브이벤트,🎁PLAVE 뮤직웨이브 EVENT,2025-02-03 18:00,2025-02-16 23:59,남,30대,3982,1471,234,15.91,42,17.95
159,100065,뮤직웨이브이벤트,🎁PLAVE 뮤직웨이브 EVENT,2025-02-03 18:00,2025-02-16 23:59,남,40대,5384,1973,305,15.46,27,8.85
159,100065,뮤직웨이브이벤트,🎁PLAVE 뮤직웨이브 EVENT,2025-02-03 18:00,2025-02-16 23:59,남,50대,3257,1034,221,21.37,33,14.93
159,100065,뮤직웨이브이벤트,🎁PLAVE 뮤직웨이브 EVENT,2025-02-03 18:00,2025-02-16 23:59,남,60대이상,1184,319,90,28.21,24,26.67
159,100065,뮤직웨이브이벤트,🎁PLAVE 뮤직웨이브 EVENT,2025-02-03 18:00,2025-02-16 23:59,여,10대이하,22315,4221,1668,39.52,468,28.06
159,100065,뮤직웨이브이벤트,🎁PLAVE 뮤직웨이브 EVENT,2025-02-03 18:00,2025-02-16 23:59,여,20대,87123,11820,7217,61.06,1616,22.39
159,100065,뮤직웨이브이벤트,🎁PLAVE 뮤직웨이브 EVENT,2025-02-03 18:00,2025-02-16 23:59,여,30대,80865,9440,5481,58.06,1019,18.59
159,100065,뮤직웨이브이벤트,🎁PLAVE 뮤직웨이브 EVENT,2025-02-03 18:00,2025-02-16 23:59,여,40대,23939,5142,1532,29.79,207,13.51
159,100065,뮤직웨이브이벤트,🎁PLAVE 뮤직웨이브 EVENT,2025-02-03 18:00,2025-02-16 23:59,여,50대,6771,1585,422,26.62,73,17.3
159,100065,뮤직웨이브이벤트,🎁PLAVE 뮤직웨이브 EVENT,2025-02-03 18:00,2025-02-16 23:59,여,60대이상,1500,419,116,27.68,27,23.28
161,100065,뮤직웨이브이벤트,🎁IVE 뮤직웨이브 EVENT,2025-02-03 18:00,2025-02-16 23:59,남,10대이하,4671,1071,285,26.61,45,15.79
161,100065,뮤직웨이브이벤트,🎁IVE 뮤직웨이브 EVENT,2025-02-03 18:00,2025-02-16 23:59,남,20대,4376,1254,325,25.92,27,8.31
161,100065,뮤직웨이브이벤트,🎁IVE 뮤직웨이브 EVENT,2025-02-03 18:00,2025-02-16 23:59,남,30대,3270,877,248,28.28,12,4.84
161,100065,뮤직웨이브이벤트,🎁IVE 뮤직웨이브 EVENT,2025-02-03 18:00,2025-02-16 23:59,남,40대,7767,1910,577,30.21,20,3.47
161,100065,뮤직웨이브이벤트,🎁IVE 뮤직웨이브 EVENT,2025-02-03 18:00,2025-02-16 23:59,남,50대,1832,652,135,20.71,2,1.48
161,100065,뮤직웨이브이벤트,🎁IVE 뮤직웨이브 EVENT,2025-02-03 18:00,2025-02-16 23:59,남,60대이상,325,128,20,15.63,1,5.0
161,100065,뮤직웨이브이벤트,🎁IVE 뮤직웨이브 EVENT,2025-02-03 18:00,2025-02-16 23:59,여,10대이하,9166,2375,658,27.71,74,11.25
161,100065,뮤직웨이브이벤트,🎁IVE 뮤직웨이브 EVENT,2025-02-03 18:00,2025-02-16 23:59,여,20대,4409,1878,414,22.04,30,7.25
161,100065,뮤직웨이브이벤트,🎁IVE 뮤직웨이브 EVENT,2025-02-03 18:00,2025-02-16 23:59,여,30대,4148,1520,415,27.3,20,4.82
161,100065,뮤직웨이브이벤트,🎁IVE 뮤직웨이브 EVENT,2025-02-03 18:00,2025-02-16 23:59,여,40대,15277,3845,1219,31.7,33,2.71
161,100065,뮤직웨이브이벤트,🎁IVE 뮤직웨이브 EVENT,2025-02-03 18:00,2025-02-16 23:59,여,50대,2084,738,149,20.19,8,5.37
161,100065,뮤직웨이브이벤트,🎁IVE 뮤직웨이브 EVENT,2025-02-03 18:00,2025-02-16 23:59,여,60대이상,548,263,34,12.93,4,11.76
162,100065,뮤직웨이브이벤트,🎁지수 뮤직웨이브 EVENT,2025-02-14 14:00,2025-02-28 23:59,남,10대이하,1169,615,93,15.12,6,6.45
162,100065,뮤직웨이브이벤트,🎁지수 뮤직웨이브 EVENT,2025-02-14 14:00,2025-02-28 23:59,남,20대,2779,1470,199,13.54,20,10.05
162,100065,뮤직웨이브이벤트,🎁지수 뮤직웨이브 EVENT,2025-02-14 14:00,2025-02-28 23:59,남,30대,2269,1297,161,12.41,9,5.59
162,100065,뮤직웨이브이벤트,🎁지수 뮤직웨이브 EVENT,2025-02-14 14:00,2025-02-28 23:59,남,40대,2887,1607,175,10.89,5,2.86
162,100065,뮤직웨이브이벤트,🎁지수 뮤직웨이브 EVENT,2025-02-14 14:00,2025-02-28 23:59,남,50대,1458,916,73,7.97,1,1.37
162,100065,뮤직웨이브이벤트,🎁지수 뮤직웨이브 EVENT,2025-02-14 14:00,2025-02-28 23:59,남,60대이상,379,242,23,9.5,1,4.35
162,100065,뮤직웨이브이벤트,🎁지수 뮤직웨이브 EVENT,2025-02-14 14:00,2025-02-28 23:59,여,10대이하,1996,1234,195,15.8,20,10.26
162,100065,뮤직웨이브이벤트,🎁지수 뮤직웨이브 EVENT,2025-02-14 14:00,2025-02-28 23:59,여,20대,4224,2596,297,11.44,31,10.44
162,100065,뮤직웨이브이벤트,🎁지수 뮤직웨이브 EVENT,2025-02-14 14:00,2025-02-28 23:59,여,30대,2958,1879,167,8.89,9,5.39
162,100065,뮤직웨이브이벤트,🎁지수 뮤직웨이브 EVENT,2025-02-14 14:00,2025-02-28 23:59,여,40대,4784,2810,285,10.14,13,4.56
162,100065,뮤직웨이브이벤트,🎁지수 뮤직웨이브 EVENT,2025-02-14 14:00,2025-02-28 23:59,여,50대,1628,1063,87,8.18,6,6.9
162,100065,뮤직웨이브이벤트,🎁지수 뮤직웨이브 EVENT,2025-02-14 14:00,2025-02-28 23:59,여,60대이상,420,256,17,6.64,0,0.0
165,100065,뮤직웨이브이벤트,🎁베베핀 뮤직웨이브 OPEN,2025-02-25 10:00,2025-03-10 23:59,남,10대이하,186,152,4,2.63,0,0.0
165,100065,뮤직웨이브이벤트,🎁베베핀 뮤직웨이브 OPEN,2025-02-25 10:00,2025-03-10 23:59,남,20대,422,350,3,0.86,0,0.0
165,100065,뮤직웨이브이벤트,🎁베베핀 뮤직웨이브 OPEN,2025-02-25 10:00,2025-03-10 23:59,남,30대,1042,779,44,5.65,0,0.0
165,100065,뮤직웨이브이벤트,🎁베베핀 뮤직웨이브 OPEN,2025-02-25 10:00,2025-03-10 23:59,남,40대,928,697,51,7.32,1,1.96
165,100065,뮤직웨이브이벤트,🎁베베핀 뮤직웨이브 OPEN,2025-02-25 10:00,2025-03-10 23:59,남,50대,248,212,2,0.94,0,0.0
165,100065,뮤직웨이브이벤트,🎁베베핀 뮤직웨이브 OPEN,2025-02-25 10:00,2025-03-10 23:59,남,60대이상,125,88,2,2.27,0,0.0
165,100065,뮤직웨이브이벤트,🎁베베핀 뮤직웨이브 OPEN,2025-02-25 10:00,2025-03-10 23:59,여,10대이하,310,290,7,2.41,0,0.0
165,100065,뮤직웨이브이벤트,🎁베베핀 뮤직웨이브 OPEN,2025-02-25 10:00,2025-03-10 23:59,여,20대,682,618,11,1.78,2,18.18
165,100065,뮤직웨이브이벤트,🎁베베핀 뮤직웨이브 OPEN,2025-02-25 10:00,2025-03-10 23:59,여,30대,2074,1511,130,8.6,2,1.54
165,100065,뮤직웨이브이벤트,🎁베베핀 뮤직웨이브 OPEN,2025-02-25 10:00,2025-03-10 23:59,여,40대,1567,1214,81,6.67,2,2.47
165,100065,뮤직웨이브이벤트,🎁베베핀 뮤직웨이브 OPEN,2025-02-25 10:00,2025-03-10 23:59,여,50대,454,350,6,1.71,0,0.0
165,100065,뮤직웨이브이벤트,🎁베베핀 뮤직웨이브 OPEN,2025-02-25 10:00,2025-03-10 23:59,여,60대이상,264,177,5,2.82,0,0.0
166,100065,뮤직웨이브이벤트,[Hi-RiSiNG] Hearts2Hearts🍀,2025-02-24 17:00,2025-03-24 23:59,남,10대이하,643,361,57,15.79,12,21.05
166,100065,뮤직웨이브이벤트,[Hi-RiSiNG] Hearts2Hearts🍀,2025-02-24 17:00,2025-03-24 23:59,남,20대,1175,681,87,12.78,20,22.99
166,100065,뮤직웨이브이벤트,[Hi-RiSiNG] Hearts2Hearts🍀,2025-02-24 17:00,2025-03-24 23:59,남,30대,1420,829,94,11.34,9,9.57
166,100065,뮤직웨이브이벤트,[Hi-RiSiNG] Hearts2Hearts🍀,2025-02-24 17:00,2025-03-24 23:59,남,40대,2050,1112,133,11.96,12,9.02
166,100065,뮤직웨이브이벤트,[Hi-RiSiNG] Hearts2Hearts🍀,2025-02-24 17:00,2025-03-24 23:59,남,50대,555,429,34,7.93,2,5.88
166,100065,뮤직웨이브이벤트,[Hi-RiSiNG] Hearts2Hearts🍀,2025-02-24 17:00,2025-03-24 23:59,남,60대이상,116,82,5,6.1,1,20.0
166,100065,뮤직웨이브이벤트,[Hi-RiSiNG] Hearts2Hearts🍀,2025-02-24 17:00,2025-03-24 23:59,여,10대이하,2460,1168,303,25.94,75,24.75
166,100065,뮤직웨이브이벤트,[Hi-RiSiNG] Hearts2Hearts🍀,2025-02-24 17:00,2025-03-24 23:59,여,20대,2742,1724,270,15.66,56,20.74
166,100065,뮤직웨이브이벤트,[Hi-RiSiNG] Hearts2Hearts🍀,2025-02-24 17:00,2025-03-24 23:59,여,30대,1806,1175,86,7.32,8,9.3
166,100065,뮤직웨이브이벤트,[Hi-RiSiNG] Hearts2Hearts🍀,2025-02-24 17:00,2025-03-24 23:59,여,40대,3057,1867,240,12.85,17,7.08
166,100065,뮤직웨이브이벤트,[Hi-RiSiNG] Hearts2Hearts🍀,2025-02-24 17:00,2025-03-24 23:59,여,50대,734,570,42,7.37,3,7.14
166,100065,뮤직웨이브이벤트,[Hi-RiSiNG] Hearts2Hearts🍀,2025-02-24 17:00,2025-03-24 23:59,여,60대이상,241,161,6,3.73,1,16.67
168,100065,뮤직웨이브이벤트,j-hope 뮤직웨이브 이벤트,2025-03-07 12:00,2025-03-21 23:59,남,10대이하,1219,420,30,7.14,3,10.0
168,100065,뮤직웨이브이벤트,j-hope 뮤직웨이브 이벤트,2025-03-07 12:00,2025-03-21 23:59,남,20대,1476,867,35,4.04,5,14.29
168,100065,뮤직웨이브이벤트,j-hope 뮤직웨이브 이벤트,2025-03-07 12:00,2025-03-21 23:59,남,30대,1440,823,76,9.23,1,1.32
168,100065,뮤직웨이브이벤트,j-hope 뮤직웨이브 이벤트,2025-03-07 12:00,2025-03-21 23:59,남,40대,3204,1576,187,11.87,9,4.81
168,100065,뮤직웨이브이벤트,j-hope 뮤직웨이브 이벤트,2025-03-07 12:00,2025-03-21 23:59,남,50대,2946,1089,110,10.1,9,8.18
168,100065,뮤직웨이브이벤트,j-hope 뮤직웨이브 이벤트,2025-03-07 12:00,2025-03-21 23:59,남,60대이상,758,196,33,16.84,4,12.12
168,100065,뮤직웨이브이벤트,j-hope 뮤직웨이브 이벤트,2025-03-07 12:00,2025-03-21 23:59,여,10대이하,6650,2150,621,28.88,69,11.11
168,100065,뮤직웨이브이벤트,j-hope 뮤직웨이브 이벤트,2025-03-07 12:00,2025-03-21 23:59,여,20대,12896,4602,1179,25.62,136,11.54
168,100065,뮤직웨이브이벤트,j-hope 뮤직웨이브 이벤트,2025-03-07 12:00,2025-03-21 23:59,여,30대,22915,4123,1425,34.56,177,12.42
168,100065,뮤직웨이브이벤트,j-hope 뮤직웨이브 이벤트,2025-03-07 12:00,2025-03-21 23:59,여,40대,33083,6419,1819,28.34,157,8.63
168,100065,뮤직웨이브이벤트,j-hope 뮤직웨이브 이벤트,2025-03-07 12:00,2025-03-21 23:59,여,50대,18941,2569,667,25.96,66,9.9
168,100065,뮤직웨이브이벤트,j-hope 뮤직웨이브 이벤트,2025-03-07 12:00,2025-03-21 23:59,여,60대이상,2115,436,86,19.72,19,22.09
169,100065,뮤직웨이브이벤트,슬기 (SEULGI)의 뮤직웨이브 이벤트,2025-03-10 18:00,2025-03-24 23:59,남,10대이하,451,305,32,10.49,3,9.38
169,100065,뮤직웨이브이벤트,슬기 (SEULGI)의 뮤직웨이브 이벤트,2025-03-10 18:00,2025-03-24 23:59,남,20대,1724,1026,139,13.55,12,8.63
169,100065,뮤직웨이브이벤트,슬기 (SEULGI)의 뮤직웨이브 이벤트,2025-03-10 18:00,2025-03-24 23:59,남,30대,1767,967,92,9.51,5,5.43
169,100065,뮤직웨이브이벤트,슬기 (SEULGI)의 뮤직웨이브 이벤트,2025-03-10 18:00,2025-03-24 23:59,남,40대,1081,784,47,5.99,4,8.51
169,100065,뮤직웨이브이벤트,슬기 (SEULGI)의 뮤직웨이브 이벤트,2025-03-10 18:00,2025-03-24 23:59,남,50대,518,390,20,5.13,0,0.0
169,100065,뮤직웨이브이벤트,슬기 (SEULGI)의 뮤직웨이브 이벤트,2025-03-10 18:00,2025-03-24 23:59,남,60대이상,129,86,8,9.3,1,12.5
169,100065,뮤직웨이브이벤트,슬기 (SEULGI)의 뮤직웨이브 이벤트,2025-03-10 18:00,2025-03-24 23:59,여,10대이하,819,528,73,13.83,7,9.59
169,100065,뮤직웨이브이벤트,슬기 (SEULGI)의 뮤직웨이브 이벤트,2025-03-10 18:00,2025-03-24 23:59,여,20대,2878,1624,242,14.9,35,14.46
169,100065,뮤직웨이브이벤트,슬기 (SEULGI)의 뮤직웨이브 이벤트,2025-03-10 18:00,2025-03-24 23:59,여,30대,1718,1186,100,8.43,16,16.0
169,100065,뮤직웨이브이벤트,슬기 (SEULGI)의 뮤직웨이브 이벤트,2025-03-10 18:00,2025-03-24 23:59,여,40대,1675,1286,84,6.53,5,5.95
169,100065,뮤직웨이브이벤트,슬기 (SEULGI)의 뮤직웨이브 이벤트,2025-03-10 18:00,2025-03-24 23:59,여,50대,776,586,25,4.27,0,0.0
169,100065,뮤직웨이브이벤트,슬기 (SEULGI)의 뮤직웨이브 이벤트,2025-03-10 18:00,2025-03-24 23:59,여,60대이상,257,182,8,4.4,0,0.0
170,100065,뮤직웨이브이벤트,PLAVE 데뷔 2주년 축하 뮤직웨이브 💙💜🩷❤️🖤,2025-03-12 10:00,2025-03-12 10:14,남,10대이하,224,183,10,5.46,0,0.0
170,100065,뮤직웨이브이벤트,PLAVE 데뷔 2주년 축하 뮤직웨이브 💙💜🩷❤️🖤,2025-03-12 10:00,2025-03-12 10:14,남,20대,492,380,16,4.21,0,0.0
170,100065,뮤직웨이브이벤트,PLAVE 데뷔 2주년 축하 뮤직웨이브 💙💜🩷❤️🖤,2025-03-12 10:00,2025-03-12 10:14,남,30대,598,404,28,6.93,0,0.0
170,100065,뮤직웨이브이벤트,PLAVE 데뷔 2주년 축하 뮤직웨이브 💙💜🩷❤️🖤,2025-03-12 10:00,2025-03-12 10:14,남,40대,620,459,41,8.93,0,0.0
170,100065,뮤직웨이브이벤트,PLAVE 데뷔 2주년 축하 뮤직웨이브 💙💜🩷❤️🖤,2025-03-12 10:00,2025-03-12 10:14,남,50대,404,284,30,10.56,0,0.0
170,100065,뮤직웨이브이벤트,PLAVE 데뷔 2주년 축하 뮤직웨이브 💙💜🩷❤️🖤,2025-03-12 10:00,2025-03-12 10:14,남,60대이상,140,85,13,15.29,0,0.0
170,100065,뮤직웨이브이벤트,PLAVE 데뷔 2주년 축하 뮤직웨이브 💙💜🩷❤️🖤,2025-03-12 10:00,2025-03-12 10:14,여,10대이하,1204,744,128,17.2,0,0.0
170,100065,뮤직웨이브이벤트,PLAVE 데뷔 2주년 축하 뮤직웨이브 💙💜🩷❤️🖤,2025-03-12 10:00,2025-03-12 10:14,여,20대,7372,3624,1068,29.47,6,0.56
170,100065,뮤직웨이브이벤트,PLAVE 데뷔 2주년 축하 뮤직웨이브 💙💜🩷❤️🖤,2025-03-12 10:00,2025-03-12 10:14,여,30대,7814,3298,1083,32.84,8,0.74
170,100065,뮤직웨이브이벤트,PLAVE 데뷔 2주년 축하 뮤직웨이브 💙💜🩷❤️🖤,2025-03-12 10:00,2025-03-12 10:14,여,40대,3010,1449,333,22.98,2,0.6
170,100065,뮤직웨이브이벤트,PLAVE 데뷔 2주년 축하 뮤직웨이브 💙💜🩷❤️🖤,2025-03-12 10:00,2025-03-12 10:14,여,50대,707,436,54,12.39,1,1.85
170,100065,뮤직웨이브이벤트,PLAVE 데뷔 2주년 축하 뮤직웨이브 💙💜🩷❤️🖤,2025-03-12 10:00,2025-03-12 10:14,여,60대이상,226,136,18,13.24,0,0.0
171,100065,뮤직웨이브이벤트,PLAVE 데뷔 2주년 축하 뮤직웨이브 💙💜🩷❤️🖤,2025-03-12 00:00,2025-03-13 00:00,남,10대이하,226,185,10,5.41,0,0.0
171,100065,뮤직웨이브이벤트,PLAVE 데뷔 2주년 축하 뮤직웨이브 💙💜🩷❤️🖤,2025-03-12 00:00,2025-03-13 00:00,남,20대,495,383,16,4.18,0,0.0
171,100065,뮤직웨이브이벤트,PLAVE 데뷔 2주년 축하 뮤직웨이브 💙💜🩷❤️🖤,2025-03-12 00:00,2025-03-13 00:00,남,30대,614,410,29,7.07,0,0.0
171,100065,뮤직웨이브이벤트,PLAVE 데뷔 2주년 축하 뮤직웨이브 💙💜🩷❤️🖤,2025-03-12 00:00,2025-03-13 00:00,남,40대,630,465,41,8.82,0,0.0
171,100065,뮤직웨이브이벤트,PLAVE 데뷔 2주년 축하 뮤직웨이브 💙💜🩷❤️🖤,2025-03-12 00:00,2025-03-13 00:00,남,50대,405,285,30,10.53,0,0.0
171,100065,뮤직웨이브이벤트,PLAVE 데뷔 2주년 축하 뮤직웨이브 💙💜🩷❤️🖤,2025-03-12 00:00,2025-03-13 00:00,남,60대이상,144,85,13,15.29,0,0.0
171,100065,뮤직웨이브이벤트,PLAVE 데뷔 2주년 축하 뮤직웨이브 💙💜🩷❤️🖤,2025-03-12 00:00,2025-03-13 00:00,여,10대이하,1237,751,129,17.18,0,0.0
171,100065,뮤직웨이브이벤트,PLAVE 데뷔 2주년 축하 뮤직웨이브 💙💜🩷❤️🖤,2025-03-12 00:00,2025-03-13 00:00,여,20대,7510,3659,1071,29.27,7,0.65
171,100065,뮤직웨이브이벤트,PLAVE 데뷔 2주년 축하 뮤직웨이브 💙💜🩷❤️🖤,2025-03-12 00:00,2025-03-13 00:00,여,30대,7985,3329,1087,32.65,9,0.83
171,100065,뮤직웨이브이벤트,PLAVE 데뷔 2주년 축하 뮤직웨이브 💙💜🩷❤️🖤,2025-03-12 00:00,2025-03-13 00:00,여,40대,3133,1464,334,22.81,2,0.6
171,100065,뮤직웨이브이벤트,PLAVE 데뷔 2주년 축하 뮤직웨이브 💙💜🩷❤️🖤,2025-03-12 00:00,2025-03-13 00:00,여,50대,721,441,55,12.47,1,1.82
171,100065,뮤직웨이브이벤트,PLAVE 데뷔 2주년 축하 뮤직웨이브 💙💜🩷❤️🖤,2025-03-12 00:00,2025-03-13 00:00,여,60대이상,228,137,19,13.87,0,0.0
172,100065,뮤직웨이브이벤트,LE SSERAFIM 뮤직웨이브 이벤트,2025-03-14 13:00,2025-03-28 23:59,남,10대이하,1740,725,146,20.14,26,17.81
172,100065,뮤직웨이브이벤트,LE SSERAFIM 뮤직웨이브 이벤트,2025-03-14 13:00,2025-03-28 23:59,남,20대,3645,1397,269,19.26,61,22.68
172,100065,뮤직웨이브이벤트,LE SSERAFIM 뮤직웨이브 이벤트,2025-03-14 13:00,2025-03-28 23:59,남,30대,3578,1260,227,18.02,51,22.47
172,100065,뮤직웨이브이벤트,LE SSERAFIM 뮤직웨이브 이벤트,2025-03-14 13:00,2025-03-28 23:59,남,40대,2542,1244,185,14.87,25,13.51
172,100065,뮤직웨이브이벤트,LE SSERAFIM 뮤직웨이브 이벤트,2025-03-14 13:00,2025-03-28 23:59,남,50대,880,532,59,11.09,6,10.17
172,100065,뮤직웨이브이벤트,LE SSERAFIM 뮤직웨이브 이벤트,2025-03-14 13:00,2025-03-28 23:59,남,60대이상,159,128,7,5.47,0,0.0
172,100065,뮤직웨이브이벤트,LE SSERAFIM 뮤직웨이브 이벤트,2025-03-14 13:00,2025-03-28 23:59,여,10대이하,1531,853,150,17.58,21,14.0
172,100065,뮤직웨이브이벤트,LE SSERAFIM 뮤직웨이브 이벤트,2025-03-14 13:00,2025-03-28 23:59,여,20대,3380,1682,240,14.27,56,23.33
172,100065,뮤직웨이브이벤트,LE SSERAFIM 뮤직웨이브 이벤트,2025-03-14 13:00,2025-03-28 23:59,여,30대,2253,1327,121,9.12,22,18.18
172,100065,뮤직웨이브이벤트,LE SSERAFIM 뮤직웨이브 이벤트,2025-03-14 13:00,2025-03-28 23:59,여,40대,2944,1906,234,12.28,7,2.99
172,100065,뮤직웨이브이벤트,LE SSERAFIM 뮤직웨이브 이벤트,2025-03-14 13:00,2025-03-28 23:59,여,50대,1099,643,49,7.62,1,2.04
172,100065,뮤직웨이브이벤트,LE SSERAFIM 뮤직웨이브 이벤트,2025-03-14 13:00,2025-03-28 23:59,여,60대이상,355,226,11,4.87,2,18.18
173,100065,뮤직웨이브이벤트,NMIXX 뮤직웨이브 이벤트,2025-03-17 18:00,2025-03-26 23:59,남,10대이하,5335,1515,454,29.97,77,16.96
173,100065,뮤직웨이브이벤트,NMIXX 뮤직웨이브 이벤트,2025-03-17 18:00,2025-03-26 23:59,남,20대,5909,2094,487,23.26,81,16.63
173,100065,뮤직웨이브이벤트,NMIXX 뮤직웨이브 이벤트,2025-03-17 18:00,2025-03-26 23:59,남,30대,3575,1450,247,17.03,31,12.55
173,100065,뮤직웨이브이벤트,NMIXX 뮤직웨이브 이벤트,2025-03-17 18:00,2025-03-26 23:59,남,40대,3230,1480,279,18.85,12,4.3
173,100065,뮤직웨이브이벤트,NMIXX 뮤직웨이브 이벤트,2025-03-17 18:00,2025-03-26 23:59,남,50대,1129,656,93,14.18,4,4.3
173,100065,뮤직웨이브이벤트,NMIXX 뮤직웨이브 이벤트,2025-03-17 18:00,2025-03-26 23:59,남,60대이상,197,132,10,7.58,2,20.0
173,100065,뮤직웨이브이벤트,NMIXX 뮤직웨이브 이벤트,2025-03-17 18:00,2025-03-26 23:59,여,10대이하,2460,1077,261,24.23,25,9.58
173,100065,뮤직웨이브이벤트,NMIXX 뮤직웨이브 이벤트,2025-03-17 18:00,2025-03-26 23:59,여,20대,3655,1908,260,13.63,42,16.15
173,100065,뮤직웨이브이벤트,NMIXX 뮤직웨이브 이벤트,2025-03-17 18:00,2025-03-26 23:59,여,30대,2218,1420,116,8.17,7,6.03
173,100065,뮤직웨이브이벤트,NMIXX 뮤직웨이브 이벤트,2025-03-17 18:00,2025-03-26 23:59,여,40대,4994,2502,472,18.86,19,4.03
173,100065,뮤직웨이브이벤트,NMIXX 뮤직웨이브 이벤트,2025-03-17 18:00,2025-03-26 23:59,여,50대,1294,768,89,11.59,6,6.74
173,100065,뮤직웨이브이벤트,NMIXX 뮤직웨이브 이벤트,2025-03-17 18:00,2025-03-26 23:59,여,60대이상,415,240,13,5.42,2,15.38
174,100065,뮤직웨이브이벤트,Xdinary Heroes 뮤직웨이브 이벤트,2025-03-24 18:00,2025-04-06 23:59,남,10대이하,197,159,6,3.77,1,16.67
174,100065,뮤직웨이브이벤트,Xdinary Heroes 뮤직웨이브 이벤트,2025-03-24 18:00,2025-04-06 23:59,남,20대,314,249,15,6.02,1,6.67
174,100065,뮤직웨이브이벤트,Xdinary Heroes 뮤직웨이브 이벤트,2025-03-24 18:00,2025-04-06 23:59,남,30대,325,227,13,5.73,0,0.0
174,100065,뮤직웨이브이벤트,Xdinary Heroes 뮤직웨이브 이벤트,2025-03-24 18:00,2025-04-06 23:59,남,40대,458,358,19,5.31,1,5.26
174,100065,뮤직웨이브이벤트,Xdinary Heroes 뮤직웨이브 이벤트,2025-03-24 18:00,2025-04-06 23:59,남,50대,346,191,29,15.18,2,6.9
174,100065,뮤직웨이브이벤트,Xdinary Heroes 뮤직웨이브 이벤트,2025-03-24 18:00,2025-04-06 23:59,남,60대이상,74,45,1,2.22,0,0.0
174,100065,뮤직웨이브이벤트,Xdinary Heroes 뮤직웨이브 이벤트,2025-03-24 18:00,2025-04-06 23:59,여,10대이하,2046,728,190,26.1,23,12.11
174,100065,뮤직웨이브이벤트,Xdinary Heroes 뮤직웨이브 이벤트,2025-03-24 18:00,2025-04-06 23:59,여,20대,5920,1504,507,33.71,106,20.91
174,100065,뮤직웨이브이벤트,Xdinary Heroes 뮤직웨이브 이벤트,2025-03-24 18:00,2025-04-06 23:59,여,30대,2432,715,170,23.78,30,17.65
174,100065,뮤직웨이브이벤트,Xdinary Heroes 뮤직웨이브 이벤트,2025-03-24 18:00,2025-04-06 23:59,여,40대,1208,741,97,13.09,7,7.22
174,100065,뮤직웨이브이벤트,Xdinary Heroes 뮤직웨이브 이벤트,2025-03-24 18:00,2025-04-06 23:59,여,50대,628,298,48,16.11,2,4.17
174,100065,뮤직웨이브이벤트,Xdinary Heroes 뮤직웨이브 이벤트,2025-03-24 18:00,2025-04-06 23:59,여,60대이상,129,85,1,1.18,0,0.0
175,100065,뮤직웨이브이벤트,텐 뮤직웨이브 이벤트,2025-03-24 18:00,2025-04-06 23:59,남,10대이하,110,98,2,2.04,0,0.0
175,100065,뮤직웨이브이벤트,텐 뮤직웨이브 이벤트,2025-03-24 18:00,2025-04-06 23:59,남,20대,280,258,3,1.16,0,0.0
175,100065,뮤직웨이브이벤트,텐 뮤직웨이브 이벤트,2025-03-24 18:00,2025-04-06 23:59,남,30대,404,292,9,3.08,0,0.0
175,100065,뮤직웨이브이벤트,텐 뮤직웨이브 이벤트,2025-03-24 18:00,2025-04-06 23:59,남,40대,429,312,22,7.05,0,0.0
175,100065,뮤직웨이브이벤트,텐 뮤직웨이브 이벤트,2025-03-24 18:00,2025-04-06 23:59,남,50대,259,176,10,5.68,0,0.0
175,100065,뮤직웨이브이벤트,텐 뮤직웨이브 이벤트,2025-03-24 18:00,2025-04-06 23:59,남,60대이상,53,37,5,13.51,0,0.0
175,100065,뮤직웨이브이벤트,텐 뮤직웨이브 이벤트,2025-03-24 18:00,2025-04-06 23:59,여,10대이하,493,382,49,12.83,6,12.24
175,100065,뮤직웨이브이벤트,텐 뮤직웨이브 이벤트,2025-03-24 18:00,2025-04-06 23:59,여,20대,871,620,76,12.26,10,13.16
175,100065,뮤직웨이브이벤트,텐 뮤직웨이브 이벤트,2025-03-24 18:00,2025-04-06 23:59,여,30대,897,658,60,9.12,14,23.33
175,100065,뮤직웨이브이벤트,텐 뮤직웨이브 이벤트,2025-03-24 18:00,2025-04-06 23:59,여,40대,967,695,47,6.76,5,10.64
175,100065,뮤직웨이브이벤트,텐 뮤직웨이브 이벤트,2025-03-24 18:00,2025-04-06 23:59,여,50대,294,233,14,6.01,2,14.29
175,100065,뮤직웨이브이벤트,텐 뮤직웨이브 이벤트,2025-03-24 18:00,2025-04-06 23:59,여,60대이상,118,69,3,4.35,1,33.33
177,100065,뮤직웨이브이벤트,KiiiKiii (키키) 뮤직웨이브 이벤트,2025-03-24 18:00,2025-04-07 23:59,남,10대이하,603,400,49,12.25,6,12.24
177,100065,뮤직웨이브이벤트,KiiiKiii (키키) 뮤직웨이브 이벤트,2025-03-24 18:00,2025-04-07 23:59,남,20대,1698,722,90,12.47,7,7.78
177,100065,뮤직웨이브이벤트,KiiiKiii (키키) 뮤직웨이브 이벤트,2025-03-24 18:00,2025-04-07 23:59,남,30대,1374,807,84,10.41,3,3.57
177,100065,뮤직웨이브이벤트,KiiiKiii (키키) 뮤직웨이브 이벤트,2025-03-24 18:00,2025-04-07 23:59,남,40대,1534,1039,113,10.88,2,1.77
177,100065,뮤직웨이브이벤트,KiiiKiii (키키) 뮤직웨이브 이벤트,2025-03-24 18:00,2025-04-07 23:59,남,50대,479,381,28,7.35,2,7.14
177,100065,뮤직웨이브이벤트,KiiiKiii (키키) 뮤직웨이브 이벤트,2025-03-24 18:00,2025-04-07 23:59,남,60대이상,112,91,2,2.2,0,0.0
177,100065,뮤직웨이브이벤트,KiiiKiii (키키) 뮤직웨이브 이벤트,2025-03-24 18:00,2025-04-07 23:59,여,10대이하,1684,909,177,19.47,19,10.73
177,100065,뮤직웨이브이벤트,KiiiKiii (키키) 뮤직웨이브 이벤트,2025-03-24 18:00,2025-04-07 23:59,여,20대,2381,1447,203,14.03,17,8.37
177,100065,뮤직웨이브이벤트,KiiiKiii (키키) 뮤직웨이브 이벤트,2025-03-24 18:00,2025-04-07 23:59,여,30대,1700,1234,73,5.92,4,5.48
177,100065,뮤직웨이브이벤트,KiiiKiii (키키) 뮤직웨이브 이벤트,2025-03-24 18:00,2025-04-07 23:59,여,40대,2710,1830,215,11.75,8,3.72
177,100065,뮤직웨이브이벤트,KiiiKiii (키키) 뮤직웨이브 이벤트,2025-03-24 18:00,2025-04-07 23:59,여,50대,726,535,33,6.17,4,12.12
177,100065,뮤직웨이브이벤트,KiiiKiii (키키) 뮤직웨이브 이벤트,2025-03-24 18:00,2025-04-07 23:59,여,60대이상,219,151,7,4.64,2,28.57
179,100065,뮤직웨이브이벤트,범규의 뮤직웨이브 이벤트,2025-03-27 18:00,2025-04-10 23:59,남,10대이하,391,244,30,12.3,2,6.67
179,100065,뮤직웨이브이벤트,범규의 뮤직웨이브 이벤트,2025-03-27 18:00,2025-04-10 23:59,남,20대,469,375,29,7.73,4,13.79
179,100065,뮤직웨이브이벤트,범규의 뮤직웨이브 이벤트,2025-03-27 18:00,2025-04-10 23:59,남,30대,758,462,45,9.74,8,17.78
179,100065,뮤직웨이브이벤트,범규의 뮤직웨이브 이벤트,2025-03-27 18:00,2025-04-10 23:59,남,40대,2529,1218,347,28.49,8,2.31
179,100065,뮤직웨이브이벤트,범규의 뮤직웨이브 이벤트,2025-03-27 18:00,2025-04-10 23:59,남,50대,926,505,112,22.18,7,6.25
179,100065,뮤직웨이브이벤트,범규의 뮤직웨이브 이벤트,2025-03-27 18:00,2025-04-10 23:59,남,60대이상,150,92,15,16.3,2,13.33
179,100065,뮤직웨이브이벤트,범규의 뮤직웨이브 이벤트,2025-03-27 18:00,2025-04-10 23:59,여,10대이하,8107,3181,1229,38.64,153,12.45
179,100065,뮤직웨이브이벤트,범규의 뮤직웨이브 이벤트,2025-03-27 18:00,2025-04-10 23:59,여,20대,3855,1638,492,30.04,63,12.8
179,100065,뮤직웨이브이벤트,범규의 뮤직웨이브 이벤트,2025-03-27 18:00,2025-04-10 23:59,여,30대,2018,1065,218,20.47,23,10.55
179,100065,뮤직웨이브이벤트,범규의 뮤직웨이브 이벤트,2025-03-27 18:00,2025-04-10 23:59,여,40대,6081,2795,825,29.52,41,4.97
179,100065,뮤직웨이브이벤트,범규의 뮤직웨이브 이벤트,2025-03-27 18:00,2025-04-10 23:59,여,50대,1395,702,135,19.23,10,7.41
179,100065,뮤직웨이브이벤트,범규의 뮤직웨이브 이벤트,2025-03-27 18:00,2025-04-10 23:59,여,60대이상,252,126,19,15.08,3,15.79
180,100065,뮤직웨이브이벤트,NCT WISH 콘서트,2025-03-27 18:00,2025-04-01 00:00,남,10대이하,146,113,7,6.19,1,14.29
180,100065,뮤직웨이브이벤트,NCT WISH 콘서트,2025-03-27 18:00,2025-04-01 00:00,남,20대,256,200,6,3.0,1,16.67
180,100065,뮤직웨이브이벤트,NCT WISH 콘서트,2025-03-27 18:00,2025-04-01 00:00,남,30대,265,202,2,0.99,0,0.0
180,100065,뮤직웨이브이벤트,NCT WISH 콘서트,2025-03-27 18:00,2025-04-01 00:00,남,40대,608,419,31,7.4,0,0.0
180,100065,뮤직웨이브이벤트,NCT WISH 콘서트,2025-03-27 18:00,2025-04-01 00:00,남,50대,467,343,28,8.16,1,3.57
180,100065,뮤직웨이브이벤트,NCT WISH 콘서트,2025-03-27 18:00,2025-04-01 00:00,남,60대이상,51,42,3,7.14,0,0.0
180,100065,뮤직웨이브이벤트,NCT WISH 콘서트,2025-03-27 18:00,2025-04-01 00:00,여,10대이하,3311,2163,254,11.74,14,5.51
180,100065,뮤직웨이브이벤트,NCT WISH 콘서트,2025-03-27 18:00,2025-04-01 00:00,여,20대,4145,2564,281,10.96,15,5.34
180,100065,뮤직웨이브이벤트,NCT WISH 콘서트,2025-03-27 18:00,2025-04-01 00:00,여,30대,1349,783,69,8.81,1,1.45
180,100065,뮤직웨이브이벤트,NCT WISH 콘서트,2025-03-27 18:00,2025-04-01 00:00,여,40대,1533,983,103,10.48,0,0.0
180,100065,뮤직웨이브이벤트,NCT WISH 콘서트,2025-03-27 18:00,2025-04-01 00:00,여,50대,613,432,34,7.87,1,2.94
180,100065,뮤직웨이브이벤트,NCT WISH 콘서트,2025-03-27 18:00,2025-04-01 00:00,여,60대이상,90,76,3,3.95,0,0.0
181,100065,뮤직웨이브이벤트,izna(이즈나) 뮤직웨이브 이벤트,2025-03-31 18:00,2025-04-13 23:59,남,10대이하,303,194,27,13.92,3,11.11
181,100065,뮤직웨이브이벤트,izna(이즈나) 뮤직웨이브 이벤트,2025-03-31 18:00,2025-04-13 23:59,남,20대,563,389,40,10.28,3,7.5
181,100065,뮤직웨이브이벤트,izna(이즈나) 뮤직웨이브 이벤트,2025-03-31 18:00,2025-04-13 23:59,남,30대,595,439,36,8.2,2,5.56
181,100065,뮤직웨이브이벤트,izna(이즈나) 뮤직웨이브 이벤트,2025-03-31 18:00,2025-04-13 23:59,남,40대,1287,646,106,16.41,1,0.94
181,100065,뮤직웨이브이벤트,izna(이즈나) 뮤직웨이브 이벤트,2025-03-31 18:00,2025-04-13 23:59,남,50대,359,230,30,13.04,0,0.0
181,100065,뮤직웨이브이벤트,izna(이즈나) 뮤직웨이브 이벤트,2025-03-31 18:00,2025-04-13 23:59,남,60대이상,69,47,4,8.51,0,0.0
181,100065,뮤직웨이브이벤트,izna(이즈나) 뮤직웨이브 이벤트,2025-03-31 18:00,2025-04-13 23:59,여,10대이하,949,527,105,19.92,18,17.14
181,100065,뮤직웨이브이벤트,izna(이즈나) 뮤직웨이브 이벤트,2025-03-31 18:00,2025-04-13 23:59,여,20대,1393,854,140,16.39,13,9.29
181,100065,뮤직웨이브이벤트,izna(이즈나) 뮤직웨이브 이벤트,2025-03-31 18:00,2025-04-13 23:59,여,30대,1018,656,55,8.38,4,7.27
181,100065,뮤직웨이브이벤트,izna(이즈나) 뮤직웨이브 이벤트,2025-03-31 18:00,2025-04-13 23:59,여,40대,2088,1079,188,17.42,9,4.79
181,100065,뮤직웨이브이벤트,izna(이즈나) 뮤직웨이브 이벤트,2025-03-31 18:00,2025-04-13 23:59,여,50대,474,292,17,5.82,0,0.0
181,100065,뮤직웨이브이벤트,izna(이즈나) 뮤직웨이브 이벤트,2025-03-31 18:00,2025-04-13 23:59,여,60대이상,143,99,4,4.04,0,0.0
182,100065,뮤직웨이브이벤트,마크 (MARK) 뮤직웨이브 이벤트,2025-04-07 18:00,2025-04-21 23:59,남,10대이하,285,220,16,7.27,2,12.5
182,100065,뮤직웨이브이벤트,마크 (MARK) 뮤직웨이브 이벤트,2025-04-07 18:00,2025-04-21 23:59,남,20대,592,456,22,4.82,3,13.64
182,100065,뮤직웨이브이벤트,마크 (MARK) 뮤직웨이브 이벤트,2025-04-07 18:00,2025-04-21 23:59,남,30대,655,488,12,2.46,0,0.0
182,100065,뮤직웨이브이벤트,마크 (MARK) 뮤직웨이브 이벤트,2025-04-07 18:00,2025-04-21 23:59,남,40대,1110,755,94,12.45,1,1.06
182,100065,뮤직웨이브이벤트,마크 (MARK) 뮤직웨이브 이벤트,2025-04-07 18:00,2025-04-21 23:59,남,50대,724,501,85,16.97,1,1.18
182,100065,뮤직웨이브이벤트,마크 (MARK) 뮤직웨이브 이벤트,2025-04-07 18:00,2025-04-21 23:59,남,60대이상,150,112,15,13.39,4,26.67
182,100065,뮤직웨이브이벤트,마크 (MARK) 뮤직웨이브 이벤트,2025-04-07 18:00,2025-04-21 23:59,여,10대이하,4597,2518,861,34.19,84,9.76
182,100065,뮤직웨이브이벤트,마크 (MARK) 뮤직웨이브 이벤트,2025-04-07 18:00,2025-04-21 23:59,여,20대,7656,3780,1121,29.66,132,11.78
182,100065,뮤직웨이브이벤트,마크 (MARK) 뮤직웨이브 이벤트,2025-04-07 18:00,2025-04-21 23:59,여,30대,3893,1665,401,24.08,38,9.48
182,100065,뮤직웨이브이벤트,마크 (MARK) 뮤직웨이브 이벤트,2025-04-07 18:00,2025-04-21 23:59,여,40대,2751,1792,261,14.56,12,4.6
182,100065,뮤직웨이브이벤트,마크 (MARK) 뮤직웨이브 이벤트,2025-04-07 18:00,2025-04-21 23:59,여,50대,1021,670,107,15.97,2,1.87
182,100065,뮤직웨이브이벤트,마크 (MARK) 뮤직웨이브 이벤트,2025-04-07 18:00,2025-04-21 23:59,여,60대이상,279,194,19,9.79,1,5.26
183,100065,뮤직웨이브이벤트,NCT WISH 뮤직웨이브 이벤트,2025-04-14 18:00,2025-04-27 23:59,남,10대이하,1100,531,61,11.49,7,11.48
183,100065,뮤직웨이브이벤트,NCT WISH 뮤직웨이브 이벤트,2025-04-14 18:00,2025-04-27 23:59,남,20대,2106,1401,95,6.78,4,4.21
183,100065,뮤직웨이브이벤트,NCT WISH 뮤직웨이브 이벤트,2025-04-14 18:00,2025-04-27 23:59,남,30대,2144,1441,60,4.16,2,3.33
183,100065,뮤직웨이브이벤트,NCT WISH 뮤직웨이브 이벤트,2025-04-14 18:00,2025-04-27 23:59,남,40대,4056,2068,345,16.68,10,2.9
183,100065,뮤직웨이브이벤트,NCT WISH 뮤직웨이브 이벤트,2025-04-14 18:00,2025-04-27 23:59,남,50대,4056,1494,343,22.96,13,3.79
183,100065,뮤직웨이브이벤트,NCT WISH 뮤직웨이브 이벤트,2025-04-14 18:00,2025-04-27 23:59,남,60대이상,577,278,39,14.03,4,10.26
183,100065,뮤직웨이브이벤트,NCT WISH 뮤직웨이브 이벤트,2025-04-14 18:00,2025-04-27 23:59,여,10대이하,35170,7348,2923,39.78,529,18.1
183,100065,뮤직웨이브이벤트,NCT WISH 뮤직웨이브 이벤트,2025-04-14 18:00,2025-04-27 23:59,여,20대,74453,11718,4833,41.24,961,19.88
183,100065,뮤직웨이브이벤트,NCT WISH 뮤직웨이브 이벤트,2025-04-14 18:00,2025-04-27 23:59,여,30대,24909,4051,942,23.25,189,20.06
183,100065,뮤직웨이브이벤트,NCT WISH 뮤직웨이브 이벤트,2025-04-14 18:00,2025-04-27 23:59,여,40대,12761,4585,882,19.24,63,7.14
183,100065,뮤직웨이브이벤트,NCT WISH 뮤직웨이브 이벤트,2025-04-14 18:00,2025-04-27 23:59,여,50대,5629,2163,447,20.67,14,3.13
183,100065,뮤직웨이브이벤트,NCT WISH 뮤직웨이브 이벤트,2025-04-14 18:00,2025-04-27 23:59,여,60대이상,1290,773,40,5.17,3,7.5
184,100065,뮤직웨이브이벤트,권은비 뮤직웨이브 이벤트,2025-04-14 18:00,2025-04-27 23:59,남,10대이하,730,519,59,11.37,3,5.08
184,100065,뮤직웨이브이벤트,권은비 뮤직웨이브 이벤트,2025-04-14 18:00,2025-04-27 23:59,남,20대,1146,770,98,12.73,3,3.06
184,100065,뮤직웨이브이벤트,권은비 뮤직웨이브 이벤트,2025-04-14 18:00,2025-04-27 23:59,남,30대,1623,854,119,13.93,7,5.88
184,100065,뮤직웨이브이벤트,권은비 뮤직웨이브 이벤트,2025-04-14 18:00,2025-04-27 23:59,남,40대,1407,842,121,14.37,1,0.83
184,100065,뮤직웨이브이벤트,권은비 뮤직웨이브 이벤트,2025-04-14 18:00,2025-04-27 23:59,남,50대,390,294,21,7.14,2,9.52
184,100065,뮤직웨이브이벤트,권은비 뮤직웨이브 이벤트,2025-04-14 18:00,2025-04-27 23:59,남,60대이상,100,74,1,1.35,0,0.0
184,100065,뮤직웨이브이벤트,권은비 뮤직웨이브 이벤트,2025-04-14 18:00,2025-04-27 23:59,여,10대이하,483,383,30,7.83,2,6.67
184,100065,뮤직웨이브이벤트,권은비 뮤직웨이브 이벤트,2025-04-14 18:00,2025-04-27 23:59,여,20대,876,620,49,7.9,4,8.16
184,100065,뮤직웨이브이벤트,권은비 뮤직웨이브 이벤트,2025-04-14 18:00,2025-04-27 23:59,여,30대,933,623,51,8.19,4,7.84
184,100065,뮤직웨이브이벤트,권은비 뮤직웨이브 이벤트,2025-04-14 18:00,2025-04-27 23:59,여,40대,1684,1157,121,10.46,3,2.48
184,100065,뮤직웨이브이벤트,권은비 뮤직웨이브 이벤트,2025-04-14 18:00,2025-04-27 23:59,여,50대,456,357,13,3.64,1,7.69
184,100065,뮤직웨이브이벤트,권은비 뮤직웨이브 이벤트,2025-04-14 18:00,2025-04-27 23:59,여,60대이상,233,146,7,4.79,0,0.0
189,100065,뮤직웨이브이벤트,카이 (KAI) 뮤직웨이브 이벤트,2025-04-21 18:00,2025-05-04 23:59,남,10대이하,544,458,6,1.31,0,0.0
189,100065,뮤직웨이브이벤트,카이 (KAI) 뮤직웨이브 이벤트,2025-04-21 18:00,2025-05-04 23:59,남,20대,930,794,15,1.89,0,0.0
189,100065,뮤직웨이브이벤트,카이 (KAI) 뮤직웨이브 이벤트,2025-04-21 18:00,2025-05-04 23:59,남,30대,926,731,18,2.46,0,0.0
189,100065,뮤직웨이브이벤트,카이 (KAI) 뮤직웨이브 이벤트,2025-04-21 18:00,2025-05-04 23:59,남,40대,1183,840,40,4.76,1,2.5
189,100065,뮤직웨이브이벤트,카이 (KAI) 뮤직웨이브 이벤트,2025-04-21 18:00,2025-05-04 23:59,남,50대,557,428,15,3.5,1,6.67
189,100065,뮤직웨이브이벤트,카이 (KAI) 뮤직웨이브 이벤트,2025-04-21 18:00,2025-05-04 23:59,남,60대이상,147,109,6,5.5,0,0.0
189,100065,뮤직웨이브이벤트,카이 (KAI) 뮤직웨이브 이벤트,2025-04-21 18:00,2025-05-04 23:59,여,10대이하,1290,949,113,11.91,9,7.96
189,100065,뮤직웨이브이벤트,카이 (KAI) 뮤직웨이브 이벤트,2025-04-21 18:00,2025-05-04 23:59,여,20대,4137,2570,516,20.08,41,7.95
189,100065,뮤직웨이브이벤트,카이 (KAI) 뮤직웨이브 이벤트,2025-04-21 18:00,2025-05-04 23:59,여,30대,3442,1808,255,14.1,14,5.49
189,100065,뮤직웨이브이벤트,카이 (KAI) 뮤직웨이브 이벤트,2025-04-21 18:00,2025-05-04 23:59,여,40대,2828,1904,156,8.19,5,3.21
189,100065,뮤직웨이브이벤트,카이 (KAI) 뮤직웨이브 이벤트,2025-04-21 18:00,2025-05-04 23:59,여,50대,1152,733,54,7.37,2,3.7
189,100065,뮤직웨이브이벤트,카이 (KAI) 뮤직웨이브 이벤트,2025-04-21 18:00,2025-05-04 23:59,여,60대이상,300,206,6,2.91,0,0.0
190,100065,뮤직웨이브이벤트,TWS 뮤직웨이브 이벤트,2025-04-21 18:00,2025-05-04 23:59,남,10대이하,590,411,44,10.71,7,15.91
190,100065,뮤직웨이브이벤트,TWS 뮤직웨이브 이벤트,2025-04-21 18:00,2025-05-04 23:59,남,20대,1311,854,60,7.03,8,13.33
190,100065,뮤직웨이브이벤트,TWS 뮤직웨이브 이벤트,2025-04-21 18:00,2025-05-04 23:59,남,30대,1161,814,66,8.11,8,12.12
190,100065,뮤직웨이브이벤트,TWS 뮤직웨이브 이벤트,2025-04-21 18:00,2025-05-04 23:59,남,40대,1842,980,141,14.39,5,3.55
190,100065,뮤직웨이브이벤트,TWS 뮤직웨이브 이벤트,2025-04-21 18:00,2025-05-04 23:59,남,50대,756,490,50,10.2,2,4.0
190,100065,뮤직웨이브이벤트,TWS 뮤직웨이브 이벤트,2025-04-21 18:00,2025-05-04 23:59,남,60대이상,219,147,10,6.8,2,20.0
190,100065,뮤직웨이브이벤트,TWS 뮤직웨이브 이벤트,2025-04-21 18:00,2025-05-04 23:59,여,10대이하,4534,1903,600,31.53,104,17.33
190,100065,뮤직웨이브이벤트,TWS 뮤직웨이브 이벤트,2025-04-21 18:00,2025-05-04 23:59,여,20대,6353,2937,739,25.16,111,15.02
190,100065,뮤직웨이브이벤트,TWS 뮤직웨이브 이벤트,2025-04-21 18:00,2025-05-04 23:59,여,30대,4864,1884,412,21.87,60,14.56
190,100065,뮤직웨이브이벤트,TWS 뮤직웨이브 이벤트,2025-04-21 18:00,2025-05-04 23:59,여,40대,5473,2301,423,18.38,38,8.98
190,100065,뮤직웨이브이벤트,TWS 뮤직웨이브 이벤트,2025-04-21 18:00,2025-05-04 23:59,여,50대,1254,771,76,9.86,5,6.58
190,100065,뮤직웨이브이벤트,TWS 뮤직웨이브 이벤트,2025-04-21 18:00,2025-05-04 23:59,여,60대이상,338,227,16,7.05,0,0.0
191,100065,뮤직웨이브이벤트,온유의 뮤직웨이브,2025-04-21 18:00,2025-05-04 23:59,남,10대이하,543,471,10,2.12,1,10.0
191,100065,뮤직웨이브이벤트,온유의 뮤직웨이브,2025-04-21 18:00,2025-05-04 23:59,남,20대,924,825,12,1.45,1,8.33
191,100065,뮤직웨이브이벤트,온유의 뮤직웨이브,2025-04-21 18:00,2025-05-04 23:59,남,30대,1001,758,39,5.15,1,2.56
191,100065,뮤직웨이브이벤트,온유의 뮤직웨이브,2025-04-21 18:00,2025-05-04 23:59,남,40대,1263,935,78,8.34,3,3.85
191,100065,뮤직웨이브이벤트,온유의 뮤직웨이브,2025-04-21 18:00,2025-05-04 23:59,남,50대,511,423,19,4.49,1,5.26
191,100065,뮤직웨이브이벤트,온유의 뮤직웨이브,2025-04-21 18:00,2025-05-04 23:59,남,60대이상,147,102,4,3.92,0,0.0
191,100065,뮤직웨이브이벤트,온유의 뮤직웨이브,2025-04-21 18:00,2025-05-04 23:59,여,10대이하,1149,800,44,5.5,5,11.36
191,100065,뮤직웨이브이벤트,온유의 뮤직웨이브,2025-04-21 18:00,2025-05-04 23:59,여,20대,3086,1819,182,10.01,25,13.74
191,100065,뮤직웨이브이벤트,온유의 뮤직웨이브,2025-04-21 18:00,2025-05-04 23:59,여,30대,5813,1939,307,15.83,30,9.77
191,100065,뮤직웨이브이벤트,온유의 뮤직웨이브,2025-04-21 18:00,2025-05-04 23:59,여,40대,7497,2112,269,12.74,33,12.27
191,100065,뮤직웨이브이벤트,온유의 뮤직웨이브,2025-04-21 18:00,2025-05-04 23:59,여,50대,1941,651,53,8.14,3,5.66
191,100065,뮤직웨이브이벤트,온유의 뮤직웨이브,2025-04-21 18:00,2025-05-04 23:59,여,60대이상,369,185,13,7.03,1,7.69
199,100065,뮤직웨이브이벤트,MEOVV (미야오) 뮤직웨이브 이벤트,2025-04-28 18:00,2025-05-06 23:59,남,10대이하,299,209,19,9.09,3,15.79
199,100065,뮤직웨이브이벤트,MEOVV (미야오) 뮤직웨이브 이벤트,2025-04-28 18:00,2025-05-06 23:59,남,20대,788,594,34,5.72,1,2.94
199,100065,뮤직웨이브이벤트,MEOVV (미야오) 뮤직웨이브 이벤트,2025-04-28 18:00,2025-05-06 23:59,남,30대,819,611,22,3.6,0,0.0
199,100065,뮤직웨이브이벤트,MEOVV (미야오) 뮤직웨이브 이벤트,2025-04-28 18:00,2025-05-06 23:59,남,40대,774,591,27,4.57,2,7.41
199,100065,뮤직웨이브이벤트,MEOVV (미야오) 뮤직웨이브 이벤트,2025-04-28 18:00,2025-05-06 23:59,남,50대,349,287,11,3.83,1,9.09
199,100065,뮤직웨이브이벤트,MEOVV (미야오) 뮤직웨이브 이벤트,2025-04-28 18:00,2025-05-06 23:59,남,60대이상,140,98,7,7.14,0,0.0
199,100065,뮤직웨이브이벤트,MEOVV (미야오) 뮤직웨이브 이벤트,2025-04-28 18:00,2025-05-06 23:59,여,10대이하,697,507,70,13.81,3,4.29
199,100065,뮤직웨이브이벤트,MEOVV (미야오) 뮤직웨이브 이벤트,2025-04-28 18:00,2025-05-06 23:59,여,20대,1578,1188,121,10.19,7,5.79
199,100065,뮤직웨이브이벤트,MEOVV (미야오) 뮤직웨이브 이벤트,2025-04-28 18:00,2025-05-06 23:59,여,30대,1116,905,25,2.76,2,8.0
199,100065,뮤직웨이브이벤트,MEOVV (미야오) 뮤직웨이브 이벤트,2025-04-28 18:00,2025-05-06 23:59,여,40대,1396,1097,61,5.56,0,0.0
199,100065,뮤직웨이브이벤트,MEOVV (미야오) 뮤직웨이브 이벤트,2025-04-28 18:00,2025-05-06 23:59,여,50대,583,458,16,3.49,2,12.5
199,100065,뮤직웨이브이벤트,MEOVV (미야오) 뮤직웨이브 이벤트,2025-04-28 18:00,2025-05-06 23:59,여,60대이상,179,129,1,0.78,0,0.0
200,100065,뮤직웨이브이벤트,뽀로로의 뮤직웨이브,2025-04-29 15:00,2025-05-31 23:59,남,10대이하,354,299,14,4.68,3,21.43
200,100065,뮤직웨이브이벤트,뽀로로의 뮤직웨이브,2025-04-29 15:00,2025-05-31 23:59,남,20대,755,676,8,1.18,0,0.0
200,100065,뮤직웨이브이벤트,뽀로로의 뮤직웨이브,2025-04-29 15:00,2025-05-31 23:59,남,30대,1493,1104,35,3.17,1,2.86
200,100065,뮤직웨이브이벤트,뽀로로의 뮤직웨이브,2025-04-29 15:00,2025-05-31 23:59,남,40대,1852,1363,116,8.51,6,5.17
200,100065,뮤직웨이브이벤트,뽀로로의 뮤직웨이브,2025-04-29 15:00,2025-05-31 23:59,남,50대,558,463,15,3.24,1,6.67
200,100065,뮤직웨이브이벤트,뽀로로의 뮤직웨이브,2025-04-29 15:00,2025-05-31 23:59,남,60대이상,189,119,3,2.52,0,0.0
200,100065,뮤직웨이브이벤트,뽀로로의 뮤직웨이브,2025-04-29 15:00,2025-05-31 23:59,여,10대이하,1030,928,67,7.22,12,17.91
200,100065,뮤직웨이브이벤트,뽀로로의 뮤직웨이브,2025-04-29 15:00,2025-05-31 23:59,여,20대,1505,1367,34,2.49,3,8.82
200,100065,뮤직웨이브이벤트,뽀로로의 뮤직웨이브,2025-04-29 15:00,2025-05-31 23:59,여,30대,2826,2130,119,5.59,7,5.88
200,100065,뮤직웨이브이벤트,뽀로로의 뮤직웨이브,2025-04-29 15:00,2025-05-31 23:59,여,40대,3174,2346,205,8.74,13,6.34
200,100065,뮤직웨이브이벤트,뽀로로의 뮤직웨이브,2025-04-29 15:00,2025-05-31 23:59,여,50대,826,690,19,2.75,0,0.0
200,100065,뮤직웨이브이벤트,뽀로로의 뮤직웨이브,2025-04-29 15:00,2025-05-31 23:59,여,60대이상,347,247,7,2.83,0,0.0
201,100065,뮤직웨이브이벤트,📌 투모로우바이투게더 뮤직웨이브 이벤트,2025-05-02 13:00,2025-05-15 23:59,남,10대이하,549,345,32,9.28,1,3.13
201,100065,뮤직웨이브이벤트,📌 투모로우바이투게더 뮤직웨이브 이벤트,2025-05-02 13:00,2025-05-15 23:59,남,20대,1108,789,42,5.32,2,4.76
201,100065,뮤직웨이브이벤트,📌 투모로우바이투게더 뮤직웨이브 이벤트,2025-05-02 13:00,2025-05-15 23:59,남,30대,1234,777,50,6.44,4,8.0
201,100065,뮤직웨이브이벤트,📌 투모로우바이투게더 뮤직웨이브 이벤트,2025-05-02 13:00,2025-05-15 23:59,남,40대,2749,1253,295,23.54,4,1.36
201,100065,뮤직웨이브이벤트,📌 투모로우바이투게더 뮤직웨이브 이벤트,2025-05-02 13:00,2025-05-15 23:59,남,50대,969,537,87,16.2,2,2.3
201,100065,뮤직웨이브이벤트,📌 투모로우바이투게더 뮤직웨이브 이벤트,2025-05-02 13:00,2025-05-15 23:59,남,60대이상,173,129,13,10.08,0,0.0
201,100065,뮤직웨이브이벤트,📌 투모로우바이투게더 뮤직웨이브 이벤트,2025-05-02 13:00,2025-05-15 23:59,여,10대이하,7582,2794,1006,36.01,128,12.72
201,100065,뮤직웨이브이벤트,📌 투모로우바이투게더 뮤직웨이브 이벤트,2025-05-02 13:00,2025-05-15 23:59,여,20대,6441,2638,605,22.93,55,9.09
201,100065,뮤직웨이브이벤트,📌 투모로우바이투게더 뮤직웨이브 이벤트,2025-05-02 13:00,2025-05-15 23:59,여,30대,3900,1798,330,18.35,19,5.76
201,100065,뮤직웨이브이벤트,📌 투모로우바이투게더 뮤직웨이브 이벤트,2025-05-02 13:00,2025-05-15 23:59,여,40대,7812,2887,781,27.05,30,3.84
201,100065,뮤직웨이브이벤트,📌 투모로우바이투게더 뮤직웨이브 이벤트,2025-05-02 13:00,2025-05-15 23:59,여,50대,2048,869,125,14.38,4,3.2
201,100065,뮤직웨이브이벤트,📌 투모로우바이투게더 뮤직웨이브 이벤트,2025-05-02 13:00,2025-05-15 23:59,여,60대이상,332,195,18,9.23,3,16.67
204,100065,뮤직웨이브이벤트,📌 DAY6(데이식스) 뮤직웨이브 이벤트,2025-05-07 18:00,2025-05-20 23:59,남,10대이하,982,608,61,10.03,4,6.56
204,100065,뮤직웨이브이벤트,📌 DAY6(데이식스) 뮤직웨이브 이벤트,2025-05-07 18:00,2025-05-20 23:59,남,20대,1790,1198,116,9.68,9,7.76
204,100065,뮤직웨이브이벤트,📌 DAY6(데이식스) 뮤직웨이브 이벤트,2025-05-07 18:00,2025-05-20 23:59,남,30대,2093,1099,179,16.29,16,8.94
204,100065,뮤직웨이브이벤트,📌 DAY6(데이식스) 뮤직웨이브 이벤트,2025-05-07 18:00,2025-05-20 23:59,남,40대,2787,1266,241,19.04,7,2.9
204,100065,뮤직웨이브이벤트,📌 DAY6(데이식스) 뮤직웨이브 이벤트,2025-05-07 18:00,2025-05-20 23:59,남,50대,1689,775,152,19.61,7,4.61
204,100065,뮤직웨이브이벤트,📌 DAY6(데이식스) 뮤직웨이브 이벤트,2025-05-07 18:00,2025-05-20 23:59,남,60대이상,425,163,36,22.09,4,11.11
204,100065,뮤직웨이브이벤트,📌 DAY6(데이식스) 뮤직웨이브 이벤트,2025-05-07 18:00,2025-05-20 23:59,여,10대이하,8834,2966,949,32.0,151,15.91
204,100065,뮤직웨이브이벤트,📌 DAY6(데이식스) 뮤직웨이브 이벤트,2025-05-07 18:00,2025-05-20 23:59,여,20대,24449,7882,2852,36.18,597,20.93
204,100065,뮤직웨이브이벤트,📌 DAY6(데이식스) 뮤직웨이브 이벤트,2025-05-07 18:00,2025-05-20 23:59,여,30대,21078,5475,2076,37.92,422,20.33
204,100065,뮤직웨이브이벤트,📌 DAY6(데이식스) 뮤직웨이브 이벤트,2025-05-07 18:00,2025-05-20 23:59,여,40대,9570,3534,897,25.38,88,9.81
204,100065,뮤직웨이브이벤트,📌 DAY6(데이식스) 뮤직웨이브 이벤트,2025-05-07 18:00,2025-05-20 23:59,여,50대,3110,1275,261,20.47,26,9.96
204,100065,뮤직웨이브이벤트,📌 DAY6(데이식스) 뮤직웨이브 이벤트,2025-05-07 18:00,2025-05-20 23:59,여,60대이상,614,289,48,16.61,4,8.33
208,100065,뮤직웨이브이벤트,📢 RIIZE 뮤직웨이브 이벤트,2025-05-19 18:00,2025-06-02 23:59,남,10대이하,1168,747,43,5.76,4,9.3
208,100065,뮤직웨이브이벤트,📢 RIIZE 뮤직웨이브 이벤트,2025-05-19 18:00,2025-06-02 23:59,남,20대,3370,1839,120,6.53,16,13.33
208,100065,뮤직웨이브이벤트,📢 RIIZE 뮤직웨이브 이벤트,2025-05-19 18:00,2025-06-02 23:59,남,30대,4283,2018,100,4.96,17,17.0
208,100065,뮤직웨이브이벤트,📢 RIIZE 뮤직웨이브 이벤트,2025-05-19 18:00,2025-06-02 23:59,남,40대,6091,2445,330,13.5,18,5.45
208,100065,뮤직웨이브이벤트,📢 RIIZE 뮤직웨이브 이벤트,2025-05-19 18:00,2025-06-02 23:59,남,50대,3782,1456,234,16.07,15,6.41
208,100065,뮤직웨이브이벤트,📢 RIIZE 뮤직웨이브 이벤트,2025-05-19 18:00,2025-06-02 23:59,남,60대이상,777,295,26,8.81,3,11.54
208,100065,뮤직웨이브이벤트,📢 RIIZE 뮤직웨이브 이벤트,2025-05-19 18:00,2025-06-02 23:59,여,10대이하,35732,7735,2803,36.24,587,20.94
208,100065,뮤직웨이브이벤트,📢 RIIZE 뮤직웨이브 이벤트,2025-05-19 18:00,2025-06-02 23:59,여,20대,58911,11889,4365,36.71,1024,23.46
208,100065,뮤직웨이브이벤트,📢 RIIZE 뮤직웨이브 이벤트,2025-05-19 18:00,2025-06-02 23:59,여,30대,45258,6563,1892,28.83,404,21.35
208,100065,뮤직웨이브이벤트,📢 RIIZE 뮤직웨이브 이벤트,2025-05-19 18:00,2025-06-02 23:59,여,40대,35601,6412,1377,21.48,150,10.89
208,100065,뮤직웨이브이벤트,📢 RIIZE 뮤직웨이브 이벤트,2025-05-19 18:00,2025-06-02 23:59,여,50대,7326,2330,387,16.61,32,8.27
208,100065,뮤직웨이브이벤트,📢 RIIZE 뮤직웨이브 이벤트,2025-05-19 18:00,2025-06-02 23:59,여,60대이상,2632,602,72,11.96,16,22.22
209,100065,뮤직웨이브이벤트,MEOVV(미야오) 뮤직웨이브 이벤트,2025-05-12 18:00,2025-05-25 23:59,남,10대이하,366,271,17,6.27,1,5.88
209,100065,뮤직웨이브이벤트,MEOVV(미야오) 뮤직웨이브 이벤트,2025-05-12 18:00,2025-05-25 23:59,남,20대,902,672,48,7.14,4,8.33
209,100065,뮤직웨이브이벤트,MEOVV(미야오) 뮤직웨이브 이벤트,2025-05-12 18:00,2025-05-25 23:59,남,30대,818,605,40,6.61,1,2.5
209,100065,뮤직웨이브이벤트,MEOVV(미야오) 뮤직웨이브 이벤트,2025-05-12 18:00,2025-05-25 23:59,남,40대,1035,724,67,9.25,0,0.0
209,100065,뮤직웨이브이벤트,MEOVV(미야오) 뮤직웨이브 이벤트,2025-05-12 18:00,2025-05-25 23:59,남,50대,375,304,18,5.92,1,5.56
209,100065,뮤직웨이브이벤트,MEOVV(미야오) 뮤직웨이브 이벤트,2025-05-12 18:00,2025-05-25 23:59,남,60대이상,128,65,3,4.62,0,0.0
209,100065,뮤직웨이브이벤트,MEOVV(미야오) 뮤직웨이브 이벤트,2025-05-12 18:00,2025-05-25 23:59,여,10대이하,869,679,68,10.01,11,16.18
209,100065,뮤직웨이브이벤트,MEOVV(미야오) 뮤직웨이브 이벤트,2025-05-12 18:00,2025-05-25 23:59,여,20대,1534,1128,83,7.36,8,9.64
209,100065,뮤직웨이브이벤트,MEOVV(미야오) 뮤직웨이브 이벤트,2025-05-12 18:00,2025-05-25 23:59,여,30대,998,802,40,4.99,1,2.5
209,100065,뮤직웨이브이벤트,MEOVV(미야오) 뮤직웨이브 이벤트,2025-05-12 18:00,2025-05-25 23:59,여,40대,1584,1203,94,7.81,1,1.06
209,100065,뮤직웨이브이벤트,MEOVV(미야오) 뮤직웨이브 이벤트,2025-05-12 18:00,2025-05-25 23:59,여,50대,530,429,16,3.73,0,0.0
209,100065,뮤직웨이브이벤트,MEOVV(미야오) 뮤직웨이브 이벤트,2025-05-12 18:00,2025-05-25 23:59,여,60대이상,171,99,3,3.03,0,0.0
210,100065,뮤직웨이브이벤트,⏰안유진(IVE) 보이스알람 출시 기념 뮤직웨이브,2025-05-13 15:00,2025-06-13 23:59,남,10대이하,463,298,23,7.72,4,17.39
210,100065,뮤직웨이브이벤트,⏰안유진(IVE) 보이스알람 출시 기념 뮤직웨이브,2025-05-13 15:00,2025-06-13 23:59,남,20대,1280,913,34,3.72,3,8.82
210,100065,뮤직웨이브이벤트,⏰안유진(IVE) 보이스알람 출시 기념 뮤직웨이브,2025-05-13 15:00,2025-06-13 23:59,남,30대,1121,783,42,5.36,0,0.0
210,100065,뮤직웨이브이벤트,⏰안유진(IVE) 보이스알람 출시 기념 뮤직웨이브,2025-05-13 15:00,2025-06-13 23:59,남,40대,1234,748,70,9.36,2,2.86
210,100065,뮤직웨이브이벤트,⏰안유진(IVE) 보이스알람 출시 기념 뮤직웨이브,2025-05-13 15:00,2025-06-13 23:59,남,50대,397,281,20,7.12,2,10.0
210,100065,뮤직웨이브이벤트,⏰안유진(IVE) 보이스알람 출시 기념 뮤직웨이브,2025-05-13 15:00,2025-06-13 23:59,남,60대이상,101,79,4,5.06,0,0.0
210,100065,뮤직웨이브이벤트,⏰안유진(IVE) 보이스알람 출시 기념 뮤직웨이브,2025-05-13 15:00,2025-06-13 23:59,여,10대이하,537,396,34,8.59,6,17.65
210,100065,뮤직웨이브이벤트,⏰안유진(IVE) 보이스알람 출시 기념 뮤직웨이브,2025-05-13 15:00,2025-06-13 23:59,여,20대,1003,839,32,3.81,8,25.0
210,100065,뮤직웨이브이벤트,⏰안유진(IVE) 보이스알람 출시 기념 뮤직웨이브,2025-05-13 15:00,2025-06-13 23:59,여,30대,900,682,41,6.01,4,9.76
210,100065,뮤직웨이브이벤트,⏰안유진(IVE) 보이스알람 출시 기념 뮤직웨이브,2025-05-13 15:00,2025-06-13 23:59,여,40대,1772,1045,120,11.48,12,10.0
210,100065,뮤직웨이브이벤트,⏰안유진(IVE) 보이스알람 출시 기념 뮤직웨이브,2025-05-13 15:00,2025-06-13 23:59,여,50대,412,323,6,1.86,0,0.0
210,100065,뮤직웨이브이벤트,⏰안유진(IVE) 보이스알람 출시 기념 뮤직웨이브,2025-05-13 15:00,2025-06-13 23:59,여,60대이상,101,78,2,2.56,0,0.0
211,100065,뮤직웨이브이벤트,📌 BOYNEXTDOOR 뮤직웨이브 이벤트,2025-05-13 18:00,2025-05-25 23:59,남,10대이하,1513,767,92,11.99,11,11.96
211,100065,뮤직웨이브이벤트,📌 BOYNEXTDOOR 뮤직웨이브 이벤트,2025-05-13 18:00,2025-05-25 23:59,남,20대,2542,1492,96,6.43,10,10.42
211,100065,뮤직웨이브이벤트,📌 BOYNEXTDOOR 뮤직웨이브 이벤트,2025-05-13 18:00,2025-05-25 23:59,남,30대,2493,1548,104,6.72,7,6.73
211,100065,뮤직웨이브이벤트,📌 BOYNEXTDOOR 뮤직웨이브 이벤트,2025-05-13 18:00,2025-05-25 23:59,남,40대,8493,3268,818,25.03,31,3.79
211,100065,뮤직웨이브이벤트,📌 BOYNEXTDOOR 뮤직웨이브 이벤트,2025-05-13 18:00,2025-05-25 23:59,남,50대,3882,1508,380,25.2,26,6.84
211,100065,뮤직웨이브이벤트,📌 BOYNEXTDOOR 뮤직웨이브 이벤트,2025-05-13 18:00,2025-05-25 23:59,남,60대이상,652,259,32,12.36,1,3.13
211,100065,뮤직웨이브이벤트,📌 BOYNEXTDOOR 뮤직웨이브 이벤트,2025-05-13 18:00,2025-05-25 23:59,여,10대이하,39096,9815,4189,42.68,844,20.15
211,100065,뮤직웨이브이벤트,📌 BOYNEXTDOOR 뮤직웨이브 이벤트,2025-05-13 18:00,2025-05-25 23:59,여,20대,32752,7670,2835,36.96,495,17.46
211,100065,뮤직웨이브이벤트,📌 BOYNEXTDOOR 뮤직웨이브 이벤트,2025-05-13 18:00,2025-05-25 23:59,여,30대,9604,3325,533,16.03,54,10.13
211,100065,뮤직웨이브이벤트,📌 BOYNEXTDOOR 뮤직웨이브 이벤트,2025-05-13 18:00,2025-05-25 23:59,여,40대,19190,6920,1900,27.46,105,5.53
211,100065,뮤직웨이브이벤트,📌 BOYNEXTDOOR 뮤직웨이브 이벤트,2025-05-13 18:00,2025-05-25 23:59,여,50대,5046,1963,438,22.31,22,5.02
211,100065,뮤직웨이브이벤트,📌 BOYNEXTDOOR 뮤직웨이브 이벤트,2025-05-13 18:00,2025-05-25 23:59,여,60대이상,697,411,47,11.44,6,12.77
212,100065,뮤직웨이브이벤트,📌 백현(Baekhyun) 뮤직웨이브 이벤트,2025-05-19 18:00,2025-06-01 23:59,남,10대이하,459,377,11,2.92,0,0.0
212,100065,뮤직웨이브이벤트,📌 백현(Baekhyun) 뮤직웨이브 이벤트,2025-05-19 18:00,2025-06-01 23:59,남,20대,1008,832,35,4.21,1,2.86
212,100065,뮤직웨이브이벤트,📌 백현(Baekhyun) 뮤직웨이브 이벤트,2025-05-19 18:00,2025-06-01 23:59,남,30대,1128,779,40,5.13,3,7.5
212,100065,뮤직웨이브이벤트,📌 백현(Baekhyun) 뮤직웨이브 이벤트,2025-05-19 18:00,2025-06-01 23:59,남,40대,1213,862,54,6.26,3,5.56
212,100065,뮤직웨이브이벤트,📌 백현(Baekhyun) 뮤직웨이브 이벤트,2025-05-19 18:00,2025-06-01 23:59,남,50대,559,425,28,6.59,3,10.71
212,100065,뮤직웨이브이벤트,📌 백현(Baekhyun) 뮤직웨이브 이벤트,2025-05-19 18:00,2025-06-01 23:59,남,60대이상,212,140,10,7.14,1,10.0
212,100065,뮤직웨이브이벤트,📌 백현(Baekhyun) 뮤직웨이브 이벤트,2025-05-19 18:00,2025-06-01 23:59,여,10대이하,1487,1080,126,11.67,13,10.32
212,100065,뮤직웨이브이벤트,📌 백현(Baekhyun) 뮤직웨이브 이벤트,2025-05-19 18:00,2025-06-01 23:59,여,20대,7143,3602,1038,28.82,105,10.12
212,100065,뮤직웨이브이벤트,📌 백현(Baekhyun) 뮤직웨이브 이벤트,2025-05-19 18:00,2025-06-01 23:59,여,30대,4687,1965,395,20.1,25,6.33
212,100065,뮤직웨이브이벤트,📌 백현(Baekhyun) 뮤직웨이브 이벤트,2025-05-19 18:00,2025-06-01 23:59,여,40대,2847,1848,170,9.2,6,3.53
212,100065,뮤직웨이브이벤트,📌 백현(Baekhyun) 뮤직웨이브 이벤트,2025-05-19 18:00,2025-06-01 23:59,여,50대,1017,695,66,9.5,1,1.52
212,100065,뮤직웨이브이벤트,📌 백현(Baekhyun) 뮤직웨이브 이벤트,2025-05-19 18:00,2025-06-01 23:59,여,60대이상,297,182,14,7.69,2,14.29
213,100065,뮤직웨이브이벤트,i-dle (아이들) 뮤직웨이브 이벤트,2025-05-19 18:00,2025-06-01 23:59,남,10대이하,1158,634,78,12.3,7,8.97
213,100065,뮤직웨이브이벤트,i-dle (아이들) 뮤직웨이브 이벤트,2025-05-19 18:00,2025-06-01 23:59,남,20대,2422,1450,167,11.52,12,7.19
213,100065,뮤직웨이브이벤트,i-dle (아이들) 뮤직웨이브 이벤트,2025-05-19 18:00,2025-06-01 23:59,남,30대,2479,1323,129,9.75,8,6.2
213,100065,뮤직웨이브이벤트,i-dle (아이들) 뮤직웨이브 이벤트,2025-05-19 18:00,2025-06-01 23:59,남,40대,2194,1380,142,10.29,7,4.93
213,100065,뮤직웨이브이벤트,i-dle (아이들) 뮤직웨이브 이벤트,2025-05-19 18:00,2025-06-01 23:59,남,50대,859,580,33,5.69,3,9.09
213,100065,뮤직웨이브이벤트,i-dle (아이들) 뮤직웨이브 이벤트,2025-05-19 18:00,2025-06-01 23:59,남,60대이상,195,139,8,5.76,0,0.0
213,100065,뮤직웨이브이벤트,i-dle (아이들) 뮤직웨이브 이벤트,2025-05-19 18:00,2025-06-01 23:59,여,10대이하,1714,1091,143,13.11,15,10.49
213,100065,뮤직웨이브이벤트,i-dle (아이들) 뮤직웨이브 이벤트,2025-05-19 18:00,2025-06-01 23:59,여,20대,3096,2126,191,8.98,36,18.85
213,100065,뮤직웨이브이벤트,i-dle (아이들) 뮤직웨이브 이벤트,2025-05-19 18:00,2025-06-01 23:59,여,30대,2641,1833,126,6.87,8,6.35
213,100065,뮤직웨이브이벤트,i-dle (아이들) 뮤직웨이브 이벤트,2025-05-19 18:00,2025-06-01 23:59,여,40대,3359,2267,258,11.38,7,2.71
213,100065,뮤직웨이브이벤트,i-dle (아이들) 뮤직웨이브 이벤트,2025-05-19 18:00,2025-06-01 23:59,여,50대,941,711,38,5.34,4,10.53
213,100065,뮤직웨이브이벤트,i-dle (아이들) 뮤직웨이브 이벤트,2025-05-19 18:00,2025-06-01 23:59,여,60대이상,295,207,13,6.28,0,0.0
218,100065,뮤직웨이브이벤트,킥플립의 뮤직웨이브,2025-05-26 18:00,2025-06-08 23:59,남,10대이하,513,363,17,4.68,2,11.76
218,100065,뮤직웨이브이벤트,킥플립의 뮤직웨이브,2025-05-26 18:00,2025-06-08 23:59,남,20대,1012,882,10,1.13,0,0.0
218,100065,뮤직웨이브이벤트,킥플립의 뮤직웨이브,2025-05-26 18:00,2025-06-08 23:59,남,30대,1331,954,18,1.89,1,5.56
218,100065,뮤직웨이브이벤트,킥플립의 뮤직웨이브,2025-05-26 18:00,2025-06-08 23:59,남,40대,1367,1001,51,5.09,0,0.0
218,100065,뮤직웨이브이벤트,킥플립의 뮤직웨이브,2025-05-26 18:00,2025-06-08 23:59,남,50대,613,465,12,2.58,2,16.67
218,100065,뮤직웨이브이벤트,킥플립의 뮤직웨이브,2025-05-26 18:00,2025-06-08 23:59,남,60대이상,191,141,,,,
218,100065,뮤직웨이브이벤트,킥플립의 뮤직웨이브,2025-05-26 18:00,2025-06-08 23:59,여,10대이하,1755,1184,143,12.08,15,10.49
218,100065,뮤직웨이브이벤트,킥플립의 뮤직웨이브,2025-05-26 18:00,2025-06-08 23:59,여,20대,2903,2023,137,6.77,19,13.87
218,100065,뮤직웨이브이벤트,킥플립의 뮤직웨이브,2025-05-26 18:00,2025-06-08 23:59,여,30대,2263,1605,53,3.3,3,5.66
218,100065,뮤직웨이브이벤트,킥플립의 뮤직웨이브,2025-05-26 18:00,2025-06-08 23:59,여,40대,2772,1971,105,5.33,1,0.95
218,100065,뮤직웨이브이벤트,킥플립의 뮤직웨이브,2025-05-26 18:00,2025-06-08 23:59,여,50대,1005,750,23,3.07,2,8.7
218,100065,뮤직웨이브이벤트,킥플립의 뮤직웨이브,2025-05-26 18:00,2025-06-08 23:59,여,60대이상,535,338,4,1.18,0,0.0
219,100065,뮤직웨이브이벤트,킥플립의 뮤직웨이브,2025-05-26 15:00,2025-05-26 18:00,남,10대이하,435,313,12,3.83,0,0.0
219,100065,뮤직웨이브이벤트,킥플립의 뮤직웨이브,2025-05-26 15:00,2025-05-26 18:00,남,20대,741,657,9,1.37,0,0.0
219,100065,뮤직웨이브이벤트,킥플립의 뮤직웨이브,2025-05-26 15:00,2025-05-26 18:00,남,30대,946,706,15,2.12,1,6.67
219,100065,뮤직웨이브이벤트,킥플립의 뮤직웨이브,2025-05-26 15:00,2025-05-26 18:00,남,40대,1080,806,45,5.58,0,0.0
219,100065,뮤직웨이브이벤트,킥플립의 뮤직웨이브,2025-05-26 15:00,2025-05-26 18:00,남,50대,485,370,10,2.7,0,0.0
219,100065,뮤직웨이브이벤트,킥플립의 뮤직웨이브,2025-05-26 15:00,2025-05-26 18:00,남,60대이상,110,90,,,,
219,100065,뮤직웨이브이벤트,킥플립의 뮤직웨이브,2025-05-26 15:00,2025-05-26 18:00,여,10대이하,1288,960,105,10.94,5,4.76
219,100065,뮤직웨이브이벤트,킥플립의 뮤직웨이브,2025-05-26 15:00,2025-05-26 18:00,여,20대,2000,1482,107,7.22,13,12.15
219,100065,뮤직웨이브이벤트,킥플립의 뮤직웨이브,2025-05-26 15:00,2025-05-26 18:00,여,30대,1577,1190,49,4.12,3,6.12
219,100065,뮤직웨이브이벤트,킥플립의 뮤직웨이브,2025-05-26 15:00,2025-05-26 18:00,여,40대,2146,1608,92,5.72,0,0.0
219,100065,뮤직웨이브이벤트,킥플립의 뮤직웨이브,2025-05-26 15:00,2025-05-26 18:00,여,50대,705,529,17,3.21,1,5.88
219,100065,뮤직웨이브이벤트,킥플립의 뮤직웨이브,2025-05-26 15:00,2025-05-26 18:00,여,60대이상,280,162,2,1.23,0,0.0
220,100065,뮤직웨이브이벤트,SHINee (샤이니) 뮤직웨이브 이벤트,2025-05-26 12:00,2025-06-01 23:59,남,10대이하,74,66,1,1.52,0,0.0
220,100065,뮤직웨이브이벤트,SHINee (샤이니) 뮤직웨이브 이벤트,2025-05-26 12:00,2025-06-01 23:59,남,20대,356,254,9,3.54,0,0.0
220,100065,뮤직웨이브이벤트,SHINee (샤이니) 뮤직웨이브 이벤트,2025-05-26 12:00,2025-06-01 23:59,남,30대,434,295,11,3.73,0,0.0
220,100065,뮤직웨이브이벤트,SHINee (샤이니) 뮤직웨이브 이벤트,2025-05-26 12:00,2025-06-01 23:59,남,40대,391,240,15,6.25,0,0.0
220,100065,뮤직웨이브이벤트,SHINee (샤이니) 뮤직웨이브 이벤트,2025-05-26 12:00,2025-06-01 23:59,남,50대,197,136,5,3.68,0,0.0
220,100065,뮤직웨이브이벤트,SHINee (샤이니) 뮤직웨이브 이벤트,2025-05-26 12:00,2025-06-01 23:59,남,60대이상,186,57,7,12.28,1,14.29
220,100065,뮤직웨이브이벤트,SHINee (샤이니) 뮤직웨이브 이벤트,2025-05-26 12:00,2025-06-01 23:59,여,10대이하,717,286,51,17.83,4,7.84
220,100065,뮤직웨이브이벤트,SHINee (샤이니) 뮤직웨이브 이벤트,2025-05-26 12:00,2025-06-01 23:59,여,20대,5449,1417,435,30.7,34,7.82
220,100065,뮤직웨이브이벤트,SHINee (샤이니) 뮤직웨이브 이벤트,2025-05-26 12:00,2025-06-01 23:59,여,30대,7390,1524,454,29.79,45,9.91
220,100065,뮤직웨이브이벤트,SHINee (샤이니) 뮤직웨이브 이벤트,2025-05-26 12:00,2025-06-01 23:59,여,40대,4285,875,183,20.91,7,3.83
220,100065,뮤직웨이브이벤트,SHINee (샤이니) 뮤직웨이브 이벤트,2025-05-26 12:00,2025-06-01 23:59,여,50대,1124,299,38,12.71,2,5.26
220,100065,뮤직웨이브이벤트,SHINee (샤이니) 뮤직웨이브 이벤트,2025-05-26 12:00,2025-06-01 23:59,여,60대이상,194,100,4,4.0,0,0.0
221,100065,뮤직웨이브이벤트,📌 Hearts2Hearts (하츠투하츠) 뮤직웨이브 채팅 이벤트,2025-06-04 12:00,2025-06-09 23:59,남,10대이하,427,309,23,7.44,2,8.7
221,100065,뮤직웨이브이벤트,📌 Hearts2Hearts (하츠투하츠) 뮤직웨이브 채팅 이벤트,2025-06-04 12:00,2025-06-09 23:59,남,20대,1018,741,34,4.59,4,11.76
221,100065,뮤직웨이브이벤트,📌 Hearts2Hearts (하츠투하츠) 뮤직웨이브 채팅 이벤트,2025-06-04 12:00,2025-06-09 23:59,남,30대,1270,901,36,4.0,2,5.56
221,100065,뮤직웨이브이벤트,📌 Hearts2Hearts (하츠투하츠) 뮤직웨이브 채팅 이벤트,2025-06-04 12:00,2025-06-09 23:59,남,40대,1607,1090,90,8.26,1,1.11
221,100065,뮤직웨이브이벤트,📌 Hearts2Hearts (하츠투하츠) 뮤직웨이브 채팅 이벤트,2025-06-04 12:00,2025-06-09 23:59,남,50대,654,508,14,2.76,0,0.0
221,100065,뮤직웨이브이벤트,📌 Hearts2Hearts (하츠투하츠) 뮤직웨이브 채팅 이벤트,2025-06-04 12:00,2025-06-09 23:59,남,60대이상,153,115,4,3.48,0,0.0
221,100065,뮤직웨이브이벤트,📌 Hearts2Hearts (하츠투하츠) 뮤직웨이브 채팅 이벤트,2025-06-04 12:00,2025-06-09 23:59,여,10대이하,1374,1040,147,14.13,8,5.44
221,100065,뮤직웨이브이벤트,📌 Hearts2Hearts (하츠투하츠) 뮤직웨이브 채팅 이벤트,2025-06-04 12:00,2025-06-09 23:59,여,20대,1885,1530,79,5.16,4,5.06
221,100065,뮤직웨이브이벤트,📌 Hearts2Hearts (하츠투하츠) 뮤직웨이브 채팅 이벤트,2025-06-04 12:00,2025-06-09 23:59,여,30대,1593,1261,59,4.68,2,3.39
221,100065,뮤직웨이브이벤트,📌 Hearts2Hearts (하츠투하츠) 뮤직웨이브 채팅 이벤트,2025-06-04 12:00,2025-06-09 23:59,여,40대,2523,1855,142,7.65,1,0.7
221,100065,뮤직웨이브이벤트,📌 Hearts2Hearts (하츠투하츠) 뮤직웨이브 채팅 이벤트,2025-06-04 12:00,2025-06-09 23:59,여,50대,856,654,29,4.43,0,0.0
221,100065,뮤직웨이브이벤트,📌 Hearts2Hearts (하츠투하츠) 뮤직웨이브 채팅 이벤트,2025-06-04 12:00,2025-06-09 23:59,여,60대이상,298,218,6,2.75,0,0.0
222,100065,뮤직웨이브이벤트,🧛엔하이픈 뮤직웨이브 EVENT!,2025-06-05 13:00,2025-06-18 23:59,남,10대이하,318,238,16,6.72,2,12.5
222,100065,뮤직웨이브이벤트,🧛엔하이픈 뮤직웨이브 EVENT!,2025-06-05 13:00,2025-06-18 23:59,남,20대,683,541,15,2.77,0,0.0
222,100065,뮤직웨이브이벤트,🧛엔하이픈 뮤직웨이브 EVENT!,2025-06-05 13:00,2025-06-18 23:59,남,30대,736,554,21,3.79,0,0.0
222,100065,뮤직웨이브이벤트,🧛엔하이픈 뮤직웨이브 EVENT!,2025-06-05 13:00,2025-06-18 23:59,남,40대,1233,735,90,12.24,0,0.0
222,100065,뮤직웨이브이벤트,🧛엔하이픈 뮤직웨이브 EVENT!,2025-06-05 13:00,2025-06-18 23:59,남,50대,822,417,37,8.87,3,8.11
222,100065,뮤직웨이브이벤트,🧛엔하이픈 뮤직웨이브 EVENT!,2025-06-05 13:00,2025-06-18 23:59,남,60대이상,179,112,6,5.36,1,16.67
222,100065,뮤직웨이브이벤트,🧛엔하이픈 뮤직웨이브 EVENT!,2025-06-05 13:00,2025-06-18 23:59,여,10대이하,4534,1704,554,32.51,68,12.27
222,100065,뮤직웨이브이벤트,🧛엔하이픈 뮤직웨이브 EVENT!,2025-06-05 13:00,2025-06-18 23:59,여,20대,6535,1826,503,27.55,51,10.14
222,100065,뮤직웨이브이벤트,🧛엔하이픈 뮤직웨이브 EVENT!,2025-06-05 13:00,2025-06-18 23:59,여,30대,1968,1115,138,12.38,12,8.7
222,100065,뮤직웨이브이벤트,🧛엔하이픈 뮤직웨이브 EVENT!,2025-06-05 13:00,2025-06-18 23:59,여,40대,3266,1633,272,16.66,17,6.25
222,100065,뮤직웨이브이벤트,🧛엔하이픈 뮤직웨이브 EVENT!,2025-06-05 13:00,2025-06-18 23:59,여,50대,1468,658,99,15.05,6,6.06
222,100065,뮤직웨이브이벤트,🧛엔하이픈 뮤직웨이브 EVENT!,2025-06-05 13:00,2025-06-18 23:59,여,60대이상,256,166,14,8.43,2,14.29
224,100065,뮤직웨이브이벤트,💋KISS OF LIFE 컴백! 뮤직웨이브 이벤트!,2025-06-09 18:00,2025-06-22 23:59,남,10대이하,695,439,86,19.59,15,17.44
224,100065,뮤직웨이브이벤트,💋KISS OF LIFE 컴백! 뮤직웨이브 이벤트!,2025-06-09 18:00,2025-06-22 23:59,남,20대,1132,864,78,9.03,6,7.69
224,100065,뮤직웨이브이벤트,💋KISS OF LIFE 컴백! 뮤직웨이브 이벤트!,2025-06-09 18:00,2025-06-22 23:59,남,30대,1172,835,53,6.35,4,7.55
224,100065,뮤직웨이브이벤트,💋KISS OF LIFE 컴백! 뮤직웨이브 이벤트!,2025-06-09 18:00,2025-06-22 23:59,남,40대,1401,931,104,11.17,2,1.92
224,100065,뮤직웨이브이벤트,💋KISS OF LIFE 컴백! 뮤직웨이브 이벤트!,2025-06-09 18:00,2025-06-22 23:59,남,50대,501,390,25,6.41,2,8.0
224,100065,뮤직웨이브이벤트,💋KISS OF LIFE 컴백! 뮤직웨이브 이벤트!,2025-06-09 18:00,2025-06-22 23:59,남,60대이상,140,116,4,3.45,0,0.0
224,100065,뮤직웨이브이벤트,💋KISS OF LIFE 컴백! 뮤직웨이브 이벤트!,2025-06-09 18:00,2025-06-22 23:59,여,10대이하,1481,795,165,20.75,14,8.48
224,100065,뮤직웨이브이벤트,💋KISS OF LIFE 컴백! 뮤직웨이브 이벤트!,2025-06-09 18:00,2025-06-22 23:59,여,20대,1922,1416,145,10.24,16,11.03
224,100065,뮤직웨이브이벤트,💋KISS OF LIFE 컴백! 뮤직웨이브 이벤트!,2025-06-09 18:00,2025-06-22 23:59,여,30대,1448,1168,46,3.94,6,13.04
224,100065,뮤직웨이브이벤트,💋KISS OF LIFE 컴백! 뮤직웨이브 이벤트!,2025-06-09 18:00,2025-06-22 23:59,여,40대,2138,1484,173,11.66,3,1.73
224,100065,뮤직웨이브이벤트,💋KISS OF LIFE 컴백! 뮤직웨이브 이벤트!,2025-06-09 18:00,2025-06-22 23:59,여,50대,708,538,30,5.58,0,0.0
224,100065,뮤직웨이브이벤트,💋KISS OF LIFE 컴백! 뮤직웨이브 이벤트!,2025-06-09 18:00,2025-06-22 23:59,여,60대이상,210,153,7,4.58,1,14.29
225,100065,뮤직웨이브이벤트,QWER 뮤직웨이브 이벤트,2025-06-09 18:00,2025-06-22 23:59,남,10대이하,3532,1113,248,22.28,44,17.74
225,100065,뮤직웨이브이벤트,QWER 뮤직웨이브 이벤트,2025-06-09 18:00,2025-06-22 23:59,남,20대,5595,2544,484,19.03,88,18.18
225,100065,뮤직웨이브이벤트,QWER 뮤직웨이브 이벤트,2025-06-09 18:00,2025-06-22 23:59,남,30대,7335,2597,631,24.3,123,19.49
225,100065,뮤직웨이브이벤트,QWER 뮤직웨이브 이벤트,2025-06-09 18:00,2025-06-22 23:59,남,40대,4774,1960,434,22.14,69,15.9
225,100065,뮤직웨이브이벤트,QWER 뮤직웨이브 이벤트,2025-06-09 18:00,2025-06-22 23:59,남,50대,1399,659,71,10.77,19,26.76
225,100065,뮤직웨이브이벤트,QWER 뮤직웨이브 이벤트,2025-06-09 18:00,2025-06-22 23:59,남,60대이상,191,129,14,10.85,1,7.14
225,100065,뮤직웨이브이벤트,QWER 뮤직웨이브 이벤트,2025-06-09 18:00,2025-06-22 23:59,여,10대이하,1106,856,74,8.64,9,12.16
225,100065,뮤직웨이브이벤트,QWER 뮤직웨이브 이벤트,2025-06-09 18:00,2025-06-22 23:59,여,20대,2464,1794,111,6.19,13,11.71
225,100065,뮤직웨이브이벤트,QWER 뮤직웨이브 이벤트,2025-06-09 18:00,2025-06-22 23:59,여,30대,2597,1730,112,6.47,8,7.14
225,100065,뮤직웨이브이벤트,QWER 뮤직웨이브 이벤트,2025-06-09 18:00,2025-06-22 23:59,여,40대,3570,2260,261,11.55,14,5.36
225,100065,뮤직웨이브이벤트,QWER 뮤직웨이브 이벤트,2025-06-09 18:00,2025-06-22 23:59,여,50대,1056,752,38,5.05,3,7.89
225,100065,뮤직웨이브이벤트,QWER 뮤직웨이브 이벤트,2025-06-09 18:00,2025-06-22 23:59,여,60대이상,326,207,7,3.38,2,28.57
226,100065,뮤직웨이브이벤트,📌 도영 (DOYOUNG)뮤직웨이브 이벤트,2025-06-09 18:00,2025-06-15 23:59,남,10대이하,481,404,19,4.7,2,10.53
226,100065,뮤직웨이브이벤트,📌 도영 (DOYOUNG)뮤직웨이브 이벤트,2025-06-09 18:00,2025-06-15 23:59,남,20대,1367,1092,27,2.47,4,14.81
226,100065,뮤직웨이브이벤트,📌 도영 (DOYOUNG)뮤직웨이브 이벤트,2025-06-09 18:00,2025-06-15 23:59,남,30대,1642,1077,31,2.88,3,9.68
226,100065,뮤직웨이브이벤트,📌 도영 (DOYOUNG)뮤직웨이브 이벤트,2025-06-09 18:00,2025-06-15 23:59,남,40대,2013,1242,118,9.5,8,6.78
226,100065,뮤직웨이브이벤트,📌 도영 (DOYOUNG)뮤직웨이브 이벤트,2025-06-09 18:00,2025-06-15 23:59,남,50대,1550,781,95,12.16,2,2.11
226,100065,뮤직웨이브이벤트,📌 도영 (DOYOUNG)뮤직웨이브 이벤트,2025-06-09 18:00,2025-06-15 23:59,남,60대이상,311,209,16,7.66,2,12.5
226,100065,뮤직웨이브이벤트,📌 도영 (DOYOUNG)뮤직웨이브 이벤트,2025-06-09 18:00,2025-06-15 23:59,여,10대이하,9544,3295,978,29.68,151,15.44
226,100065,뮤직웨이브이벤트,📌 도영 (DOYOUNG)뮤직웨이브 이벤트,2025-06-09 18:00,2025-06-15 23:59,여,20대,12949,4866,1268,26.06,230,18.14
226,100065,뮤직웨이브이벤트,📌 도영 (DOYOUNG)뮤직웨이브 이벤트,2025-06-09 18:00,2025-06-15 23:59,여,30대,7811,2749,538,19.57,88,16.36
226,100065,뮤직웨이브이벤트,📌 도영 (DOYOUNG)뮤직웨이브 이벤트,2025-06-09 18:00,2025-06-15 23:59,여,40대,6091,2808,362,12.89,25,6.91
226,100065,뮤직웨이브이벤트,📌 도영 (DOYOUNG)뮤직웨이브 이벤트,2025-06-09 18:00,2025-06-15 23:59,여,50대,2116,1156,124,10.73,12,9.68
226,100065,뮤직웨이브이벤트,📌 도영 (DOYOUNG)뮤직웨이브 이벤트,2025-06-09 18:00,2025-06-15 23:59,여,60대이상,574,281,17,6.05,6,35.29
228,100065,뮤직웨이브이벤트,Hearts2Hearts (하츠투하츠)의 뮤직웨이브,2025-06-18 15:00,2025-06-18 18:00,남,10대이하,715,495,32,6.46,2,6.25
228,100065,뮤직웨이브이벤트,Hearts2Hearts (하츠투하츠)의 뮤직웨이브,2025-06-18 15:00,2025-06-18 18:00,남,20대,1416,1034,53,5.13,1,1.89
228,100065,뮤직웨이브이벤트,Hearts2Hearts (하츠투하츠)의 뮤직웨이브,2025-06-18 15:00,2025-06-18 18:00,남,30대,1242,899,44,4.89,2,4.55
228,100065,뮤직웨이브이벤트,Hearts2Hearts (하츠투하츠)의 뮤직웨이브,2025-06-18 15:00,2025-06-18 18:00,남,40대,1663,1195,95,7.95,0,0.0
228,100065,뮤직웨이브이벤트,Hearts2Hearts (하츠투하츠)의 뮤직웨이브,2025-06-18 15:00,2025-06-18 18:00,남,50대,568,472,18,3.81,0,0.0
228,100065,뮤직웨이브이벤트,Hearts2Hearts (하츠투하츠)의 뮤직웨이브,2025-06-18 15:00,2025-06-18 18:00,남,60대이상,120,89,2,2.25,0,0.0
228,100065,뮤직웨이브이벤트,Hearts2Hearts (하츠투하츠)의 뮤직웨이브,2025-06-18 15:00,2025-06-18 18:00,여,10대이하,1910,1375,186,13.53,7,3.76
228,100065,뮤직웨이브이벤트,Hearts2Hearts (하츠투하츠)의 뮤직웨이브,2025-06-18 15:00,2025-06-18 18:00,여,20대,2315,1862,131,7.04,6,4.58
228,100065,뮤직웨이브이벤트,Hearts2Hearts (하츠투하츠)의 뮤직웨이브,2025-06-18 15:00,2025-06-18 18:00,여,30대,1738,1321,67,5.07,3,4.48
228,100065,뮤직웨이브이벤트,Hearts2Hearts (하츠투하츠)의 뮤직웨이브,2025-06-18 15:00,2025-06-18 18:00,여,40대,2711,2012,161,8.0,4,2.48
228,100065,뮤직웨이브이벤트,Hearts2Hearts (하츠투하츠)의 뮤직웨이브,2025-06-18 15:00,2025-06-18 18:00,여,50대,860,625,21,3.36,1,4.76
228,100065,뮤직웨이브이벤트,Hearts2Hearts (하츠투하츠)의 뮤직웨이브,2025-06-18 15:00,2025-06-18 18:00,여,60대이상,244,164,6,3.66,0,0.0
229,100065,뮤직웨이브이벤트,프로미스나인의 뮤직웨이브,2025-06-25 14:30,2025-06-25 18:00,남,10대이하,9887,2851,734,25.75,114,15.53
229,100065,뮤직웨이브이벤트,프로미스나인의 뮤직웨이브,2025-06-25 14:30,2025-06-25 18:00,남,20대,7879,3101,609,19.64,115,18.88
229,100065,뮤직웨이브이벤트,프로미스나인의 뮤직웨이브,2025-06-25 14:30,2025-06-25 18:00,남,30대,4535,1831,312,17.04,63,20.19
229,100065,뮤직웨이브이벤트,프로미스나인의 뮤직웨이브,2025-06-25 14:30,2025-06-25 18:00,남,40대,3440,1785,200,11.2,9,4.5
229,100065,뮤직웨이브이벤트,프로미스나인의 뮤직웨이브,2025-06-25 14:30,2025-06-25 18:00,남,50대,1617,753,71,9.43,1,1.41
229,100065,뮤직웨이브이벤트,프로미스나인의 뮤직웨이브,2025-06-25 14:30,2025-06-25 18:00,남,60대이상,238,141,14,9.93,0,0.0
229,100065,뮤직웨이브이벤트,프로미스나인의 뮤직웨이브,2025-06-25 14:30,2025-06-25 18:00,여,10대이하,2343,1372,146,10.64,8,5.48
229,100065,뮤직웨이브이벤트,프로미스나인의 뮤직웨이브,2025-06-25 14:30,2025-06-25 18:00,여,20대,2581,1839,102,5.55,18,17.65
229,100065,뮤직웨이브이벤트,프로미스나인의 뮤직웨이브,2025-06-25 14:30,2025-06-25 18:00,여,30대,1919,1382,68,4.92,2,2.94
229,100065,뮤직웨이브이벤트,프로미스나인의 뮤직웨이브,2025-06-25 14:30,2025-06-25 18:00,여,40대,5731,3012,333,11.06,5,1.5
229,100065,뮤직웨이브이벤트,프로미스나인의 뮤직웨이브,2025-06-25 14:30,2025-06-25 18:00,여,50대,1701,992,63,6.35,3,4.76
229,100065,뮤직웨이브이벤트,프로미스나인의 뮤직웨이브,2025-06-25 14:30,2025-06-25 18:00,여,60대이상,452,235,11,4.68,1,9.09
230,100065,뮤직웨이브이벤트,📌 j-hope 뮤직웨이브 이벤트,2025-06-14 23:00,2025-06-22 23:59,남,10대이하,148,90,10,11.11,0,0.0
230,100065,뮤직웨이브이벤트,📌 j-hope 뮤직웨이브 이벤트,2025-06-14 23:00,2025-06-22 23:59,남,20대,254,203,16,7.88,1,6.25
230,100065,뮤직웨이브이벤트,📌 j-hope 뮤직웨이브 이벤트,2025-06-14 23:00,2025-06-22 23:59,남,30대,426,198,15,7.58,0,0.0
230,100065,뮤직웨이브이벤트,📌 j-hope 뮤직웨이브 이벤트,2025-06-14 23:00,2025-06-22 23:59,남,40대,326,256,22,8.59,0,0.0
230,100065,뮤직웨이브이벤트,📌 j-hope 뮤직웨이브 이벤트,2025-06-14 23:00,2025-06-22 23:59,남,50대,240,166,17,10.24,1,5.88
230,100065,뮤직웨이브이벤트,📌 j-hope 뮤직웨이브 이벤트,2025-06-14 23:00,2025-06-22 23:59,남,60대이상,64,41,4,9.76,0,0.0
230,100065,뮤직웨이브이벤트,📌 j-hope 뮤직웨이브 이벤트,2025-06-14 23:00,2025-06-22 23:59,여,10대이하,835,547,132,24.13,8,6.06
230,100065,뮤직웨이브이벤트,📌 j-hope 뮤직웨이브 이벤트,2025-06-14 23:00,2025-06-22 23:59,여,20대,1505,838,197,23.51,11,5.58
230,100065,뮤직웨이브이벤트,📌 j-hope 뮤직웨이브 이벤트,2025-06-14 23:00,2025-06-22 23:59,여,30대,1831,808,239,29.58,11,4.6
230,100065,뮤직웨이브이벤트,📌 j-hope 뮤직웨이브 이벤트,2025-06-14 23:00,2025-06-22 23:59,여,40대,2432,1079,276,25.58,14,5.07
230,100065,뮤직웨이브이벤트,📌 j-hope 뮤직웨이브 이벤트,2025-06-14 23:00,2025-06-22 23:59,여,50대,1060,430,95,22.09,4,4.21
230,100065,뮤직웨이브이벤트,📌 j-hope 뮤직웨이브 이벤트,2025-06-14 23:00,2025-06-22 23:59,여,60대이상,111,80,11,13.75,0,0.0
231,100065,뮤직웨이브이벤트,NCT 도영 콘서트 뒤풀이방💚,2025-06-16 12:00,2025-06-22 23:59,남,10대이하,137,127,6,4.72,0,0.0
231,100065,뮤직웨이브이벤트,NCT 도영 콘서트 뒤풀이방💚,2025-06-16 12:00,2025-06-22 23:59,남,20대,540,380,29,7.63,1,3.45
231,100065,뮤직웨이브이벤트,NCT 도영 콘서트 뒤풀이방💚,2025-06-16 12:00,2025-06-22 23:59,남,30대,561,340,18,5.29,0,0.0
231,100065,뮤직웨이브이벤트,NCT 도영 콘서트 뒤풀이방💚,2025-06-16 12:00,2025-06-22 23:59,남,40대,774,493,63,12.78,1,1.59
231,100065,뮤직웨이브이벤트,NCT 도영 콘서트 뒤풀이방💚,2025-06-16 12:00,2025-06-22 23:59,남,50대,691,327,66,20.18,0,0.0
231,100065,뮤직웨이브이벤트,NCT 도영 콘서트 뒤풀이방💚,2025-06-16 12:00,2025-06-22 23:59,남,60대이상,194,93,18,19.35,1,5.56
231,100065,뮤직웨이브이벤트,NCT 도영 콘서트 뒤풀이방💚,2025-06-16 12:00,2025-06-22 23:59,여,10대이하,4992,1869,673,36.01,46,6.84
231,100065,뮤직웨이브이벤트,NCT 도영 콘서트 뒤풀이방💚,2025-06-16 12:00,2025-06-22 23:59,여,20대,7797,2711,1098,40.5,61,5.56
231,100065,뮤직웨이브이벤트,NCT 도영 콘서트 뒤풀이방💚,2025-06-16 12:00,2025-06-22 23:59,여,30대,5319,1426,466,32.68,24,5.15
231,100065,뮤직웨이브이벤트,NCT 도영 콘서트 뒤풀이방💚,2025-06-16 12:00,2025-06-22 23:59,여,40대,2742,1170,216,18.46,3,1.39
231,100065,뮤직웨이브이벤트,NCT 도영 콘서트 뒤풀이방💚,2025-06-16 12:00,2025-06-22 23:59,여,50대,1154,518,98,18.92,0,0.0
231,100065,뮤직웨이브이벤트,NCT 도영 콘서트 뒤풀이방💚,2025-06-16 12:00,2025-06-22 23:59,여,60대이상,341,166,21,12.65,1,4.76
232,100065,뮤직웨이브이벤트,📢 ILLIT 뮤직웨이브 이벤트,2025-06-16 18:00,2025-06-25 23:59,남,10대이하,954,470,87,18.51,15,17.24
232,100065,뮤직웨이브이벤트,📢 ILLIT 뮤직웨이브 이벤트,2025-06-16 18:00,2025-06-25 23:59,남,20대,1941,1048,145,13.84,18,12.41
232,100065,뮤직웨이브이벤트,📢 ILLIT 뮤직웨이브 이벤트,2025-06-16 18:00,2025-06-25 23:59,남,30대,1415,917,69,7.52,8,11.59
232,100065,뮤직웨이브이벤트,📢 ILLIT 뮤직웨이브 이벤트,2025-06-16 18:00,2025-06-25 23:59,남,40대,1459,952,115,12.08,1,0.87
232,100065,뮤직웨이브이벤트,📢 ILLIT 뮤직웨이브 이벤트,2025-06-16 18:00,2025-06-25 23:59,남,50대,690,473,41,8.67,4,9.76
232,100065,뮤직웨이브이벤트,📢 ILLIT 뮤직웨이브 이벤트,2025-06-16 18:00,2025-06-25 23:59,남,60대이상,207,116,7,6.03,1,14.29
232,100065,뮤직웨이브이벤트,📢 ILLIT 뮤직웨이브 이벤트,2025-06-16 18:00,2025-06-25 23:59,여,10대이하,2367,1092,262,23.99,48,18.32
232,100065,뮤직웨이브이벤트,📢 ILLIT 뮤직웨이브 이벤트,2025-06-16 18:00,2025-06-25 23:59,여,20대,2701,1679,255,15.19,45,17.65
232,100065,뮤직웨이브이벤트,📢 ILLIT 뮤직웨이브 이벤트,2025-06-16 18:00,2025-06-25 23:59,여,30대,1557,1140,73,6.4,5,6.85
232,100065,뮤직웨이브이벤트,📢 ILLIT 뮤직웨이브 이벤트,2025-06-16 18:00,2025-06-25 23:59,여,40대,2330,1523,161,10.57,7,4.35
232,100065,뮤직웨이브이벤트,📢 ILLIT 뮤직웨이브 이벤트,2025-06-16 18:00,2025-06-25 23:59,여,50대,906,602,43,7.14,1,2.33
232,100065,뮤직웨이브이벤트,📢 ILLIT 뮤직웨이브 이벤트,2025-06-16 18:00,2025-06-25 23:59,여,60대이상,282,193,7,3.63,0,0.0
233,100065,뮤직웨이브이벤트,❤️Hearts2Hearts (하츠투하츠) 뮤직웨이브 채팅 이벤트,2025-06-18 18:00,2025-06-30 23:59,남,10대이하,1056,622,51,8.2,6,11.76
233,100065,뮤직웨이브이벤트,❤️Hearts2Hearts (하츠투하츠) 뮤직웨이브 채팅 이벤트,2025-06-18 18:00,2025-06-30 23:59,남,20대,2231,1347,80,5.94,10,12.5
233,100065,뮤직웨이브이벤트,❤️Hearts2Hearts (하츠투하츠) 뮤직웨이브 채팅 이벤트,2025-06-18 18:00,2025-06-30 23:59,남,30대,2144,1278,54,4.23,3,5.56
233,100065,뮤직웨이브이벤트,❤️Hearts2Hearts (하츠투하츠) 뮤직웨이브 채팅 이벤트,2025-06-18 18:00,2025-06-30 23:59,남,40대,2574,1563,108,6.91,1,0.93
233,100065,뮤직웨이브이벤트,❤️Hearts2Hearts (하츠투하츠) 뮤직웨이브 채팅 이벤트,2025-06-18 18:00,2025-06-30 23:59,남,50대,838,677,32,4.73,3,9.38
233,100065,뮤직웨이브이벤트,❤️Hearts2Hearts (하츠투하츠) 뮤직웨이브 채팅 이벤트,2025-06-18 18:00,2025-06-30 23:59,남,60대이상,219,158,4,2.53,0,0.0
233,100065,뮤직웨이브이벤트,❤️Hearts2Hearts (하츠투하츠) 뮤직웨이브 채팅 이벤트,2025-06-18 18:00,2025-06-30 23:59,여,10대이하,3012,1769,258,14.58,20,7.75
233,100065,뮤직웨이브이벤트,❤️Hearts2Hearts (하츠투하츠) 뮤직웨이브 채팅 이벤트,2025-06-18 18:00,2025-06-30 23:59,여,20대,3264,2424,166,6.85,16,9.64
233,100065,뮤직웨이브이벤트,❤️Hearts2Hearts (하츠투하츠) 뮤직웨이브 채팅 이벤트,2025-06-18 18:00,2025-06-30 23:59,여,30대,2547,1839,81,4.4,4,4.94
233,100065,뮤직웨이브이벤트,❤️Hearts2Hearts (하츠투하츠) 뮤직웨이브 채팅 이벤트,2025-06-18 18:00,2025-06-30 23:59,여,40대,3677,2595,198,7.63,12,6.06
233,100065,뮤직웨이브이벤트,❤️Hearts2Hearts (하츠투하츠) 뮤직웨이브 채팅 이벤트,2025-06-18 18:00,2025-06-30 23:59,여,50대,1286,897,30,3.34,2,6.67
233,100065,뮤직웨이브이벤트,❤️Hearts2Hearts (하츠투하츠) 뮤직웨이브 채팅 이벤트,2025-06-18 18:00,2025-06-30 23:59,여,60대이상,382,265,10,3.77,0,0.0
237,100065,뮤직웨이브이벤트,📢 ILLIT 뮤직웨이브 이벤트,2025-06-26 00:00,2025-06-26 23:59,남,10대이하,157,98,11,11.22,0,0.0
237,100065,뮤직웨이브이벤트,📢 ILLIT 뮤직웨이브 이벤트,2025-06-26 00:00,2025-06-26 23:59,남,20대,141,100,18,18.0,0,0.0
237,100065,뮤직웨이브이벤트,📢 ILLIT 뮤직웨이브 이벤트,2025-06-26 00:00,2025-06-26 23:59,남,30대,96,71,4,5.63,0,0.0
237,100065,뮤직웨이브이벤트,📢 ILLIT 뮤직웨이브 이벤트,2025-06-26 00:00,2025-06-26 23:59,남,40대,216,159,22,13.84,0,0.0
237,100065,뮤직웨이브이벤트,📢 ILLIT 뮤직웨이브 이벤트,2025-06-26 00:00,2025-06-26 23:59,남,50대,65,53,8,15.09,0,0.0
237,100065,뮤직웨이브이벤트,📢 ILLIT 뮤직웨이브 이벤트,2025-06-26 00:00,2025-06-26 23:59,남,60대이상,25,13,1,7.69,0,0.0
237,100065,뮤직웨이브이벤트,📢 ILLIT 뮤직웨이브 이벤트,2025-06-26 00:00,2025-06-26 23:59,여,10대이하,310,204,38,18.63,0,0.0
237,100065,뮤직웨이브이벤트,📢 ILLIT 뮤직웨이브 이벤트,2025-06-26 00:00,2025-06-26 23:59,여,20대,253,174,37,21.26,0,0.0
237,100065,뮤직웨이브이벤트,📢 ILLIT 뮤직웨이브 이벤트,2025-06-26 00:00,2025-06-26 23:59,여,30대,129,103,11,10.68,0,0.0
237,100065,뮤직웨이브이벤트,📢 ILLIT 뮤직웨이브 이벤트,2025-06-26 00:00,2025-06-26 23:59,여,40대,376,302,34,11.26,0,0.0
237,100065,뮤직웨이브이벤트,📢 ILLIT 뮤직웨이브 이벤트,2025-06-26 00:00,2025-06-26 23:59,여,50대,144,84,10,11.9,0,0.0
237,100065,뮤직웨이브이벤트,📢 ILLIT 뮤직웨이브 이벤트,2025-06-26 00:00,2025-06-26 23:59,여,60대이상,118,45,1,2.22,0,0.0
